2025-11-04T16:35:08.189-03:00  INFO 14028 --- [Proyecto-Venta] [main] c.d.p.ProyectoVentaApplication           : Starting ProyectoVentaApplication using Java 24 with PID 14028 (C:\Users\Usuario\IdeaProjects\Distri\SistemaWebYDistribuido\Proyecto-Venta\target\classes started by Usuario in C:\Users\Usuario\IdeaProjects\Distri\SistemaWebYDistribuido\Proyecto-Venta)
2025-11-04T16:35:08.194-03:00  INFO 14028 --- [Proyecto-Venta] [main] c.d.p.ProyectoVentaApplication           : No active profile set, falling back to 1 default profile: "default"
2025-11-04T16:35:09.042-03:00  INFO 14028 --- [Proyecto-Venta] [main] .s.d.r.c.RepositoryConfigurationDelegate : Bootstrapping Spring Data JPA repositories in DEFAULT mode.
2025-11-04T16:35:09.207-03:00  INFO 14028 --- [Proyecto-Venta] [main] .s.d.r.c.RepositoryConfigurationDelegate : Finished Spring Data repository scanning in 156 ms. Found 8 JPA repository interfaces.
2025-11-04T16:35:09.355-03:00  INFO 14028 --- [Proyecto-Venta] [main] o.s.cloud.context.scope.GenericScope     : BeanFactory id=01235d07-0bc7-3f81-a0a7-e4e7bced9c96
2025-11-04T16:35:09.697-03:00  INFO 14028 --- [Proyecto-Venta] [main] o.s.b.w.embedded.tomcat.TomcatWebServer  : Tomcat initialized with port 8081 (http)
2025-11-04T16:35:09.710-03:00  INFO 14028 --- [Proyecto-Venta] [main] o.apache.catalina.core.StandardService   : Starting service [Tomcat]
2025-11-04T16:35:09.710-03:00  INFO 14028 --- [Proyecto-Venta] [main] o.apache.catalina.core.StandardEngine    : Starting Servlet engine: [Apache Tomcat/10.1.44]
2025-11-04T16:35:09.785-03:00  INFO 14028 --- [Proyecto-Venta] [main] o.a.c.c.C.[Tomcat].[localhost].[/]       : Initializing Spring embedded WebApplicationContext
2025-11-04T16:35:09.785-03:00  INFO 14028 --- [Proyecto-Venta] [main] w.s.c.ServletWebServerApplicationContext : Root WebApplicationContext: initialization completed in 1551 ms
2025-11-04T16:35:09.930-03:00  INFO 14028 --- [Proyecto-Venta] [main] com.zaxxer.hikari.HikariDataSource       : HikariPool-1 - Starting...
2025-11-04T16:35:12.073-03:00  INFO 14028 --- [Proyecto-Venta] [main] com.zaxxer.hikari.pool.HikariPool        : HikariPool-1 - Added connection org.postgresql.jdbc.PgConnection@7f305f34
2025-11-04T16:35:12.074-03:00  INFO 14028 --- [Proyecto-Venta] [main] com.zaxxer.hikari.HikariDataSource       : HikariPool-1 - Start completed.
2025-11-04T16:35:13.525-03:00  INFO 14028 --- [Proyecto-Venta] [main] liquibase.database                       : Set default schema name to public
2025-11-04T16:35:14.740-03:00  INFO 14028 --- [Proyecto-Venta] [main] liquibase.changelog                      : Reading from public.databasechangelog
2025-11-04T16:35:16.951-03:00  INFO 14028 --- [Proyecto-Venta] [main] liquibase.ui                             : Database is up to date, no changesets to execute
2025-11-04T16:35:17.140-03:00  INFO 14028 --- [Proyecto-Venta] [main] liquibase.changelog                      : Reading from public.databasechangelog
2025-11-04T16:35:17.515-03:00  INFO 14028 --- [Proyecto-Venta] [main] liquibase.util                           : UPDATE SUMMARY
2025-11-04T16:35:17.516-03:00  INFO 14028 --- [Proyecto-Venta] [main] liquibase.util                           : Run:                          0
2025-11-04T16:35:17.516-03:00  INFO 14028 --- [Proyecto-Venta] [main] liquibase.util                           : Previously run:              21
2025-11-04T16:35:17.516-03:00  INFO 14028 --- [Proyecto-Venta] [main] liquibase.util                           : Filtered out:                 0
2025-11-04T16:35:17.516-03:00  INFO 14028 --- [Proyecto-Venta] [main] liquibase.util                           : -------------------------------
2025-11-04T16:35:17.516-03:00  INFO 14028 --- [Proyecto-Venta] [main] liquibase.util                           : Total change sets:           21
2025-11-04T16:35:17.517-03:00  INFO 14028 --- [Proyecto-Venta] [main] liquibase.util                           : Update summary generated
2025-11-04T16:35:17.518-03:00  INFO 14028 --- [Proyecto-Venta] [main] liquibase.command                        : Command execution complete
2025-11-04T16:35:19.326-03:00  INFO 14028 --- [Proyecto-Venta] [main] o.hibernate.jpa.internal.util.LogHelper  : HHH000204: Processing PersistenceUnitInfo [name: default]
2025-11-04T16:35:19.397-03:00  INFO 14028 --- [Proyecto-Venta] [main] org.hibernate.Version                    : HHH000412: Hibernate ORM core version 6.6.26.Final
2025-11-04T16:35:19.439-03:00  INFO 14028 --- [Proyecto-Venta] [main] o.h.c.internal.RegionFactoryInitiator    : HHH000026: Second-level cache disabled
2025-11-04T16:35:19.768-03:00  INFO 14028 --- [Proyecto-Venta] [main] o.s.o.j.p.SpringPersistenceUnitInfo      : No LoadTimeWeaver setup: ignoring JPA class transformer
2025-11-04T16:35:20.610-03:00  INFO 14028 --- [Proyecto-Venta] [main] org.hibernate.orm.connections.pooling    : HHH10001005: Database info:
	Database JDBC URL [Connecting through datasource 'HikariDataSource (HikariPool-1)']
	Database driver: undefined/unknown
	Database version: 17.6
	Autocommit mode: undefined/unknown
	Isolation level: undefined/unknown
	Minimum pool size: undefined/unknown
	Maximum pool size: undefined/unknown
2025-11-04T16:35:21.928-03:00  INFO 14028 --- [Proyecto-Venta] [main] o.h.e.t.j.p.i.JtaPlatformInitiator       : HHH000489: No JTA platform available (set 'hibernate.transaction.jta.platform' to enable JTA platform integration)
2025-11-04T16:35:21.931-03:00  INFO 14028 --- [Proyecto-Venta] [main] j.LocalContainerEntityManagerFactoryBean : Initialized JPA EntityManagerFactory for persistence unit 'default'
2025-11-04T16:35:22.317-03:00  INFO 14028 --- [Proyecto-Venta] [main] o.s.d.j.r.query.QueryEnhancerFactory     : Hibernate is in classpath; If applicable, HQL parser will be used.
2025-11-04T16:35:23.237-03:00  WARN 14028 --- [Proyecto-Venta] [main] JpaBaseConfiguration$JpaWebConfiguration : spring.jpa.open-in-view is enabled by default. Therefore, database queries may be performed during view rendering. Explicitly configure spring.jpa.open-in-view to disable this warning
2025-11-04T16:35:24.687-03:00  INFO 14028 --- [Proyecto-Venta] [main] o.s.cloud.commons.util.InetUtils         : Cannot determine local hostname
2025-11-04T16:35:25.707-03:00  INFO 14028 --- [Proyecto-Venta] [main] o.s.cloud.commons.util.InetUtils         : Cannot determine local hostname
2025-11-04T16:35:25.723-03:00  INFO 14028 --- [Proyecto-Venta] [main] DiscoveryClientOptionalArgsConfiguration : Eureka HTTP Client uses RestTemplate.
2025-11-04T16:35:25.759-03:00  WARN 14028 --- [Proyecto-Venta] [main] iguration$LoadBalancerCaffeineWarnLogger : Spring Cloud LoadBalancer is currently working with the default cache. While this cache implementation is useful for development and tests, it's recommended to use Caffeine cache in production.You can switch to using Caffeine cache, by adding it and org.springframework.cache.caffeine.CaffeineCacheManager to the classpath.
2025-11-04T16:35:25.798-03:00  INFO 14028 --- [Proyecto-Venta] [main] o.s.c.n.eureka.InstanceInfoFactory       : Setting initial instance status as: STARTING
2025-11-04T16:35:25.819-03:00  INFO 14028 --- [Proyecto-Venta] [main] com.netflix.discovery.DiscoveryClient    : Initializing Eureka in region us-east-1
2025-11-04T16:35:25.822-03:00  INFO 14028 --- [Proyecto-Venta] [main] c.n.d.s.r.aws.ConfigClusterResolver      : Resolving eureka endpoints via configuration
2025-11-04T16:35:25.830-03:00  INFO 14028 --- [Proyecto-Venta] [main] com.netflix.discovery.DiscoveryClient    : Disable delta property : false
2025-11-04T16:35:25.830-03:00  INFO 14028 --- [Proyecto-Venta] [main] com.netflix.discovery.DiscoveryClient    : Single vip registry refresh property : null
2025-11-04T16:35:25.830-03:00  INFO 14028 --- [Proyecto-Venta] [main] com.netflix.discovery.DiscoveryClient    : Force full registry fetch : false
2025-11-04T16:35:25.830-03:00  INFO 14028 --- [Proyecto-Venta] [main] com.netflix.discovery.DiscoveryClient    : Application is null : false
2025-11-04T16:35:25.830-03:00  INFO 14028 --- [Proyecto-Venta] [main] com.netflix.discovery.DiscoveryClient    : Registered Applications size is zero : true
2025-11-04T16:35:25.830-03:00  INFO 14028 --- [Proyecto-Venta] [main] com.netflix.discovery.DiscoveryClient    : Application version is -1: true
2025-11-04T16:35:25.830-03:00  INFO 14028 --- [Proyecto-Venta] [main] com.netflix.discovery.DiscoveryClient    : Getting all instance registry info from the eureka server
2025-11-04T16:35:26.117-03:00  INFO 14028 --- [Proyecto-Venta] [main] com.netflix.discovery.DiscoveryClient    : The response status is 200
2025-11-04T16:35:26.119-03:00  INFO 14028 --- [Proyecto-Venta] [main] com.netflix.discovery.DiscoveryClient    : Starting heartbeat executor: renew interval is: 30
2025-11-04T16:35:26.120-03:00  INFO 14028 --- [Proyecto-Venta] [main] c.n.discovery.InstanceInfoReplicator     : InstanceInfoReplicator onDemand update allowed rate per min is 4
2025-11-04T16:35:26.122-03:00  INFO 14028 --- [Proyecto-Venta] [main] com.netflix.discovery.DiscoveryClient    : Discovery Client initialized at timestamp 1762284926121 with initial instances count: 1
2025-11-04T16:35:26.124-03:00  INFO 14028 --- [Proyecto-Venta] [main] o.s.c.n.e.s.EurekaServiceRegistry        : Registering application PROYECTO-VENTA with eureka with status UP
2025-11-04T16:35:26.125-03:00  INFO 14028 --- [Proyecto-Venta] [main] com.netflix.discovery.DiscoveryClient    : Saw local status change event StatusChangeEvent [timestamp=1762284926125, current=UP, previous=STARTING]
2025-11-04T16:35:26.127-03:00  INFO 14028 --- [Proyecto-Venta] [DiscoveryClient-InstanceInfoReplicator-%d] com.netflix.discovery.DiscoveryClient    : DiscoveryClient_PROYECTO-VENTA/localhost:Proyecto-Venta:8081: registering service...
2025-11-04T16:35:26.142-03:00  INFO 14028 --- [Proyecto-Venta] [main] o.s.b.w.embedded.tomcat.TomcatWebServer  : Tomcat started on port 8081 (http) with context path '/'
2025-11-04T16:35:26.142-03:00  INFO 14028 --- [Proyecto-Venta] [main] .s.c.n.e.s.EurekaAutoServiceRegistration : Updating port to 8081
2025-11-04T16:35:26.161-03:00  INFO 14028 --- [Proyecto-Venta] [DiscoveryClient-InstanceInfoReplicator-%d] com.netflix.discovery.DiscoveryClient    : DiscoveryClient_PROYECTO-VENTA/localhost:Proyecto-Venta:8081 - registration status: 204
2025-11-04T16:35:27.145-03:00  INFO 14028 --- [Proyecto-Venta] [main] o.s.cloud.commons.util.InetUtils         : Cannot determine local hostname
2025-11-04T16:35:27.152-03:00  INFO 14028 --- [Proyecto-Venta] [main] c.d.p.ProyectoVentaApplication           : Started ProyectoVentaApplication in 20.579 seconds (process running for 22.501)
2025-11-04T16:35:33.224-03:00  INFO 14028 --- [Proyecto-Venta] [SpringApplicationShutdownHook] o.s.c.n.e.s.EurekaServiceRegistry        : Unregistering application PROYECTO-VENTA with eureka with status DOWN
2025-11-04T16:35:33.224-03:00  INFO 14028 --- [Proyecto-Venta] [SpringApplicationShutdownHook] com.netflix.discovery.DiscoveryClient    : Saw local status change event StatusChangeEvent [timestamp=1762284933224, current=DOWN, previous=UP]
2025-11-04T16:35:33.225-03:00  INFO 14028 --- [Proyecto-Venta] [DiscoveryClient-InstanceInfoReplicator-%d] com.netflix.discovery.DiscoveryClient    : DiscoveryClient_PROYECTO-VENTA/localhost:Proyecto-Venta:8081: registering service...
2025-11-04T16:35:33.226-03:00  INFO 14028 --- [Proyecto-Venta] [SpringApplicationShutdownHook] o.s.b.w.e.tomcat.GracefulShutdown        : Commencing graceful shutdown. Waiting for active requests to complete
2025-11-04T16:35:33.230-03:00  INFO 14028 --- [Proyecto-Venta] [tomcat-shutdown] o.s.b.w.e.tomcat.GracefulShutdown        : Graceful shutdown complete
2025-11-04T16:35:33.232-03:00  INFO 14028 --- [Proyecto-Venta] [DiscoveryClient-InstanceInfoReplicator-%d] com.netflix.discovery.DiscoveryClient    : DiscoveryClient_PROYECTO-VENTA/localhost:Proyecto-Venta:8081 - registration status: 204
2025-11-04T16:35:33.235-03:00  INFO 14028 --- [Proyecto-Venta] [SpringApplicationShutdownHook] j.LocalContainerEntityManagerFactoryBean : Closing JPA EntityManagerFactory for persistence unit 'default'
2025-11-04T16:35:33.237-03:00  INFO 14028 --- [Proyecto-Venta] [SpringApplicationShutdownHook] com.zaxxer.hikari.HikariDataSource       : HikariPool-1 - Shutdown initiated...
2025-11-04T16:35:35.178-03:00  INFO 14028 --- [Proyecto-Venta] [SpringApplicationShutdownHook] com.zaxxer.hikari.HikariDataSource       : HikariPool-1 - Shutdown completed.
2025-11-04T16:35:35.178-03:00  INFO 14028 --- [Proyecto-Venta] [SpringApplicationShutdownHook] com.netflix.discovery.DiscoveryClient    : Shutting down DiscoveryClient ...
2025-11-04T16:35:38.180-03:00  INFO 14028 --- [Proyecto-Venta] [SpringApplicationShutdownHook] com.netflix.discovery.DiscoveryClient    : Unregistering ...
2025-11-04T16:35:38.186-03:00  INFO 14028 --- [Proyecto-Venta] [SpringApplicationShutdownHook] com.netflix.discovery.DiscoveryClient    : DiscoveryClient_PROYECTO-VENTA/localhost:Proyecto-Venta:8081 - deregister  status: 200
2025-11-04T16:35:38.186-03:00  INFO 14028 --- [Proyecto-Venta] [SpringApplicationShutdownHook] com.netflix.discovery.DiscoveryClient    : Completed shut down of DiscoveryClient
2025-11-04T16:36:12.908-03:00  INFO 14644 --- [Proyecto-Venta] [main] c.d.p.ProyectoVentaApplication           : Starting ProyectoVentaApplication using Java 24 with PID 14644 (C:\Users\Usuario\IdeaProjects\Distri\SistemaWebYDistribuido\Proyecto-Venta\target\classes started by Usuario in C:\Users\Usuario\IdeaProjects\Distri\SistemaWebYDistribuido\Proyecto-Venta)
2025-11-04T16:36:12.909-03:00  INFO 14644 --- [Proyecto-Venta] [main] c.d.p.ProyectoVentaApplication           : No active profile set, falling back to 1 default profile: "default"
2025-11-04T16:36:13.669-03:00  INFO 14644 --- [Proyecto-Venta] [main] .s.d.r.c.RepositoryConfigurationDelegate : Bootstrapping Spring Data JPA repositories in DEFAULT mode.
2025-11-04T16:36:13.826-03:00  INFO 14644 --- [Proyecto-Venta] [main] .s.d.r.c.RepositoryConfigurationDelegate : Finished Spring Data repository scanning in 148 ms. Found 8 JPA repository interfaces.
2025-11-04T16:36:13.975-03:00  INFO 14644 --- [Proyecto-Venta] [main] o.s.cloud.context.scope.GenericScope     : BeanFactory id=01235d07-0bc7-3f81-a0a7-e4e7bced9c96
2025-11-04T16:36:14.306-03:00  INFO 14644 --- [Proyecto-Venta] [main] o.s.b.w.embedded.tomcat.TomcatWebServer  : Tomcat initialized with port 8081 (http)
2025-11-04T16:36:14.319-03:00  INFO 14644 --- [Proyecto-Venta] [main] o.apache.catalina.core.StandardService   : Starting service [Tomcat]
2025-11-04T16:36:14.319-03:00  INFO 14644 --- [Proyecto-Venta] [main] o.apache.catalina.core.StandardEngine    : Starting Servlet engine: [Apache Tomcat/10.1.44]
2025-11-04T16:36:14.490-03:00  INFO 14644 --- [Proyecto-Venta] [main] o.a.c.c.C.[Tomcat].[localhost].[/]       : Initializing Spring embedded WebApplicationContext
2025-11-04T16:36:14.491-03:00  INFO 14644 --- [Proyecto-Venta] [main] w.s.c.ServletWebServerApplicationContext : Root WebApplicationContext: initialization completed in 1545 ms
2025-11-04T16:36:14.627-03:00  INFO 14644 --- [Proyecto-Venta] [main] com.zaxxer.hikari.HikariDataSource       : HikariPool-1 - Starting...
2025-11-04T16:36:16.636-03:00  INFO 14644 --- [Proyecto-Venta] [main] com.zaxxer.hikari.pool.HikariPool        : HikariPool-1 - Added connection org.postgresql.jdbc.PgConnection@543b0737
2025-11-04T16:36:16.638-03:00  INFO 14644 --- [Proyecto-Venta] [main] com.zaxxer.hikari.HikariDataSource       : HikariPool-1 - Start completed.
2025-11-04T16:36:17.867-03:00  INFO 14644 --- [Proyecto-Venta] [main] liquibase.database                       : Set default schema name to public
2025-11-04T16:36:18.910-03:00  INFO 14644 --- [Proyecto-Venta] [main] liquibase.changelog                      : Reading from public.databasechangelog
2025-11-04T16:36:20.889-03:00  INFO 14644 --- [Proyecto-Venta] [main] liquibase.ui                             : Database is up to date, no changesets to execute
2025-11-04T16:36:21.076-03:00  INFO 14644 --- [Proyecto-Venta] [main] liquibase.changelog                      : Reading from public.databasechangelog
2025-11-04T16:36:21.273-03:00  INFO 14644 --- [Proyecto-Venta] [main] liquibase.util                           : UPDATE SUMMARY
2025-11-04T16:36:21.274-03:00  INFO 14644 --- [Proyecto-Venta] [main] liquibase.util                           : Run:                          0
2025-11-04T16:36:21.274-03:00  INFO 14644 --- [Proyecto-Venta] [main] liquibase.util                           : Previously run:              21
2025-11-04T16:36:21.274-03:00  INFO 14644 --- [Proyecto-Venta] [main] liquibase.util                           : Filtered out:                 0
2025-11-04T16:36:21.274-03:00  INFO 14644 --- [Proyecto-Venta] [main] liquibase.util                           : -------------------------------
2025-11-04T16:36:21.274-03:00  INFO 14644 --- [Proyecto-Venta] [main] liquibase.util                           : Total change sets:           21
2025-11-04T16:36:21.275-03:00  INFO 14644 --- [Proyecto-Venta] [main] liquibase.util                           : Update summary generated
2025-11-04T16:36:21.276-03:00  INFO 14644 --- [Proyecto-Venta] [main] liquibase.command                        : Command execution complete
2025-11-04T16:36:23.001-03:00  INFO 14644 --- [Proyecto-Venta] [main] o.hibernate.jpa.internal.util.LogHelper  : HHH000204: Processing PersistenceUnitInfo [name: default]
2025-11-04T16:36:23.047-03:00  INFO 14644 --- [Proyecto-Venta] [main] org.hibernate.Version                    : HHH000412: Hibernate ORM core version 6.6.26.Final
2025-11-04T16:36:23.076-03:00  INFO 14644 --- [Proyecto-Venta] [main] o.h.c.internal.RegionFactoryInitiator    : HHH000026: Second-level cache disabled
2025-11-04T16:36:23.342-03:00  INFO 14644 --- [Proyecto-Venta] [main] o.s.o.j.p.SpringPersistenceUnitInfo      : No LoadTimeWeaver setup: ignoring JPA class transformer
2025-11-04T16:36:23.978-03:00  INFO 14644 --- [Proyecto-Venta] [main] org.hibernate.orm.connections.pooling    : HHH10001005: Database info:
	Database JDBC URL [Connecting through datasource 'HikariDataSource (HikariPool-1)']
	Database driver: undefined/unknown
	Database version: 17.6
	Autocommit mode: undefined/unknown
	Isolation level: undefined/unknown
	Minimum pool size: undefined/unknown
	Maximum pool size: undefined/unknown
2025-11-04T16:36:24.910-03:00  INFO 14644 --- [Proyecto-Venta] [main] o.h.e.t.j.p.i.JtaPlatformInitiator       : HHH000489: No JTA platform available (set 'hibernate.transaction.jta.platform' to enable JTA platform integration)
2025-11-04T16:36:24.912-03:00  INFO 14644 --- [Proyecto-Venta] [main] j.LocalContainerEntityManagerFactoryBean : Initialized JPA EntityManagerFactory for persistence unit 'default'
2025-11-04T16:36:25.249-03:00  INFO 14644 --- [Proyecto-Venta] [main] o.s.d.j.r.query.QueryEnhancerFactory     : Hibernate is in classpath; If applicable, HQL parser will be used.
2025-11-04T16:36:25.829-03:00  WARN 14644 --- [Proyecto-Venta] [main] JpaBaseConfiguration$JpaWebConfiguration : spring.jpa.open-in-view is enabled by default. Therefore, database queries may be performed during view rendering. Explicitly configure spring.jpa.open-in-view to disable this warning
2025-11-04T16:36:27.267-03:00  INFO 14644 --- [Proyecto-Venta] [main] o.s.cloud.commons.util.InetUtils         : Cannot determine local hostname
2025-11-04T16:36:28.287-03:00  INFO 14644 --- [Proyecto-Venta] [main] o.s.cloud.commons.util.InetUtils         : Cannot determine local hostname
2025-11-04T16:36:28.304-03:00  INFO 14644 --- [Proyecto-Venta] [main] DiscoveryClientOptionalArgsConfiguration : Eureka HTTP Client uses RestTemplate.
2025-11-04T16:36:28.337-03:00  WARN 14644 --- [Proyecto-Venta] [main] iguration$LoadBalancerCaffeineWarnLogger : Spring Cloud LoadBalancer is currently working with the default cache. While this cache implementation is useful for development and tests, it's recommended to use Caffeine cache in production.You can switch to using Caffeine cache, by adding it and org.springframework.cache.caffeine.CaffeineCacheManager to the classpath.
2025-11-04T16:36:28.379-03:00  INFO 14644 --- [Proyecto-Venta] [main] o.s.c.n.eureka.InstanceInfoFactory       : Setting initial instance status as: STARTING
2025-11-04T16:36:28.400-03:00  INFO 14644 --- [Proyecto-Venta] [main] com.netflix.discovery.DiscoveryClient    : Initializing Eureka in region us-east-1
2025-11-04T16:36:28.404-03:00  INFO 14644 --- [Proyecto-Venta] [main] c.n.d.s.r.aws.ConfigClusterResolver      : Resolving eureka endpoints via configuration
2025-11-04T16:36:28.412-03:00  INFO 14644 --- [Proyecto-Venta] [main] com.netflix.discovery.DiscoveryClient    : Disable delta property : false
2025-11-04T16:36:28.412-03:00  INFO 14644 --- [Proyecto-Venta] [main] com.netflix.discovery.DiscoveryClient    : Single vip registry refresh property : null
2025-11-04T16:36:28.412-03:00  INFO 14644 --- [Proyecto-Venta] [main] com.netflix.discovery.DiscoveryClient    : Force full registry fetch : false
2025-11-04T16:36:28.412-03:00  INFO 14644 --- [Proyecto-Venta] [main] com.netflix.discovery.DiscoveryClient    : Application is null : false
2025-11-04T16:36:28.412-03:00  INFO 14644 --- [Proyecto-Venta] [main] com.netflix.discovery.DiscoveryClient    : Registered Applications size is zero : true
2025-11-04T16:36:28.412-03:00  INFO 14644 --- [Proyecto-Venta] [main] com.netflix.discovery.DiscoveryClient    : Application version is -1: true
2025-11-04T16:36:28.412-03:00  INFO 14644 --- [Proyecto-Venta] [main] com.netflix.discovery.DiscoveryClient    : Getting all instance registry info from the eureka server
2025-11-04T16:36:28.700-03:00  INFO 14644 --- [Proyecto-Venta] [main] com.netflix.discovery.DiscoveryClient    : The response status is 200
2025-11-04T16:36:28.702-03:00  INFO 14644 --- [Proyecto-Venta] [main] com.netflix.discovery.DiscoveryClient    : Starting heartbeat executor: renew interval is: 30
2025-11-04T16:36:28.703-03:00  INFO 14644 --- [Proyecto-Venta] [main] c.n.discovery.InstanceInfoReplicator     : InstanceInfoReplicator onDemand update allowed rate per min is 4
2025-11-04T16:36:28.704-03:00  INFO 14644 --- [Proyecto-Venta] [main] com.netflix.discovery.DiscoveryClient    : Discovery Client initialized at timestamp 1762284988704 with initial instances count: 1
2025-11-04T16:36:28.707-03:00  INFO 14644 --- [Proyecto-Venta] [main] o.s.c.n.e.s.EurekaServiceRegistry        : Registering application PROYECTO-VENTA with eureka with status UP
2025-11-04T16:36:28.708-03:00  INFO 14644 --- [Proyecto-Venta] [main] com.netflix.discovery.DiscoveryClient    : Saw local status change event StatusChangeEvent [timestamp=1762284988708, current=UP, previous=STARTING]
2025-11-04T16:36:28.709-03:00  INFO 14644 --- [Proyecto-Venta] [DiscoveryClient-InstanceInfoReplicator-%d] com.netflix.discovery.DiscoveryClient    : DiscoveryClient_PROYECTO-VENTA/localhost:Proyecto-Venta:8081: registering service...
2025-11-04T16:36:28.733-03:00  INFO 14644 --- [Proyecto-Venta] [main] o.s.b.w.embedded.tomcat.TomcatWebServer  : Tomcat started on port 8081 (http) with context path '/'
2025-11-04T16:36:28.734-03:00  INFO 14644 --- [Proyecto-Venta] [main] .s.c.n.e.s.EurekaAutoServiceRegistration : Updating port to 8081
2025-11-04T16:36:28.753-03:00  INFO 14644 --- [Proyecto-Venta] [DiscoveryClient-InstanceInfoReplicator-%d] com.netflix.discovery.DiscoveryClient    : DiscoveryClient_PROYECTO-VENTA/localhost:Proyecto-Venta:8081 - registration status: 204
2025-11-04T16:36:29.736-03:00  INFO 14644 --- [Proyecto-Venta] [main] o.s.cloud.commons.util.InetUtils         : Cannot determine local hostname
2025-11-04T16:36:29.743-03:00  INFO 14644 --- [Proyecto-Venta] [main] c.d.p.ProyectoVentaApplication           : Started ProyectoVentaApplication in 18.261 seconds (process running for 19.36)
2025-11-04T16:37:04.644-03:00  INFO 14644 --- [Proyecto-Venta] [http-nio-8081-exec-1] o.a.c.c.C.[Tomcat].[localhost].[/]       : Initializing Spring DispatcherServlet 'dispatcherServlet'
2025-11-04T16:37:04.644-03:00  INFO 14644 --- [Proyecto-Venta] [http-nio-8081-exec-1] o.s.web.servlet.DispatcherServlet        : Initializing Servlet 'dispatcherServlet'
2025-11-04T16:37:04.648-03:00  INFO 14644 --- [Proyecto-Venta] [http-nio-8081-exec-1] o.s.web.servlet.DispatcherServlet        : Completed initialization in 4 ms
2025-11-04T16:37:39.461-03:00  INFO 14644 --- [Proyecto-Venta] [http-nio-8081-exec-6] c.d.p.apis.controller.VentaController    : GET /ventas page=0 size=10 filtros: clienteId=null, desde=null, hasta=null
2025-11-04T16:37:39.658-03:00  INFO 14644 --- [Proyecto-Venta] [http-nio-8081-exec-6] c.d.p.apis.service.VentaService          : Listando ventas - clienteId=null desde=null hasta=null
2025-11-04T16:37:39.720-03:00 DEBUG 14644 --- [Proyecto-Venta] [http-nio-8081-exec-6] org.hibernate.SQL                        : select v1_0.id,v1_0.activo,v1_0.cliente_id,v1_0.creado_por,v1_0.fecha_venta,v1_0.iva,v1_0.subtotal,v1_0.total from venta v1_0 where (v1_0.activo = true) offset ? rows fetch first ? rows only
2025-11-04T16:37:39.722-03:00 TRACE 14644 --- [Proyecto-Venta] [http-nio-8081-exec-6] org.hibernate.orm.jdbc.bind              : binding parameter (1:INTEGER) <- [0]
2025-11-04T16:37:39.722-03:00 TRACE 14644 --- [Proyecto-Venta] [http-nio-8081-exec-6] org.hibernate.orm.jdbc.bind              : binding parameter (2:INTEGER) <- [10]
2025-11-04T16:37:39.967-03:00 DEBUG 14644 --- [Proyecto-Venta] [http-nio-8081-exec-6] org.hibernate.SQL                        : select count(v1_0.id) from venta v1_0 where (v1_0.activo = true)
2025-11-04T16:37:40.160-03:00 DEBUG 14644 --- [Proyecto-Venta] [http-nio-8081-exec-6] org.hibernate.SQL                        : select d1_0.venta_id,d1_0.id,d1_0.activo,d1_0.cantidad,d1_0.precio_unitario,d1_0.producto_id,d1_0.subtotal_linea,d1_0.tasa_iva,d1_0.total_linea from venta_detalle d1_0 where d1_0.venta_id=? and (d1_0.activo = true)
2025-11-04T16:37:40.160-03:00 TRACE 14644 --- [Proyecto-Venta] [http-nio-8081-exec-6] org.hibernate.orm.jdbc.bind              : binding parameter (1:BIGINT) <- [3]
2025-11-04T16:37:40.357-03:00 DEBUG 14644 --- [Proyecto-Venta] [http-nio-8081-exec-6] org.hibernate.SQL                        : select d1_0.venta_id,d1_0.id,d1_0.activo,d1_0.cantidad,d1_0.precio_unitario,d1_0.producto_id,d1_0.subtotal_linea,d1_0.tasa_iva,d1_0.total_linea from venta_detalle d1_0 where d1_0.venta_id=? and (d1_0.activo = true)
2025-11-04T16:37:40.358-03:00 TRACE 14644 --- [Proyecto-Venta] [http-nio-8081-exec-6] org.hibernate.orm.jdbc.bind              : binding parameter (1:BIGINT) <- [8]
2025-11-04T16:37:40.544-03:00 DEBUG 14644 --- [Proyecto-Venta] [http-nio-8081-exec-6] org.hibernate.SQL                        : select d1_0.venta_id,d1_0.id,d1_0.activo,d1_0.cantidad,d1_0.precio_unitario,d1_0.producto_id,d1_0.subtotal_linea,d1_0.tasa_iva,d1_0.total_linea from venta_detalle d1_0 where d1_0.venta_id=? and (d1_0.activo = true)
2025-11-04T16:37:40.544-03:00 TRACE 14644 --- [Proyecto-Venta] [http-nio-8081-exec-6] org.hibernate.orm.jdbc.bind              : binding parameter (1:BIGINT) <- [11]
2025-11-04T16:37:40.739-03:00 DEBUG 14644 --- [Proyecto-Venta] [http-nio-8081-exec-6] org.hibernate.SQL                        : select d1_0.venta_id,d1_0.id,d1_0.activo,d1_0.cantidad,d1_0.precio_unitario,d1_0.producto_id,d1_0.subtotal_linea,d1_0.tasa_iva,d1_0.total_linea from venta_detalle d1_0 where d1_0.venta_id=? and (d1_0.activo = true)
2025-11-04T16:37:40.740-03:00 TRACE 14644 --- [Proyecto-Venta] [http-nio-8081-exec-6] org.hibernate.orm.jdbc.bind              : binding parameter (1:BIGINT) <- [13]
2025-11-04T16:37:40.928-03:00 DEBUG 14644 --- [Proyecto-Venta] [http-nio-8081-exec-6] org.hibernate.SQL                        : select d1_0.venta_id,d1_0.id,d1_0.activo,d1_0.cantidad,d1_0.precio_unitario,d1_0.producto_id,d1_0.subtotal_linea,d1_0.tasa_iva,d1_0.total_linea from venta_detalle d1_0 where d1_0.venta_id=? and (d1_0.activo = true)
2025-11-04T16:37:40.928-03:00 TRACE 14644 --- [Proyecto-Venta] [http-nio-8081-exec-6] org.hibernate.orm.jdbc.bind              : binding parameter (1:BIGINT) <- [14]
2025-11-04T16:37:41.116-03:00 DEBUG 14644 --- [Proyecto-Venta] [http-nio-8081-exec-6] org.hibernate.SQL                        : select d1_0.venta_id,d1_0.id,d1_0.activo,d1_0.cantidad,d1_0.precio_unitario,d1_0.producto_id,d1_0.subtotal_linea,d1_0.tasa_iva,d1_0.total_linea from venta_detalle d1_0 where d1_0.venta_id=? and (d1_0.activo = true)
2025-11-04T16:37:41.117-03:00 TRACE 14644 --- [Proyecto-Venta] [http-nio-8081-exec-6] org.hibernate.orm.jdbc.bind              : binding parameter (1:BIGINT) <- [15]
2025-11-04T16:37:41.303-03:00 DEBUG 14644 --- [Proyecto-Venta] [http-nio-8081-exec-6] org.hibernate.SQL                        : select d1_0.venta_id,d1_0.id,d1_0.activo,d1_0.cantidad,d1_0.precio_unitario,d1_0.producto_id,d1_0.subtotal_linea,d1_0.tasa_iva,d1_0.total_linea from venta_detalle d1_0 where d1_0.venta_id=? and (d1_0.activo = true)
2025-11-04T16:37:41.304-03:00 TRACE 14644 --- [Proyecto-Venta] [http-nio-8081-exec-6] org.hibernate.orm.jdbc.bind              : binding parameter (1:BIGINT) <- [16]
2025-11-04T16:37:41.492-03:00 DEBUG 14644 --- [Proyecto-Venta] [http-nio-8081-exec-6] org.hibernate.SQL                        : select d1_0.venta_id,d1_0.id,d1_0.activo,d1_0.cantidad,d1_0.precio_unitario,d1_0.producto_id,d1_0.subtotal_linea,d1_0.tasa_iva,d1_0.total_linea from venta_detalle d1_0 where d1_0.venta_id=? and (d1_0.activo = true)
2025-11-04T16:37:41.492-03:00 TRACE 14644 --- [Proyecto-Venta] [http-nio-8081-exec-6] org.hibernate.orm.jdbc.bind              : binding parameter (1:BIGINT) <- [17]
2025-11-04T16:37:41.684-03:00 DEBUG 14644 --- [Proyecto-Venta] [http-nio-8081-exec-6] org.hibernate.SQL                        : select d1_0.venta_id,d1_0.id,d1_0.activo,d1_0.cantidad,d1_0.precio_unitario,d1_0.producto_id,d1_0.subtotal_linea,d1_0.tasa_iva,d1_0.total_linea from venta_detalle d1_0 where d1_0.venta_id=? and (d1_0.activo = true)
2025-11-04T16:37:41.684-03:00 TRACE 14644 --- [Proyecto-Venta] [http-nio-8081-exec-6] org.hibernate.orm.jdbc.bind              : binding parameter (1:BIGINT) <- [18]
2025-11-04T16:37:41.873-03:00 DEBUG 14644 --- [Proyecto-Venta] [http-nio-8081-exec-6] org.hibernate.SQL                        : select d1_0.venta_id,d1_0.id,d1_0.activo,d1_0.cantidad,d1_0.precio_unitario,d1_0.producto_id,d1_0.subtotal_linea,d1_0.tasa_iva,d1_0.total_linea from venta_detalle d1_0 where d1_0.venta_id=? and (d1_0.activo = true)
2025-11-04T16:37:41.873-03:00 TRACE 14644 --- [Proyecto-Venta] [http-nio-8081-exec-6] org.hibernate.orm.jdbc.bind              : binding parameter (1:BIGINT) <- [19]
2025-11-04T16:37:42.255-03:00  WARN 14644 --- [Proyecto-Venta] [http-nio-8081-exec-6] ration$PageModule$WarningLoggingModifier : Serializing PageImpl instances as-is is not supported, meaning that there is no guarantee about the stability of the resulting JSON structure!
	For a stable JSON structure, please use Spring Data's PagedModel (globally via @EnableSpringDataWebSupport(pageSerializationMode = VIA_DTO))
	or Spring HATEOAS and Spring Data's PagedResourcesAssembler as documented in https://docs.spring.io/spring-data/commons/reference/repositories/core-extensions.html#core.web.pageables.

2025-11-04T16:41:28.416-03:00  INFO 14644 --- [Proyecto-Venta] [AsyncResolver-bootstrap-executor-%d] c.n.d.s.r.aws.ConfigClusterResolver      : Resolving eureka endpoints via configuration
2025-11-04T16:44:31.751-03:00  INFO 14644 --- [Proyecto-Venta] [SpringApplicationShutdownHook] o.s.c.n.e.s.EurekaServiceRegistry        : Unregistering application PROYECTO-VENTA with eureka with status DOWN
2025-11-04T16:44:31.751-03:00  INFO 14644 --- [Proyecto-Venta] [SpringApplicationShutdownHook] com.netflix.discovery.DiscoveryClient    : Saw local status change event StatusChangeEvent [timestamp=1762285471751, current=DOWN, previous=UP]
2025-11-04T16:44:31.751-03:00  INFO 14644 --- [Proyecto-Venta] [DiscoveryClient-InstanceInfoReplicator-%d] com.netflix.discovery.DiscoveryClient    : DiscoveryClient_PROYECTO-VENTA/localhost:Proyecto-Venta:8081: registering service...
2025-11-04T16:44:31.754-03:00  INFO 14644 --- [Proyecto-Venta] [SpringApplicationShutdownHook] o.s.b.w.e.tomcat.GracefulShutdown        : Commencing graceful shutdown. Waiting for active requests to complete
2025-11-04T16:44:31.758-03:00  INFO 14644 --- [Proyecto-Venta] [DiscoveryClient-InstanceInfoReplicator-%d] com.netflix.discovery.DiscoveryClient    : DiscoveryClient_PROYECTO-VENTA/localhost:Proyecto-Venta:8081 - registration status: 204
2025-11-04T16:44:31.760-03:00  INFO 14644 --- [Proyecto-Venta] [tomcat-shutdown] o.s.b.w.e.tomcat.GracefulShutdown        : Graceful shutdown complete
2025-11-04T16:44:31.764-03:00  INFO 14644 --- [Proyecto-Venta] [SpringApplicationShutdownHook] j.LocalContainerEntityManagerFactoryBean : Closing JPA EntityManagerFactory for persistence unit 'default'
2025-11-04T16:44:31.767-03:00  INFO 14644 --- [Proyecto-Venta] [SpringApplicationShutdownHook] com.zaxxer.hikari.HikariDataSource       : HikariPool-1 - Shutdown initiated...
2025-11-04T16:44:33.722-03:00  INFO 14644 --- [Proyecto-Venta] [SpringApplicationShutdownHook] com.zaxxer.hikari.HikariDataSource       : HikariPool-1 - Shutdown completed.
2025-11-04T16:44:33.723-03:00  INFO 14644 --- [Proyecto-Venta] [SpringApplicationShutdownHook] com.netflix.discovery.DiscoveryClient    : Shutting down DiscoveryClient ...
2025-11-04T16:44:36.724-03:00  INFO 14644 --- [Proyecto-Venta] [SpringApplicationShutdownHook] com.netflix.discovery.DiscoveryClient    : Unregistering ...
2025-11-04T16:44:36.729-03:00  INFO 14644 --- [Proyecto-Venta] [SpringApplicationShutdownHook] com.netflix.discovery.DiscoveryClient    : DiscoveryClient_PROYECTO-VENTA/localhost:Proyecto-Venta:8081 - deregister  status: 200
2025-11-04T16:44:36.729-03:00  INFO 14644 --- [Proyecto-Venta] [SpringApplicationShutdownHook] com.netflix.discovery.DiscoveryClient    : Completed shut down of DiscoveryClient
2025-11-04T17:04:08.292-03:00  INFO 11852 --- [Proyecto-Venta] [main] c.d.p.ProyectoVentaApplication           : Starting ProyectoVentaApplication using Java 24 with PID 11852 (C:\Users\Usuario\IdeaProjects\Distri\SistemaWebYDistribuido\Proyecto-Venta\target\classes started by Usuario in C:\Users\Usuario\IdeaProjects\Distri\SistemaWebYDistribuido\Proyecto-Venta)
2025-11-04T17:04:08.293-03:00  INFO 11852 --- [Proyecto-Venta] [main] c.d.p.ProyectoVentaApplication           : No active profile set, falling back to 1 default profile: "default"
2025-11-04T17:04:09.184-03:00  INFO 11852 --- [Proyecto-Venta] [main] .s.d.r.c.RepositoryConfigurationDelegate : Bootstrapping Spring Data JPA repositories in DEFAULT mode.
2025-11-04T17:04:09.338-03:00  INFO 11852 --- [Proyecto-Venta] [main] .s.d.r.c.RepositoryConfigurationDelegate : Finished Spring Data repository scanning in 146 ms. Found 8 JPA repository interfaces.
2025-11-04T17:04:09.562-03:00  INFO 11852 --- [Proyecto-Venta] [main] o.s.cloud.context.scope.GenericScope     : BeanFactory id=db8db3c4-01df-3f1c-bc9e-43975f9ea508
2025-11-04T17:04:09.950-03:00  INFO 11852 --- [Proyecto-Venta] [main] o.s.b.w.embedded.tomcat.TomcatWebServer  : Tomcat initialized with port 8081 (http)
2025-11-04T17:04:09.963-03:00  INFO 11852 --- [Proyecto-Venta] [main] o.apache.catalina.core.StandardService   : Starting service [Tomcat]
2025-11-04T17:04:09.963-03:00  INFO 11852 --- [Proyecto-Venta] [main] o.apache.catalina.core.StandardEngine    : Starting Servlet engine: [Apache Tomcat/10.1.44]
2025-11-04T17:04:10.025-03:00  INFO 11852 --- [Proyecto-Venta] [main] o.a.c.c.C.[Tomcat].[localhost].[/]       : Initializing Spring embedded WebApplicationContext
2025-11-04T17:04:10.025-03:00  INFO 11852 --- [Proyecto-Venta] [main] w.s.c.ServletWebServerApplicationContext : Root WebApplicationContext: initialization completed in 1694 ms
2025-11-04T17:04:10.041-03:00 ERROR 11852 --- [Proyecto-Venta] [main] o.s.b.web.embedded.tomcat.TomcatStarter  : Error starting Tomcat context. Exception: org.springframework.beans.factory.UnsatisfiedDependencyException. Message: Error creating bean with name 'jwtAuthFilter' defined in file [C:\Users\Usuario\IdeaProjects\Distri\SistemaWebYDistribuido\Proyecto-Venta\target\classes\com\distri\proyectoVenta\security\JwtAuthFilter.class]: Unsatisfied dependency expressed through constructor parameter 0: Error creating bean with name 'jwtService': Injection of autowired dependencies failed
2025-11-04T17:04:10.061-03:00  INFO 11852 --- [Proyecto-Venta] [main] o.apache.catalina.core.StandardService   : Stopping service [Tomcat]
2025-11-04T17:04:10.067-03:00  WARN 11852 --- [Proyecto-Venta] [main] ConfigServletWebServerApplicationContext : Exception encountered during context initialization - cancelling refresh attempt: org.springframework.context.ApplicationContextException: Unable to start web server
2025-11-04T17:04:10.076-03:00  INFO 11852 --- [Proyecto-Venta] [main] .s.b.a.l.ConditionEvaluationReportLogger : 

Error starting ApplicationContext. To display the condition evaluation report re-run your application with 'debug' enabled.
2025-11-04T17:04:10.092-03:00 ERROR 11852 --- [Proyecto-Venta] [main] o.s.boot.SpringApplication               : Application run failed

org.springframework.context.ApplicationContextException: Unable to start web server
	at org.springframework.boot.web.servlet.context.ServletWebServerApplicationContext.onRefresh(ServletWebServerApplicationContext.java:170) ~[spring-boot-3.5.5.jar:3.5.5]
	at org.springframework.context.support.AbstractApplicationContext.refresh(AbstractApplicationContext.java:621) ~[spring-context-6.2.10.jar:6.2.10]
	at org.springframework.boot.web.servlet.context.ServletWebServerApplicationContext.refresh(ServletWebServerApplicationContext.java:146) ~[spring-boot-3.5.5.jar:3.5.5]
	at org.springframework.boot.SpringApplication.refresh(SpringApplication.java:752) ~[spring-boot-3.5.5.jar:3.5.5]
	at org.springframework.boot.SpringApplication.refreshContext(SpringApplication.java:439) ~[spring-boot-3.5.5.jar:3.5.5]
	at org.springframework.boot.SpringApplication.run(SpringApplication.java:318) ~[spring-boot-3.5.5.jar:3.5.5]
	at org.springframework.boot.SpringApplication.run(SpringApplication.java:1361) ~[spring-boot-3.5.5.jar:3.5.5]
	at org.springframework.boot.SpringApplication.run(SpringApplication.java:1350) ~[spring-boot-3.5.5.jar:3.5.5]
	at com.distri.proyectoVenta.ProyectoVentaApplication.main(ProyectoVentaApplication.java:10) ~[classes/:na]
Caused by: org.springframework.boot.web.server.WebServerException: Unable to start embedded Tomcat
	at org.springframework.boot.web.embedded.tomcat.TomcatWebServer.initialize(TomcatWebServer.java:147) ~[spring-boot-3.5.5.jar:3.5.5]
	at org.springframework.boot.web.embedded.tomcat.TomcatWebServer.<init>(TomcatWebServer.java:107) ~[spring-boot-3.5.5.jar:3.5.5]
	at org.springframework.boot.web.embedded.tomcat.TomcatServletWebServerFactory.getTomcatWebServer(TomcatServletWebServerFactory.java:517) ~[spring-boot-3.5.5.jar:3.5.5]
	at org.springframework.boot.web.embedded.tomcat.TomcatServletWebServerFactory.getWebServer(TomcatServletWebServerFactory.java:219) ~[spring-boot-3.5.5.jar:3.5.5]
	at org.springframework.boot.web.servlet.context.ServletWebServerApplicationContext.createWebServer(ServletWebServerApplicationContext.java:193) ~[spring-boot-3.5.5.jar:3.5.5]
	at org.springframework.boot.web.servlet.context.ServletWebServerApplicationContext.onRefresh(ServletWebServerApplicationContext.java:167) ~[spring-boot-3.5.5.jar:3.5.5]
	... 8 common frames omitted
Caused by: org.springframework.beans.factory.UnsatisfiedDependencyException: Error creating bean with name 'jwtAuthFilter' defined in file [C:\Users\Usuario\IdeaProjects\Distri\SistemaWebYDistribuido\Proyecto-Venta\target\classes\com\distri\proyectoVenta\security\JwtAuthFilter.class]: Unsatisfied dependency expressed through constructor parameter 0: Error creating bean with name 'jwtService': Injection of autowired dependencies failed
	at org.springframework.beans.factory.support.ConstructorResolver.createArgumentArray(ConstructorResolver.java:804) ~[spring-beans-6.2.10.jar:6.2.10]
	at org.springframework.beans.factory.support.ConstructorResolver.autowireConstructor(ConstructorResolver.java:240) ~[spring-beans-6.2.10.jar:6.2.10]
	at org.springframework.beans.factory.support.AbstractAutowireCapableBeanFactory.autowireConstructor(AbstractAutowireCapableBeanFactory.java:1395) ~[spring-beans-6.2.10.jar:6.2.10]
	at org.springframework.beans.factory.support.AbstractAutowireCapableBeanFactory.createBeanInstance(AbstractAutowireCapableBeanFactory.java:1232) ~[spring-beans-6.2.10.jar:6.2.10]
	at org.springframework.beans.factory.support.AbstractAutowireCapableBeanFactory.doCreateBean(AbstractAutowireCapableBeanFactory.java:569) ~[spring-beans-6.2.10.jar:6.2.10]
	at org.springframework.beans.factory.support.AbstractAutowireCapableBeanFactory.createBean(AbstractAutowireCapableBeanFactory.java:529) ~[spring-beans-6.2.10.jar:6.2.10]
	at org.springframework.beans.factory.support.AbstractBeanFactory.lambda$doGetBean$0(AbstractBeanFactory.java:339) ~[spring-beans-6.2.10.jar:6.2.10]
	at org.springframework.beans.factory.support.DefaultSingletonBeanRegistry.getSingleton(DefaultSingletonBeanRegistry.java:373) ~[spring-beans-6.2.10.jar:6.2.10]
	at org.springframework.beans.factory.support.AbstractBeanFactory.doGetBean(AbstractBeanFactory.java:337) ~[spring-beans-6.2.10.jar:6.2.10]
	at org.springframework.beans.factory.support.AbstractBeanFactory.getBean(AbstractBeanFactory.java:207) ~[spring-beans-6.2.10.jar:6.2.10]
	at org.springframework.boot.web.servlet.ServletContextInitializerBeans.getOrderedBeansOfType(ServletContextInitializerBeans.java:230) ~[spring-boot-3.5.5.jar:3.5.5]
	at org.springframework.boot.web.servlet.ServletContextInitializerBeans.addAsRegistrationBean(ServletContextInitializerBeans.java:184) ~[spring-boot-3.5.5.jar:3.5.5]
	at org.springframework.boot.web.servlet.ServletContextInitializerBeans.addAsRegistrationBean(ServletContextInitializerBeans.java:179) ~[spring-boot-3.5.5.jar:3.5.5]
	at org.springframework.boot.web.servlet.ServletContextInitializerBeans.addAdaptableBeans(ServletContextInitializerBeans.java:164) ~[spring-boot-3.5.5.jar:3.5.5]
	at org.springframework.boot.web.servlet.ServletContextInitializerBeans.<init>(ServletContextInitializerBeans.java:96) ~[spring-boot-3.5.5.jar:3.5.5]
	at org.springframework.boot.web.servlet.context.ServletWebServerApplicationContext.getServletContextInitializerBeans(ServletWebServerApplicationContext.java:271) ~[spring-boot-3.5.5.jar:3.5.5]
	at org.springframework.boot.web.servlet.context.ServletWebServerApplicationContext.selfInitialize(ServletWebServerApplicationContext.java:245) ~[spring-boot-3.5.5.jar:3.5.5]
	at org.springframework.boot.web.embedded.tomcat.TomcatStarter.onStartup(TomcatStarter.java:52) ~[spring-boot-3.5.5.jar:3.5.5]
	at org.apache.catalina.core.StandardContext.startInternal(StandardContext.java:4464) ~[tomcat-embed-core-10.1.44.jar:10.1.44]
	at org.apache.catalina.util.LifecycleBase.start(LifecycleBase.java:164) ~[tomcat-embed-core-10.1.44.jar:10.1.44]
	at org.apache.catalina.core.ContainerBase$StartChild.call(ContainerBase.java:1203) ~[tomcat-embed-core-10.1.44.jar:10.1.44]
	at org.apache.catalina.core.ContainerBase$StartChild.call(ContainerBase.java:1193) ~[tomcat-embed-core-10.1.44.jar:10.1.44]
	at java.base/java.util.concurrent.FutureTask.run(FutureTask.java:328) ~[na:na]
	at org.apache.tomcat.util.threads.InlineExecutorService.execute(InlineExecutorService.java:75) ~[tomcat-embed-core-10.1.44.jar:10.1.44]
	at java.base/java.util.concurrent.AbstractExecutorService.submit(AbstractExecutorService.java:148) ~[na:na]
	at org.apache.catalina.core.ContainerBase.startInternal(ContainerBase.java:749) ~[tomcat-embed-core-10.1.44.jar:10.1.44]
	at org.apache.catalina.core.StandardHost.startInternal(StandardHost.java:772) ~[tomcat-embed-core-10.1.44.jar:10.1.44]
	at org.apache.catalina.util.LifecycleBase.start(LifecycleBase.java:164) ~[tomcat-embed-core-10.1.44.jar:10.1.44]
	at org.apache.catalina.core.ContainerBase$StartChild.call(ContainerBase.java:1203) ~[tomcat-embed-core-10.1.44.jar:10.1.44]
	at org.apache.catalina.core.ContainerBase$StartChild.call(ContainerBase.java:1193) ~[tomcat-embed-core-10.1.44.jar:10.1.44]
	at java.base/java.util.concurrent.FutureTask.run(FutureTask.java:328) ~[na:na]
	at org.apache.tomcat.util.threads.InlineExecutorService.execute(InlineExecutorService.java:75) ~[tomcat-embed-core-10.1.44.jar:10.1.44]
	at java.base/java.util.concurrent.AbstractExecutorService.submit(AbstractExecutorService.java:148) ~[na:na]
	at org.apache.catalina.core.ContainerBase.startInternal(ContainerBase.java:749) ~[tomcat-embed-core-10.1.44.jar:10.1.44]
	at org.apache.catalina.core.StandardEngine.startInternal(StandardEngine.java:203) ~[tomcat-embed-core-10.1.44.jar:10.1.44]
	at org.apache.catalina.util.LifecycleBase.start(LifecycleBase.java:164) ~[tomcat-embed-core-10.1.44.jar:10.1.44]
	at org.apache.catalina.core.StandardService.startInternal(StandardService.java:412) ~[tomcat-embed-core-10.1.44.jar:10.1.44]
	at org.apache.catalina.util.LifecycleBase.start(LifecycleBase.java:164) ~[tomcat-embed-core-10.1.44.jar:10.1.44]
	at org.apache.catalina.core.StandardServer.startInternal(StandardServer.java:870) ~[tomcat-embed-core-10.1.44.jar:10.1.44]
	at org.apache.catalina.util.LifecycleBase.start(LifecycleBase.java:164) ~[tomcat-embed-core-10.1.44.jar:10.1.44]
	at org.apache.catalina.startup.Tomcat.start(Tomcat.java:438) ~[tomcat-embed-core-10.1.44.jar:10.1.44]
	at org.springframework.boot.web.embedded.tomcat.TomcatWebServer.initialize(TomcatWebServer.java:128) ~[spring-boot-3.5.5.jar:3.5.5]
	... 13 common frames omitted
Caused by: org.springframework.beans.factory.BeanCreationException: Error creating bean with name 'jwtService': Injection of autowired dependencies failed
	at org.springframework.beans.factory.annotation.AutowiredAnnotationBeanPostProcessor.postProcessProperties(AutowiredAnnotationBeanPostProcessor.java:515) ~[spring-beans-6.2.10.jar:6.2.10]
	at org.springframework.beans.factory.support.AbstractAutowireCapableBeanFactory.populateBean(AbstractAutowireCapableBeanFactory.java:1459) ~[spring-beans-6.2.10.jar:6.2.10]
	at org.springframework.beans.factory.support.AbstractAutowireCapableBeanFactory.doCreateBean(AbstractAutowireCapableBeanFactory.java:606) ~[spring-beans-6.2.10.jar:6.2.10]
	at org.springframework.beans.factory.support.AbstractAutowireCapableBeanFactory.createBean(AbstractAutowireCapableBeanFactory.java:529) ~[spring-beans-6.2.10.jar:6.2.10]
	at org.springframework.beans.factory.support.AbstractBeanFactory.lambda$doGetBean$0(AbstractBeanFactory.java:339) ~[spring-beans-6.2.10.jar:6.2.10]
	at org.springframework.beans.factory.support.DefaultSingletonBeanRegistry.getSingleton(DefaultSingletonBeanRegistry.java:373) ~[spring-beans-6.2.10.jar:6.2.10]
	at org.springframework.beans.factory.support.AbstractBeanFactory.doGetBean(AbstractBeanFactory.java:337) ~[spring-beans-6.2.10.jar:6.2.10]
	at org.springframework.beans.factory.support.AbstractBeanFactory.getBean(AbstractBeanFactory.java:202) ~[spring-beans-6.2.10.jar:6.2.10]
	at org.springframework.beans.factory.config.DependencyDescriptor.resolveCandidate(DependencyDescriptor.java:254) ~[spring-beans-6.2.10.jar:6.2.10]
	at org.springframework.beans.factory.support.DefaultListableBeanFactory.doResolveDependency(DefaultListableBeanFactory.java:1752) ~[spring-beans-6.2.10.jar:6.2.10]
	at org.springframework.beans.factory.support.DefaultListableBeanFactory.resolveDependency(DefaultListableBeanFactory.java:1635) ~[spring-beans-6.2.10.jar:6.2.10]
	at org.springframework.beans.factory.support.ConstructorResolver.resolveAutowiredArgument(ConstructorResolver.java:913) ~[spring-beans-6.2.10.jar:6.2.10]
	at org.springframework.beans.factory.support.ConstructorResolver.createArgumentArray(ConstructorResolver.java:791) ~[spring-beans-6.2.10.jar:6.2.10]
	... 54 common frames omitted
Caused by: org.springframework.util.PlaceholderResolutionException: Could not resolve placeholder 'security.jwt.secret' in value "${security.jwt.secret}"
	at org.springframework.util.PlaceholderResolutionException.withValue(PlaceholderResolutionException.java:81) ~[spring-core-6.2.10.jar:6.2.10]
	at org.springframework.util.PlaceholderParser$ParsedValue.resolve(PlaceholderParser.java:423) ~[spring-core-6.2.10.jar:6.2.10]
	at org.springframework.util.PlaceholderParser.replacePlaceholders(PlaceholderParser.java:128) ~[spring-core-6.2.10.jar:6.2.10]
	at org.springframework.util.PropertyPlaceholderHelper.parseStringValue(PropertyPlaceholderHelper.java:118) ~[spring-core-6.2.10.jar:6.2.10]
	at org.springframework.util.PropertyPlaceholderHelper.replacePlaceholders(PropertyPlaceholderHelper.java:114) ~[spring-core-6.2.10.jar:6.2.10]
	at org.springframework.core.env.AbstractPropertyResolver.doResolvePlaceholders(AbstractPropertyResolver.java:293) ~[spring-core-6.2.10.jar:6.2.10]
	at org.springframework.core.env.AbstractPropertyResolver.resolveRequiredPlaceholders(AbstractPropertyResolver.java:264) ~[spring-core-6.2.10.jar:6.2.10]
	at org.springframework.context.support.PropertySourcesPlaceholderConfigurer.lambda$processProperties$0(PropertySourcesPlaceholderConfigurer.java:186) ~[spring-context-6.2.10.jar:6.2.10]
	at org.springframework.beans.factory.support.AbstractBeanFactory.resolveEmbeddedValue(AbstractBeanFactory.java:971) ~[spring-beans-6.2.10.jar:6.2.10]
	at org.springframework.beans.factory.support.DefaultListableBeanFactory.doResolveDependency(DefaultListableBeanFactory.java:1657) ~[spring-beans-6.2.10.jar:6.2.10]
	at org.springframework.beans.factory.support.DefaultListableBeanFactory.resolveDependency(DefaultListableBeanFactory.java:1635) ~[spring-beans-6.2.10.jar:6.2.10]
	at org.springframework.beans.factory.annotation.AutowiredAnnotationBeanPostProcessor$AutowiredFieldElement.resolveFieldValue(AutowiredAnnotationBeanPostProcessor.java:785) ~[spring-beans-6.2.10.jar:6.2.10]
	at org.springframework.beans.factory.annotation.AutowiredAnnotationBeanPostProcessor$AutowiredFieldElement.inject(AutowiredAnnotationBeanPostProcessor.java:768) ~[spring-beans-6.2.10.jar:6.2.10]
	at org.springframework.beans.factory.annotation.InjectionMetadata.inject(InjectionMetadata.java:146) ~[spring-beans-6.2.10.jar:6.2.10]
	at org.springframework.beans.factory.annotation.AutowiredAnnotationBeanPostProcessor.postProcessProperties(AutowiredAnnotationBeanPostProcessor.java:509) ~[spring-beans-6.2.10.jar:6.2.10]
	... 66 common frames omitted

2025-11-04T17:05:25.220-03:00  INFO 15820 --- [Proyecto-Venta] [main] c.d.p.ProyectoVentaApplication           : Starting ProyectoVentaApplication using Java 24 with PID 15820 (C:\Users\Usuario\IdeaProjects\Distri\SistemaWebYDistribuido\Proyecto-Venta\target\classes started by Usuario in C:\Users\Usuario\IdeaProjects\Distri\SistemaWebYDistribuido\Proyecto-Venta)
2025-11-04T17:05:25.222-03:00  INFO 15820 --- [Proyecto-Venta] [main] c.d.p.ProyectoVentaApplication           : No active profile set, falling back to 1 default profile: "default"
2025-11-04T17:05:26.031-03:00  INFO 15820 --- [Proyecto-Venta] [main] .s.d.r.c.RepositoryConfigurationDelegate : Bootstrapping Spring Data JPA repositories in DEFAULT mode.
2025-11-04T17:05:26.194-03:00  INFO 15820 --- [Proyecto-Venta] [main] .s.d.r.c.RepositoryConfigurationDelegate : Finished Spring Data repository scanning in 155 ms. Found 8 JPA repository interfaces.
2025-11-04T17:05:26.500-03:00  INFO 15820 --- [Proyecto-Venta] [main] o.s.cloud.context.scope.GenericScope     : BeanFactory id=db8db3c4-01df-3f1c-bc9e-43975f9ea508
2025-11-04T17:05:26.923-03:00  INFO 15820 --- [Proyecto-Venta] [main] o.s.b.w.embedded.tomcat.TomcatWebServer  : Tomcat initialized with port 8081 (http)
2025-11-04T17:05:26.935-03:00  INFO 15820 --- [Proyecto-Venta] [main] o.apache.catalina.core.StandardService   : Starting service [Tomcat]
2025-11-04T17:05:26.936-03:00  INFO 15820 --- [Proyecto-Venta] [main] o.apache.catalina.core.StandardEngine    : Starting Servlet engine: [Apache Tomcat/10.1.44]
2025-11-04T17:05:26.998-03:00  INFO 15820 --- [Proyecto-Venta] [main] o.a.c.c.C.[Tomcat].[localhost].[/]       : Initializing Spring embedded WebApplicationContext
2025-11-04T17:05:26.999-03:00  INFO 15820 --- [Proyecto-Venta] [main] w.s.c.ServletWebServerApplicationContext : Root WebApplicationContext: initialization completed in 1739 ms
2025-11-04T17:05:27.013-03:00 ERROR 15820 --- [Proyecto-Venta] [main] o.s.b.web.embedded.tomcat.TomcatStarter  : Error starting Tomcat context. Exception: org.springframework.beans.factory.UnsatisfiedDependencyException. Message: Error creating bean with name 'jwtAuthFilter' defined in file [C:\Users\Usuario\IdeaProjects\Distri\SistemaWebYDistribuido\Proyecto-Venta\target\classes\com\distri\proyectoVenta\security\JwtAuthFilter.class]: Unsatisfied dependency expressed through constructor parameter 0: Error creating bean with name 'jwtService': Injection of autowired dependencies failed
2025-11-04T17:05:27.032-03:00  INFO 15820 --- [Proyecto-Venta] [main] o.apache.catalina.core.StandardService   : Stopping service [Tomcat]
2025-11-04T17:05:27.038-03:00  WARN 15820 --- [Proyecto-Venta] [main] ConfigServletWebServerApplicationContext : Exception encountered during context initialization - cancelling refresh attempt: org.springframework.context.ApplicationContextException: Unable to start web server
2025-11-04T17:05:27.047-03:00  INFO 15820 --- [Proyecto-Venta] [main] .s.b.a.l.ConditionEvaluationReportLogger : 

Error starting ApplicationContext. To display the condition evaluation report re-run your application with 'debug' enabled.
2025-11-04T17:05:27.061-03:00 ERROR 15820 --- [Proyecto-Venta] [main] o.s.boot.SpringApplication               : Application run failed

org.springframework.context.ApplicationContextException: Unable to start web server
	at org.springframework.boot.web.servlet.context.ServletWebServerApplicationContext.onRefresh(ServletWebServerApplicationContext.java:170) ~[spring-boot-3.5.5.jar:3.5.5]
	at org.springframework.context.support.AbstractApplicationContext.refresh(AbstractApplicationContext.java:621) ~[spring-context-6.2.10.jar:6.2.10]
	at org.springframework.boot.web.servlet.context.ServletWebServerApplicationContext.refresh(ServletWebServerApplicationContext.java:146) ~[spring-boot-3.5.5.jar:3.5.5]
	at org.springframework.boot.SpringApplication.refresh(SpringApplication.java:752) ~[spring-boot-3.5.5.jar:3.5.5]
	at org.springframework.boot.SpringApplication.refreshContext(SpringApplication.java:439) ~[spring-boot-3.5.5.jar:3.5.5]
	at org.springframework.boot.SpringApplication.run(SpringApplication.java:318) ~[spring-boot-3.5.5.jar:3.5.5]
	at org.springframework.boot.SpringApplication.run(SpringApplication.java:1361) ~[spring-boot-3.5.5.jar:3.5.5]
	at org.springframework.boot.SpringApplication.run(SpringApplication.java:1350) ~[spring-boot-3.5.5.jar:3.5.5]
	at com.distri.proyectoVenta.ProyectoVentaApplication.main(ProyectoVentaApplication.java:10) ~[classes/:na]
Caused by: org.springframework.boot.web.server.WebServerException: Unable to start embedded Tomcat
	at org.springframework.boot.web.embedded.tomcat.TomcatWebServer.initialize(TomcatWebServer.java:147) ~[spring-boot-3.5.5.jar:3.5.5]
	at org.springframework.boot.web.embedded.tomcat.TomcatWebServer.<init>(TomcatWebServer.java:107) ~[spring-boot-3.5.5.jar:3.5.5]
	at org.springframework.boot.web.embedded.tomcat.TomcatServletWebServerFactory.getTomcatWebServer(TomcatServletWebServerFactory.java:517) ~[spring-boot-3.5.5.jar:3.5.5]
	at org.springframework.boot.web.embedded.tomcat.TomcatServletWebServerFactory.getWebServer(TomcatServletWebServerFactory.java:219) ~[spring-boot-3.5.5.jar:3.5.5]
	at org.springframework.boot.web.servlet.context.ServletWebServerApplicationContext.createWebServer(ServletWebServerApplicationContext.java:193) ~[spring-boot-3.5.5.jar:3.5.5]
	at org.springframework.boot.web.servlet.context.ServletWebServerApplicationContext.onRefresh(ServletWebServerApplicationContext.java:167) ~[spring-boot-3.5.5.jar:3.5.5]
	... 8 common frames omitted
Caused by: org.springframework.beans.factory.UnsatisfiedDependencyException: Error creating bean with name 'jwtAuthFilter' defined in file [C:\Users\Usuario\IdeaProjects\Distri\SistemaWebYDistribuido\Proyecto-Venta\target\classes\com\distri\proyectoVenta\security\JwtAuthFilter.class]: Unsatisfied dependency expressed through constructor parameter 0: Error creating bean with name 'jwtService': Injection of autowired dependencies failed
	at org.springframework.beans.factory.support.ConstructorResolver.createArgumentArray(ConstructorResolver.java:804) ~[spring-beans-6.2.10.jar:6.2.10]
	at org.springframework.beans.factory.support.ConstructorResolver.autowireConstructor(ConstructorResolver.java:240) ~[spring-beans-6.2.10.jar:6.2.10]
	at org.springframework.beans.factory.support.AbstractAutowireCapableBeanFactory.autowireConstructor(AbstractAutowireCapableBeanFactory.java:1395) ~[spring-beans-6.2.10.jar:6.2.10]
	at org.springframework.beans.factory.support.AbstractAutowireCapableBeanFactory.createBeanInstance(AbstractAutowireCapableBeanFactory.java:1232) ~[spring-beans-6.2.10.jar:6.2.10]
	at org.springframework.beans.factory.support.AbstractAutowireCapableBeanFactory.doCreateBean(AbstractAutowireCapableBeanFactory.java:569) ~[spring-beans-6.2.10.jar:6.2.10]
	at org.springframework.beans.factory.support.AbstractAutowireCapableBeanFactory.createBean(AbstractAutowireCapableBeanFactory.java:529) ~[spring-beans-6.2.10.jar:6.2.10]
	at org.springframework.beans.factory.support.AbstractBeanFactory.lambda$doGetBean$0(AbstractBeanFactory.java:339) ~[spring-beans-6.2.10.jar:6.2.10]
	at org.springframework.beans.factory.support.DefaultSingletonBeanRegistry.getSingleton(DefaultSingletonBeanRegistry.java:373) ~[spring-beans-6.2.10.jar:6.2.10]
	at org.springframework.beans.factory.support.AbstractBeanFactory.doGetBean(AbstractBeanFactory.java:337) ~[spring-beans-6.2.10.jar:6.2.10]
	at org.springframework.beans.factory.support.AbstractBeanFactory.getBean(AbstractBeanFactory.java:207) ~[spring-beans-6.2.10.jar:6.2.10]
	at org.springframework.boot.web.servlet.ServletContextInitializerBeans.getOrderedBeansOfType(ServletContextInitializerBeans.java:230) ~[spring-boot-3.5.5.jar:3.5.5]
	at org.springframework.boot.web.servlet.ServletContextInitializerBeans.addAsRegistrationBean(ServletContextInitializerBeans.java:184) ~[spring-boot-3.5.5.jar:3.5.5]
	at org.springframework.boot.web.servlet.ServletContextInitializerBeans.addAsRegistrationBean(ServletContextInitializerBeans.java:179) ~[spring-boot-3.5.5.jar:3.5.5]
	at org.springframework.boot.web.servlet.ServletContextInitializerBeans.addAdaptableBeans(ServletContextInitializerBeans.java:164) ~[spring-boot-3.5.5.jar:3.5.5]
	at org.springframework.boot.web.servlet.ServletContextInitializerBeans.<init>(ServletContextInitializerBeans.java:96) ~[spring-boot-3.5.5.jar:3.5.5]
	at org.springframework.boot.web.servlet.context.ServletWebServerApplicationContext.getServletContextInitializerBeans(ServletWebServerApplicationContext.java:271) ~[spring-boot-3.5.5.jar:3.5.5]
	at org.springframework.boot.web.servlet.context.ServletWebServerApplicationContext.selfInitialize(ServletWebServerApplicationContext.java:245) ~[spring-boot-3.5.5.jar:3.5.5]
	at org.springframework.boot.web.embedded.tomcat.TomcatStarter.onStartup(TomcatStarter.java:52) ~[spring-boot-3.5.5.jar:3.5.5]
	at org.apache.catalina.core.StandardContext.startInternal(StandardContext.java:4464) ~[tomcat-embed-core-10.1.44.jar:10.1.44]
	at org.apache.catalina.util.LifecycleBase.start(LifecycleBase.java:164) ~[tomcat-embed-core-10.1.44.jar:10.1.44]
	at org.apache.catalina.core.ContainerBase$StartChild.call(ContainerBase.java:1203) ~[tomcat-embed-core-10.1.44.jar:10.1.44]
	at org.apache.catalina.core.ContainerBase$StartChild.call(ContainerBase.java:1193) ~[tomcat-embed-core-10.1.44.jar:10.1.44]
	at java.base/java.util.concurrent.FutureTask.run(FutureTask.java:328) ~[na:na]
	at org.apache.tomcat.util.threads.InlineExecutorService.execute(InlineExecutorService.java:75) ~[tomcat-embed-core-10.1.44.jar:10.1.44]
	at java.base/java.util.concurrent.AbstractExecutorService.submit(AbstractExecutorService.java:148) ~[na:na]
	at org.apache.catalina.core.ContainerBase.startInternal(ContainerBase.java:749) ~[tomcat-embed-core-10.1.44.jar:10.1.44]
	at org.apache.catalina.core.StandardHost.startInternal(StandardHost.java:772) ~[tomcat-embed-core-10.1.44.jar:10.1.44]
	at org.apache.catalina.util.LifecycleBase.start(LifecycleBase.java:164) ~[tomcat-embed-core-10.1.44.jar:10.1.44]
	at org.apache.catalina.core.ContainerBase$StartChild.call(ContainerBase.java:1203) ~[tomcat-embed-core-10.1.44.jar:10.1.44]
	at org.apache.catalina.core.ContainerBase$StartChild.call(ContainerBase.java:1193) ~[tomcat-embed-core-10.1.44.jar:10.1.44]
	at java.base/java.util.concurrent.FutureTask.run(FutureTask.java:328) ~[na:na]
	at org.apache.tomcat.util.threads.InlineExecutorService.execute(InlineExecutorService.java:75) ~[tomcat-embed-core-10.1.44.jar:10.1.44]
	at java.base/java.util.concurrent.AbstractExecutorService.submit(AbstractExecutorService.java:148) ~[na:na]
	at org.apache.catalina.core.ContainerBase.startInternal(ContainerBase.java:749) ~[tomcat-embed-core-10.1.44.jar:10.1.44]
	at org.apache.catalina.core.StandardEngine.startInternal(StandardEngine.java:203) ~[tomcat-embed-core-10.1.44.jar:10.1.44]
	at org.apache.catalina.util.LifecycleBase.start(LifecycleBase.java:164) ~[tomcat-embed-core-10.1.44.jar:10.1.44]
	at org.apache.catalina.core.StandardService.startInternal(StandardService.java:412) ~[tomcat-embed-core-10.1.44.jar:10.1.44]
	at org.apache.catalina.util.LifecycleBase.start(LifecycleBase.java:164) ~[tomcat-embed-core-10.1.44.jar:10.1.44]
	at org.apache.catalina.core.StandardServer.startInternal(StandardServer.java:870) ~[tomcat-embed-core-10.1.44.jar:10.1.44]
	at org.apache.catalina.util.LifecycleBase.start(LifecycleBase.java:164) ~[tomcat-embed-core-10.1.44.jar:10.1.44]
	at org.apache.catalina.startup.Tomcat.start(Tomcat.java:438) ~[tomcat-embed-core-10.1.44.jar:10.1.44]
	at org.springframework.boot.web.embedded.tomcat.TomcatWebServer.initialize(TomcatWebServer.java:128) ~[spring-boot-3.5.5.jar:3.5.5]
	... 13 common frames omitted
Caused by: org.springframework.beans.factory.BeanCreationException: Error creating bean with name 'jwtService': Injection of autowired dependencies failed
	at org.springframework.beans.factory.annotation.AutowiredAnnotationBeanPostProcessor.postProcessProperties(AutowiredAnnotationBeanPostProcessor.java:515) ~[spring-beans-6.2.10.jar:6.2.10]
	at org.springframework.beans.factory.support.AbstractAutowireCapableBeanFactory.populateBean(AbstractAutowireCapableBeanFactory.java:1459) ~[spring-beans-6.2.10.jar:6.2.10]
	at org.springframework.beans.factory.support.AbstractAutowireCapableBeanFactory.doCreateBean(AbstractAutowireCapableBeanFactory.java:606) ~[spring-beans-6.2.10.jar:6.2.10]
	at org.springframework.beans.factory.support.AbstractAutowireCapableBeanFactory.createBean(AbstractAutowireCapableBeanFactory.java:529) ~[spring-beans-6.2.10.jar:6.2.10]
	at org.springframework.beans.factory.support.AbstractBeanFactory.lambda$doGetBean$0(AbstractBeanFactory.java:339) ~[spring-beans-6.2.10.jar:6.2.10]
	at org.springframework.beans.factory.support.DefaultSingletonBeanRegistry.getSingleton(DefaultSingletonBeanRegistry.java:373) ~[spring-beans-6.2.10.jar:6.2.10]
	at org.springframework.beans.factory.support.AbstractBeanFactory.doGetBean(AbstractBeanFactory.java:337) ~[spring-beans-6.2.10.jar:6.2.10]
	at org.springframework.beans.factory.support.AbstractBeanFactory.getBean(AbstractBeanFactory.java:202) ~[spring-beans-6.2.10.jar:6.2.10]
	at org.springframework.beans.factory.config.DependencyDescriptor.resolveCandidate(DependencyDescriptor.java:254) ~[spring-beans-6.2.10.jar:6.2.10]
	at org.springframework.beans.factory.support.DefaultListableBeanFactory.doResolveDependency(DefaultListableBeanFactory.java:1752) ~[spring-beans-6.2.10.jar:6.2.10]
	at org.springframework.beans.factory.support.DefaultListableBeanFactory.resolveDependency(DefaultListableBeanFactory.java:1635) ~[spring-beans-6.2.10.jar:6.2.10]
	at org.springframework.beans.factory.support.ConstructorResolver.resolveAutowiredArgument(ConstructorResolver.java:913) ~[spring-beans-6.2.10.jar:6.2.10]
	at org.springframework.beans.factory.support.ConstructorResolver.createArgumentArray(ConstructorResolver.java:791) ~[spring-beans-6.2.10.jar:6.2.10]
	... 54 common frames omitted
Caused by: org.springframework.util.PlaceholderResolutionException: Could not resolve placeholder 'security.jwt.secret' in value "${security.jwt.secret}"
	at org.springframework.util.PlaceholderResolutionException.withValue(PlaceholderResolutionException.java:81) ~[spring-core-6.2.10.jar:6.2.10]
	at org.springframework.util.PlaceholderParser$ParsedValue.resolve(PlaceholderParser.java:423) ~[spring-core-6.2.10.jar:6.2.10]
	at org.springframework.util.PlaceholderParser.replacePlaceholders(PlaceholderParser.java:128) ~[spring-core-6.2.10.jar:6.2.10]
	at org.springframework.util.PropertyPlaceholderHelper.parseStringValue(PropertyPlaceholderHelper.java:118) ~[spring-core-6.2.10.jar:6.2.10]
	at org.springframework.util.PropertyPlaceholderHelper.replacePlaceholders(PropertyPlaceholderHelper.java:114) ~[spring-core-6.2.10.jar:6.2.10]
	at org.springframework.core.env.AbstractPropertyResolver.doResolvePlaceholders(AbstractPropertyResolver.java:293) ~[spring-core-6.2.10.jar:6.2.10]
	at org.springframework.core.env.AbstractPropertyResolver.resolveRequiredPlaceholders(AbstractPropertyResolver.java:264) ~[spring-core-6.2.10.jar:6.2.10]
	at org.springframework.context.support.PropertySourcesPlaceholderConfigurer.lambda$processProperties$0(PropertySourcesPlaceholderConfigurer.java:186) ~[spring-context-6.2.10.jar:6.2.10]
	at org.springframework.beans.factory.support.AbstractBeanFactory.resolveEmbeddedValue(AbstractBeanFactory.java:971) ~[spring-beans-6.2.10.jar:6.2.10]
	at org.springframework.beans.factory.support.DefaultListableBeanFactory.doResolveDependency(DefaultListableBeanFactory.java:1657) ~[spring-beans-6.2.10.jar:6.2.10]
	at org.springframework.beans.factory.support.DefaultListableBeanFactory.resolveDependency(DefaultListableBeanFactory.java:1635) ~[spring-beans-6.2.10.jar:6.2.10]
	at org.springframework.beans.factory.annotation.AutowiredAnnotationBeanPostProcessor$AutowiredFieldElement.resolveFieldValue(AutowiredAnnotationBeanPostProcessor.java:785) ~[spring-beans-6.2.10.jar:6.2.10]
	at org.springframework.beans.factory.annotation.AutowiredAnnotationBeanPostProcessor$AutowiredFieldElement.inject(AutowiredAnnotationBeanPostProcessor.java:768) ~[spring-beans-6.2.10.jar:6.2.10]
	at org.springframework.beans.factory.annotation.InjectionMetadata.inject(InjectionMetadata.java:146) ~[spring-beans-6.2.10.jar:6.2.10]
	at org.springframework.beans.factory.annotation.AutowiredAnnotationBeanPostProcessor.postProcessProperties(AutowiredAnnotationBeanPostProcessor.java:509) ~[spring-beans-6.2.10.jar:6.2.10]
	... 66 common frames omitted

2025-11-04T17:07:39.005-03:00  INFO 4560 --- [proyecto-venta] [main] c.d.p.ProyectoVentaApplication           : Starting ProyectoVentaApplication using Java 24 with PID 4560 (C:\Users\Usuario\IdeaProjects\Distri\SistemaWebYDistribuido\Proyecto-Venta\target\classes started by Usuario in C:\Users\Usuario\IdeaProjects\Distri\SistemaWebYDistribuido\Proyecto-Venta)
2025-11-04T17:07:39.007-03:00  INFO 4560 --- [proyecto-venta] [main] c.d.p.ProyectoVentaApplication           : No active profile set, falling back to 1 default profile: "default"
2025-11-04T17:07:39.812-03:00  INFO 4560 --- [proyecto-venta] [main] .s.d.r.c.RepositoryConfigurationDelegate : Bootstrapping Spring Data JPA repositories in DEFAULT mode.
2025-11-04T17:07:39.965-03:00  INFO 4560 --- [proyecto-venta] [main] .s.d.r.c.RepositoryConfigurationDelegate : Finished Spring Data repository scanning in 146 ms. Found 8 JPA repository interfaces.
2025-11-04T17:07:40.181-03:00  INFO 4560 --- [proyecto-venta] [main] o.s.cloud.context.scope.GenericScope     : BeanFactory id=f3e3b1ce-e9e3-321d-bfec-f74b85cffa8f
2025-11-04T17:07:40.564-03:00  INFO 4560 --- [proyecto-venta] [main] o.s.b.w.embedded.tomcat.TomcatWebServer  : Tomcat initialized with port 8081 (http)
2025-11-04T17:07:40.577-03:00  INFO 4560 --- [proyecto-venta] [main] o.apache.catalina.core.StandardService   : Starting service [Tomcat]
2025-11-04T17:07:40.578-03:00  INFO 4560 --- [proyecto-venta] [main] o.apache.catalina.core.StandardEngine    : Starting Servlet engine: [Apache Tomcat/10.1.44]
2025-11-04T17:07:40.640-03:00  INFO 4560 --- [proyecto-venta] [main] o.a.c.c.C.[Tomcat].[localhost].[/]       : Initializing Spring embedded WebApplicationContext
2025-11-04T17:07:40.641-03:00  INFO 4560 --- [proyecto-venta] [main] w.s.c.ServletWebServerApplicationContext : Root WebApplicationContext: initialization completed in 1596 ms
2025-11-04T17:07:40.819-03:00  INFO 4560 --- [proyecto-venta] [main] o.hibernate.jpa.internal.util.LogHelper  : HHH000204: Processing PersistenceUnitInfo [name: default]
2025-11-04T17:07:40.870-03:00  INFO 4560 --- [proyecto-venta] [main] org.hibernate.Version                    : HHH000412: Hibernate ORM core version 6.6.26.Final
2025-11-04T17:07:40.900-03:00  INFO 4560 --- [proyecto-venta] [main] o.h.c.internal.RegionFactoryInitiator    : HHH000026: Second-level cache disabled
2025-11-04T17:07:41.152-03:00  INFO 4560 --- [proyecto-venta] [main] o.s.o.j.p.SpringPersistenceUnitInfo      : No LoadTimeWeaver setup: ignoring JPA class transformer
2025-11-04T17:07:41.179-03:00  WARN 4560 --- [proyecto-venta] [main] com.zaxxer.hikari.HikariConfig           : venta-pool - keepaliveTime is greater than or equal to maxLifetime, disabling it.
2025-11-04T17:07:41.179-03:00  INFO 4560 --- [proyecto-venta] [main] com.zaxxer.hikari.HikariDataSource       : venta-pool - Starting...
2025-11-04T17:07:43.430-03:00  INFO 4560 --- [proyecto-venta] [main] com.zaxxer.hikari.HikariDataSource       : venta-pool - Start completed.
2025-11-04T17:07:45.009-03:00  WARN 4560 --- [proyecto-venta] [main] org.hibernate.orm.deprecation            : HHH90000025: PostgreSQLDialect does not need to be specified explicitly using 'hibernate.dialect' (remove the property setting and it will be selected by default)
2025-11-04T17:07:45.591-03:00  INFO 4560 --- [proyecto-venta] [main] org.hibernate.orm.connections.pooling    : HHH10001005: Database info:
	Database JDBC URL [Connecting through datasource 'HikariDataSource (venta-pool)']
	Database driver: undefined/unknown
	Database version: 17.6
	Autocommit mode: undefined/unknown
	Isolation level: undefined/unknown
	Minimum pool size: undefined/unknown
	Maximum pool size: undefined/unknown
2025-11-04T17:07:46.507-03:00  INFO 4560 --- [proyecto-venta] [main] o.h.e.t.j.p.i.JtaPlatformInitiator       : HHH000489: No JTA platform available (set 'hibernate.transaction.jta.platform' to enable JTA platform integration)
2025-11-04T17:07:46.510-03:00  INFO 4560 --- [proyecto-venta] [main] j.LocalContainerEntityManagerFactoryBean : Initialized JPA EntityManagerFactory for persistence unit 'default'
2025-11-04T17:07:46.848-03:00  INFO 4560 --- [proyecto-venta] [main] o.s.d.j.r.query.QueryEnhancerFactory     : Hibernate is in classpath; If applicable, HQL parser will be used.
2025-11-04T17:07:47.477-03:00  WARN 4560 --- [proyecto-venta] [main] JpaBaseConfiguration$JpaWebConfiguration : spring.jpa.open-in-view is enabled by default. Therefore, database queries may be performed during view rendering. Explicitly configure spring.jpa.open-in-view to disable this warning
2025-11-04T17:07:47.550-03:00  WARN 4560 --- [proyecto-venta] [main] .s.s.UserDetailsServiceAutoConfiguration : 

Using generated security password: 1430733f-64c4-4f23-bc10-bc8fdc944b1b

This generated password is for development use only. Your security configuration must be updated before running your application in production.

2025-11-04T17:07:47.558-03:00  INFO 4560 --- [proyecto-venta] [main] r$InitializeUserDetailsManagerConfigurer : Global AuthenticationManager configured with UserDetailsService bean with name inMemoryUserDetailsManager
2025-11-04T17:07:49.255-03:00  INFO 4560 --- [proyecto-venta] [main] o.s.cloud.commons.util.InetUtils         : Cannot determine local hostname
2025-11-04T17:07:50.278-03:00  INFO 4560 --- [proyecto-venta] [main] o.s.cloud.commons.util.InetUtils         : Cannot determine local hostname
2025-11-04T17:07:50.302-03:00  INFO 4560 --- [proyecto-venta] [main] DiscoveryClientOptionalArgsConfiguration : Eureka HTTP Client uses RestTemplate.
2025-11-04T17:07:50.343-03:00  WARN 4560 --- [proyecto-venta] [main] iguration$LoadBalancerCaffeineWarnLogger : Spring Cloud LoadBalancer is currently working with the default cache. While this cache implementation is useful for development and tests, it's recommended to use Caffeine cache in production.You can switch to using Caffeine cache, by adding it and org.springframework.cache.caffeine.CaffeineCacheManager to the classpath.
2025-11-04T17:07:50.388-03:00  INFO 4560 --- [proyecto-venta] [main] o.s.c.n.eureka.InstanceInfoFactory       : Setting initial instance status as: STARTING
2025-11-04T17:07:50.409-03:00  INFO 4560 --- [proyecto-venta] [main] com.netflix.discovery.DiscoveryClient    : Initializing Eureka in region us-east-1
2025-11-04T17:07:50.412-03:00  INFO 4560 --- [proyecto-venta] [main] c.n.d.s.r.aws.ConfigClusterResolver      : Resolving eureka endpoints via configuration
2025-11-04T17:07:50.420-03:00  INFO 4560 --- [proyecto-venta] [main] com.netflix.discovery.DiscoveryClient    : Disable delta property : false
2025-11-04T17:07:50.420-03:00  INFO 4560 --- [proyecto-venta] [main] com.netflix.discovery.DiscoveryClient    : Single vip registry refresh property : null
2025-11-04T17:07:50.420-03:00  INFO 4560 --- [proyecto-venta] [main] com.netflix.discovery.DiscoveryClient    : Force full registry fetch : false
2025-11-04T17:07:50.420-03:00  INFO 4560 --- [proyecto-venta] [main] com.netflix.discovery.DiscoveryClient    : Application is null : false
2025-11-04T17:07:50.420-03:00  INFO 4560 --- [proyecto-venta] [main] com.netflix.discovery.DiscoveryClient    : Registered Applications size is zero : true
2025-11-04T17:07:50.420-03:00  INFO 4560 --- [proyecto-venta] [main] com.netflix.discovery.DiscoveryClient    : Application version is -1: true
2025-11-04T17:07:50.420-03:00  INFO 4560 --- [proyecto-venta] [main] com.netflix.discovery.DiscoveryClient    : Getting all instance registry info from the eureka server
2025-11-04T17:07:50.729-03:00  INFO 4560 --- [proyecto-venta] [main] com.netflix.discovery.DiscoveryClient    : The response status is 200
2025-11-04T17:07:50.730-03:00  INFO 4560 --- [proyecto-venta] [main] com.netflix.discovery.DiscoveryClient    : Starting heartbeat executor: renew interval is: 30
2025-11-04T17:07:50.732-03:00  INFO 4560 --- [proyecto-venta] [main] c.n.discovery.InstanceInfoReplicator     : InstanceInfoReplicator onDemand update allowed rate per min is 4
2025-11-04T17:07:50.733-03:00  INFO 4560 --- [proyecto-venta] [main] com.netflix.discovery.DiscoveryClient    : Discovery Client initialized at timestamp 1762286870733 with initial instances count: 1
2025-11-04T17:07:50.738-03:00  INFO 4560 --- [proyecto-venta] [main] o.s.c.n.e.s.EurekaServiceRegistry        : Registering application PROYECTO-VENTA with eureka with status UP
2025-11-04T17:07:50.739-03:00  INFO 4560 --- [proyecto-venta] [main] com.netflix.discovery.DiscoveryClient    : Saw local status change event StatusChangeEvent [timestamp=1762286870739, current=UP, previous=STARTING]
2025-11-04T17:07:50.740-03:00  INFO 4560 --- [proyecto-venta] [DiscoveryClient-InstanceInfoReplicator-%d] com.netflix.discovery.DiscoveryClient    : DiscoveryClient_PROYECTO-VENTA/localhost:proyecto-venta:8081: registering service...
2025-11-04T17:07:50.755-03:00  INFO 4560 --- [proyecto-venta] [main] o.s.b.w.embedded.tomcat.TomcatWebServer  : Tomcat started on port 8081 (http) with context path '/'
2025-11-04T17:07:50.756-03:00  INFO 4560 --- [proyecto-venta] [main] .s.c.n.e.s.EurekaAutoServiceRegistration : Updating port to 8081
2025-11-04T17:07:50.772-03:00  INFO 4560 --- [proyecto-venta] [DiscoveryClient-InstanceInfoReplicator-%d] com.netflix.discovery.DiscoveryClient    : DiscoveryClient_PROYECTO-VENTA/localhost:proyecto-venta:8081 - registration status: 204
2025-11-04T17:07:51.760-03:00  INFO 4560 --- [proyecto-venta] [main] o.s.cloud.commons.util.InetUtils         : Cannot determine local hostname
2025-11-04T17:07:51.766-03:00  INFO 4560 --- [proyecto-venta] [main] c.d.p.ProyectoVentaApplication           : Started ProyectoVentaApplication in 14.194 seconds (process running for 14.899)
2025-11-04T17:12:50.423-03:00  INFO 4560 --- [proyecto-venta] [AsyncResolver-bootstrap-executor-%d] c.n.d.s.r.aws.ConfigClusterResolver      : Resolving eureka endpoints via configuration
2025-11-04T17:13:02.300-03:00  INFO 4560 --- [proyecto-venta] [http-nio-8081-exec-1] o.a.c.c.C.[Tomcat].[localhost].[/]       : Initializing Spring DispatcherServlet 'dispatcherServlet'
2025-11-04T17:13:02.300-03:00  INFO 4560 --- [proyecto-venta] [http-nio-8081-exec-1] o.s.web.servlet.DispatcherServlet        : Initializing Servlet 'dispatcherServlet'
2025-11-04T17:13:02.302-03:00  INFO 4560 --- [proyecto-venta] [http-nio-8081-exec-1] o.s.web.servlet.DispatcherServlet        : Completed initialization in 2 ms
2025-11-04T17:13:02.375-03:00  INFO 4560 --- [proyecto-venta] [http-nio-8081-exec-1] c.d.p.apis.controller.VentaController    : GET /ventas page=0 size=10 filtros: clienteId=null, desde=null, hasta=null
2025-11-04T17:13:03.787-03:00  INFO 4560 --- [proyecto-venta] [http-nio-8081-exec-1] c.d.p.apis.service.VentaService          : Listando ventas - clienteId=null desde=null hasta=null
2025-11-04T17:13:04.280-03:00 DEBUG 4560 --- [proyecto-venta] [http-nio-8081-exec-1] c.d.p.apis.service.VentaService          : Cantidad de ventas encontradas: 14
2025-11-04T17:13:04.476-03:00  WARN 4560 --- [proyecto-venta] [http-nio-8081-exec-1] ration$PageModule$WarningLoggingModifier : Serializing PageImpl instances as-is is not supported, meaning that there is no guarantee about the stability of the resulting JSON structure!
	For a stable JSON structure, please use Spring Data's PagedModel (globally via @EnableSpringDataWebSupport(pageSerializationMode = VIA_DTO))
	or Spring HATEOAS and Spring Data's PagedResourcesAssembler as documented in https://docs.spring.io/spring-data/commons/reference/repositories/core-extensions.html#core.web.pageables.

2025-11-04T17:14:58.615-03:00  INFO 4560 --- [proyecto-venta] [http-nio-8081-exec-8] c.d.p.apis.controller.VentaController    : GET /ventas page=0 size=10 filtros: clienteId=null, desde=null, hasta=null
2025-11-04T17:15:00.037-03:00  INFO 4560 --- [proyecto-venta] [http-nio-8081-exec-8] c.d.p.apis.service.VentaService          : Listando ventas - clienteId=null desde=null hasta=null
2025-11-04T17:15:00.443-03:00 DEBUG 4560 --- [proyecto-venta] [http-nio-8081-exec-8] c.d.p.apis.service.VentaService          : Cantidad de ventas encontradas: 14
2025-11-04T17:15:12.525-03:00  INFO 4560 --- [proyecto-venta] [SpringApplicationShutdownHook] o.s.c.n.e.s.EurekaServiceRegistry        : Unregistering application PROYECTO-VENTA with eureka with status DOWN
2025-11-04T17:15:12.525-03:00  INFO 4560 --- [proyecto-venta] [SpringApplicationShutdownHook] com.netflix.discovery.DiscoveryClient    : Saw local status change event StatusChangeEvent [timestamp=1762287312525, current=DOWN, previous=UP]
2025-11-04T17:15:12.525-03:00  INFO 4560 --- [proyecto-venta] [DiscoveryClient-InstanceInfoReplicator-%d] com.netflix.discovery.DiscoveryClient    : DiscoveryClient_PROYECTO-VENTA/localhost:proyecto-venta:8081: registering service...
2025-11-04T17:15:12.527-03:00  INFO 4560 --- [proyecto-venta] [SpringApplicationShutdownHook] o.s.b.w.e.tomcat.GracefulShutdown        : Commencing graceful shutdown. Waiting for active requests to complete
2025-11-04T17:15:12.530-03:00  INFO 4560 --- [proyecto-venta] [DiscoveryClient-InstanceInfoReplicator-%d] com.netflix.discovery.DiscoveryClient    : DiscoveryClient_PROYECTO-VENTA/localhost:proyecto-venta:8081 - registration status: 204
2025-11-04T17:15:12.531-03:00  INFO 4560 --- [proyecto-venta] [tomcat-shutdown] o.s.b.w.e.tomcat.GracefulShutdown        : Graceful shutdown complete
2025-11-04T17:15:12.537-03:00  INFO 4560 --- [proyecto-venta] [SpringApplicationShutdownHook] j.LocalContainerEntityManagerFactoryBean : Closing JPA EntityManagerFactory for persistence unit 'default'
2025-11-04T17:15:12.539-03:00  INFO 4560 --- [proyecto-venta] [SpringApplicationShutdownHook] com.zaxxer.hikari.HikariDataSource       : venta-pool - Shutdown initiated...
2025-11-04T17:15:12.734-03:00  INFO 4560 --- [proyecto-venta] [SpringApplicationShutdownHook] com.zaxxer.hikari.HikariDataSource       : venta-pool - Shutdown completed.
2025-11-04T17:15:12.734-03:00  INFO 4560 --- [proyecto-venta] [SpringApplicationShutdownHook] com.netflix.discovery.DiscoveryClient    : Shutting down DiscoveryClient ...
2025-11-04T17:15:15.736-03:00  INFO 4560 --- [proyecto-venta] [SpringApplicationShutdownHook] com.netflix.discovery.DiscoveryClient    : Unregistering ...
2025-11-04T17:15:15.741-03:00  INFO 4560 --- [proyecto-venta] [SpringApplicationShutdownHook] com.netflix.discovery.DiscoveryClient    : DiscoveryClient_PROYECTO-VENTA/localhost:proyecto-venta:8081 - deregister  status: 200
2025-11-04T17:15:15.742-03:00  INFO 4560 --- [proyecto-venta] [SpringApplicationShutdownHook] com.netflix.discovery.DiscoveryClient    : Completed shut down of DiscoveryClient
2025-11-04T17:19:22.504-03:00  INFO 11572 --- [proyecto-venta] [main] c.d.p.ProyectoVentaApplication           : Starting ProyectoVentaApplication using Java 24 with PID 11572 (C:\Users\Usuario\IdeaProjects\Distri\SistemaWebYDistribuido\Proyecto-Venta\target\classes started by Usuario in C:\Users\Usuario\IdeaProjects\Distri\SistemaWebYDistribuido\Proyecto-Venta)
2025-11-04T17:19:22.506-03:00  INFO 11572 --- [proyecto-venta] [main] c.d.p.ProyectoVentaApplication           : No active profile set, falling back to 1 default profile: "default"
2025-11-04T17:19:23.303-03:00  INFO 11572 --- [proyecto-venta] [main] .s.d.r.c.RepositoryConfigurationDelegate : Bootstrapping Spring Data JPA repositories in DEFAULT mode.
2025-11-04T17:19:23.458-03:00  INFO 11572 --- [proyecto-venta] [main] .s.d.r.c.RepositoryConfigurationDelegate : Finished Spring Data repository scanning in 147 ms. Found 8 JPA repository interfaces.
2025-11-04T17:19:23.678-03:00  INFO 11572 --- [proyecto-venta] [main] o.s.cloud.context.scope.GenericScope     : BeanFactory id=f3e3b1ce-e9e3-321d-bfec-f74b85cffa8f
2025-11-04T17:19:24.051-03:00  INFO 11572 --- [proyecto-venta] [main] o.s.b.w.embedded.tomcat.TomcatWebServer  : Tomcat initialized with port 8081 (http)
2025-11-04T17:19:24.063-03:00  INFO 11572 --- [proyecto-venta] [main] o.apache.catalina.core.StandardService   : Starting service [Tomcat]
2025-11-04T17:19:24.064-03:00  INFO 11572 --- [proyecto-venta] [main] o.apache.catalina.core.StandardEngine    : Starting Servlet engine: [Apache Tomcat/10.1.44]
2025-11-04T17:19:24.126-03:00  INFO 11572 --- [proyecto-venta] [main] o.a.c.c.C.[Tomcat].[localhost].[/]       : Initializing Spring embedded WebApplicationContext
2025-11-04T17:19:24.126-03:00  INFO 11572 --- [proyecto-venta] [main] w.s.c.ServletWebServerApplicationContext : Root WebApplicationContext: initialization completed in 1582 ms
2025-11-04T17:19:24.307-03:00  INFO 11572 --- [proyecto-venta] [main] o.hibernate.jpa.internal.util.LogHelper  : HHH000204: Processing PersistenceUnitInfo [name: default]
2025-11-04T17:19:24.355-03:00  INFO 11572 --- [proyecto-venta] [main] org.hibernate.Version                    : HHH000412: Hibernate ORM core version 6.6.26.Final
2025-11-04T17:19:24.389-03:00  INFO 11572 --- [proyecto-venta] [main] o.h.c.internal.RegionFactoryInitiator    : HHH000026: Second-level cache disabled
2025-11-04T17:19:24.643-03:00  INFO 11572 --- [proyecto-venta] [main] o.s.o.j.p.SpringPersistenceUnitInfo      : No LoadTimeWeaver setup: ignoring JPA class transformer
2025-11-04T17:19:24.670-03:00  WARN 11572 --- [proyecto-venta] [main] com.zaxxer.hikari.HikariConfig           : venta-pool - keepaliveTime is greater than or equal to maxLifetime, disabling it.
2025-11-04T17:19:24.670-03:00  INFO 11572 --- [proyecto-venta] [main] com.zaxxer.hikari.HikariDataSource       : venta-pool - Starting...
2025-11-04T17:19:26.919-03:00  INFO 11572 --- [proyecto-venta] [main] com.zaxxer.hikari.HikariDataSource       : venta-pool - Start completed.
2025-11-04T17:19:28.471-03:00  WARN 11572 --- [proyecto-venta] [main] org.hibernate.orm.deprecation            : HHH90000025: PostgreSQLDialect does not need to be specified explicitly using 'hibernate.dialect' (remove the property setting and it will be selected by default)
2025-11-04T17:19:29.039-03:00  INFO 11572 --- [proyecto-venta] [main] org.hibernate.orm.connections.pooling    : HHH10001005: Database info:
	Database JDBC URL [Connecting through datasource 'HikariDataSource (venta-pool)']
	Database driver: undefined/unknown
	Database version: 17.6
	Autocommit mode: undefined/unknown
	Isolation level: undefined/unknown
	Minimum pool size: undefined/unknown
	Maximum pool size: undefined/unknown
2025-11-04T17:19:29.962-03:00  INFO 11572 --- [proyecto-venta] [main] o.h.e.t.j.p.i.JtaPlatformInitiator       : HHH000489: No JTA platform available (set 'hibernate.transaction.jta.platform' to enable JTA platform integration)
2025-11-04T17:19:29.965-03:00  INFO 11572 --- [proyecto-venta] [main] j.LocalContainerEntityManagerFactoryBean : Initialized JPA EntityManagerFactory for persistence unit 'default'
2025-11-04T17:19:30.312-03:00  INFO 11572 --- [proyecto-venta] [main] o.s.d.j.r.query.QueryEnhancerFactory     : Hibernate is in classpath; If applicable, HQL parser will be used.
2025-11-04T17:19:30.956-03:00  WARN 11572 --- [proyecto-venta] [main] JpaBaseConfiguration$JpaWebConfiguration : spring.jpa.open-in-view is enabled by default. Therefore, database queries may be performed during view rendering. Explicitly configure spring.jpa.open-in-view to disable this warning
2025-11-04T17:19:31.014-03:00  WARN 11572 --- [proyecto-venta] [main] .s.s.UserDetailsServiceAutoConfiguration : 

Using generated security password: 332ed950-da9d-4ef1-9b68-b600714e8345

This generated password is for development use only. Your security configuration must be updated before running your application in production.

2025-11-04T17:19:31.021-03:00  INFO 11572 --- [proyecto-venta] [main] r$InitializeUserDetailsManagerConfigurer : Global AuthenticationManager configured with UserDetailsService bean with name inMemoryUserDetailsManager
2025-11-04T17:19:32.701-03:00  INFO 11572 --- [proyecto-venta] [main] o.s.cloud.commons.util.InetUtils         : Cannot determine local hostname
2025-11-04T17:19:33.723-03:00  INFO 11572 --- [proyecto-venta] [main] o.s.cloud.commons.util.InetUtils         : Cannot determine local hostname
2025-11-04T17:19:33.750-03:00  INFO 11572 --- [proyecto-venta] [main] DiscoveryClientOptionalArgsConfiguration : Eureka HTTP Client uses RestTemplate.
2025-11-04T17:19:33.790-03:00  WARN 11572 --- [proyecto-venta] [main] iguration$LoadBalancerCaffeineWarnLogger : Spring Cloud LoadBalancer is currently working with the default cache. While this cache implementation is useful for development and tests, it's recommended to use Caffeine cache in production.You can switch to using Caffeine cache, by adding it and org.springframework.cache.caffeine.CaffeineCacheManager to the classpath.
2025-11-04T17:19:33.833-03:00  INFO 11572 --- [proyecto-venta] [main] o.s.c.n.eureka.InstanceInfoFactory       : Setting initial instance status as: STARTING
2025-11-04T17:19:33.852-03:00  INFO 11572 --- [proyecto-venta] [main] com.netflix.discovery.DiscoveryClient    : Initializing Eureka in region us-east-1
2025-11-04T17:19:33.855-03:00  INFO 11572 --- [proyecto-venta] [main] c.n.d.s.r.aws.ConfigClusterResolver      : Resolving eureka endpoints via configuration
2025-11-04T17:19:33.863-03:00  INFO 11572 --- [proyecto-venta] [main] com.netflix.discovery.DiscoveryClient    : Disable delta property : false
2025-11-04T17:19:33.863-03:00  INFO 11572 --- [proyecto-venta] [main] com.netflix.discovery.DiscoveryClient    : Single vip registry refresh property : null
2025-11-04T17:19:33.863-03:00  INFO 11572 --- [proyecto-venta] [main] com.netflix.discovery.DiscoveryClient    : Force full registry fetch : false
2025-11-04T17:19:33.863-03:00  INFO 11572 --- [proyecto-venta] [main] com.netflix.discovery.DiscoveryClient    : Application is null : false
2025-11-04T17:19:33.863-03:00  INFO 11572 --- [proyecto-venta] [main] com.netflix.discovery.DiscoveryClient    : Registered Applications size is zero : true
2025-11-04T17:19:33.863-03:00  INFO 11572 --- [proyecto-venta] [main] com.netflix.discovery.DiscoveryClient    : Application version is -1: true
2025-11-04T17:19:33.863-03:00  INFO 11572 --- [proyecto-venta] [main] com.netflix.discovery.DiscoveryClient    : Getting all instance registry info from the eureka server
2025-11-04T17:19:34.164-03:00  INFO 11572 --- [proyecto-venta] [main] com.netflix.discovery.DiscoveryClient    : The response status is 200
2025-11-04T17:19:34.166-03:00  INFO 11572 --- [proyecto-venta] [main] com.netflix.discovery.DiscoveryClient    : Starting heartbeat executor: renew interval is: 30
2025-11-04T17:19:34.168-03:00  INFO 11572 --- [proyecto-venta] [main] c.n.discovery.InstanceInfoReplicator     : InstanceInfoReplicator onDemand update allowed rate per min is 4
2025-11-04T17:19:34.169-03:00  INFO 11572 --- [proyecto-venta] [main] com.netflix.discovery.DiscoveryClient    : Discovery Client initialized at timestamp 1762287574169 with initial instances count: 2
2025-11-04T17:19:34.175-03:00  INFO 11572 --- [proyecto-venta] [main] o.s.c.n.e.s.EurekaServiceRegistry        : Registering application PROYECTO-VENTA with eureka with status UP
2025-11-04T17:19:34.176-03:00  INFO 11572 --- [proyecto-venta] [main] com.netflix.discovery.DiscoveryClient    : Saw local status change event StatusChangeEvent [timestamp=1762287574176, current=UP, previous=STARTING]
2025-11-04T17:19:34.177-03:00  INFO 11572 --- [proyecto-venta] [DiscoveryClient-InstanceInfoReplicator-%d] com.netflix.discovery.DiscoveryClient    : DiscoveryClient_PROYECTO-VENTA/localhost:proyecto-venta:8081: registering service...
2025-11-04T17:19:34.192-03:00  INFO 11572 --- [proyecto-venta] [main] o.s.b.w.embedded.tomcat.TomcatWebServer  : Tomcat started on port 8081 (http) with context path '/'
2025-11-04T17:19:34.193-03:00  INFO 11572 --- [proyecto-venta] [main] .s.c.n.e.s.EurekaAutoServiceRegistration : Updating port to 8081
2025-11-04T17:19:34.210-03:00  INFO 11572 --- [proyecto-venta] [DiscoveryClient-InstanceInfoReplicator-%d] com.netflix.discovery.DiscoveryClient    : DiscoveryClient_PROYECTO-VENTA/localhost:proyecto-venta:8081 - registration status: 204
2025-11-04T17:19:35.196-03:00  INFO 11572 --- [proyecto-venta] [main] o.s.cloud.commons.util.InetUtils         : Cannot determine local hostname
2025-11-04T17:19:35.203-03:00  INFO 11572 --- [proyecto-venta] [main] c.d.p.ProyectoVentaApplication           : Started ProyectoVentaApplication in 14.124 seconds (process running for 14.833)
2025-11-04T17:19:57.448-03:00  INFO 11572 --- [proyecto-venta] [http-nio-8081-exec-1] o.a.c.c.C.[Tomcat].[localhost].[/]       : Initializing Spring DispatcherServlet 'dispatcherServlet'
2025-11-04T17:19:57.449-03:00  INFO 11572 --- [proyecto-venta] [http-nio-8081-exec-1] o.s.web.servlet.DispatcherServlet        : Initializing Servlet 'dispatcherServlet'
2025-11-04T17:19:57.450-03:00  INFO 11572 --- [proyecto-venta] [http-nio-8081-exec-1] o.s.web.servlet.DispatcherServlet        : Completed initialization in 1 ms
2025-11-04T17:19:57.522-03:00  INFO 11572 --- [proyecto-venta] [http-nio-8081-exec-1] c.d.p.a.controller.CategoriaController   : GET /categorias/0/10?q=null
2025-11-04T17:19:57.710-03:00  INFO 11572 --- [proyecto-venta] [http-nio-8081-exec-1] c.d.p.apis.service.CategoriaService      : Listando categorias con filtro='null', página=0, tamaño=10
2025-11-04T17:19:57.997-03:00 DEBUG 11572 --- [proyecto-venta] [http-nio-8081-exec-1] c.d.p.apis.service.CategoriaService      : Cantidad de categorias encontradas: 6
2025-11-04T17:19:58.190-03:00  WARN 11572 --- [proyecto-venta] [http-nio-8081-exec-1] ration$PageModule$WarningLoggingModifier : Serializing PageImpl instances as-is is not supported, meaning that there is no guarantee about the stability of the resulting JSON structure!
	For a stable JSON structure, please use Spring Data's PagedModel (globally via @EnableSpringDataWebSupport(pageSerializationMode = VIA_DTO))
	or Spring HATEOAS and Spring Data's PagedResourcesAssembler as documented in https://docs.spring.io/spring-data/commons/reference/repositories/core-extensions.html#core.web.pageables.

2025-11-04T17:21:13.447-03:00  INFO 11572 --- [proyecto-venta] [http-nio-8081-exec-9] c.d.p.a.controller.ProveedorController   : GET /proveedores?page=0&size=10&q=null
2025-11-04T17:21:14.913-03:00  INFO 11572 --- [proyecto-venta] [http-nio-8081-exec-9] c.d.p.apis.service.ProveedorService      : Listado de Proveedores con filtro='null', página=0, tamaño=10
2025-11-04T17:21:15.165-03:00 DEBUG 11572 --- [proyecto-venta] [http-nio-8081-exec-9] c.d.p.apis.service.ProveedorService      : Cantidad de proveedores encontradas: 2
2025-11-04T17:21:22.928-03:00  INFO 11572 --- [proyecto-venta] [http-nio-8081-exec-10] c.d.p.apis.controller.ClienteController  : GET /clientes?page=0&size=10 q=null
2025-11-04T17:21:23.119-03:00  INFO 11572 --- [proyecto-venta] [http-nio-8081-exec-10] c.d.p.apis.service.ClienteService        : Listado de clientes con filtro='null', página=0, tamaño=10
2025-11-04T17:21:23.520-03:00 DEBUG 11572 --- [proyecto-venta] [http-nio-8081-exec-10] c.d.p.apis.service.ClienteService        : Cantidad de clientes encontrados: 15
2025-11-04T17:21:28.987-03:00  INFO 11572 --- [proyecto-venta] [http-nio-8081-exec-8] c.d.p.a.controller.ProductoController    : GET /productos?page=0&size=10 q=null categoriaId=null
2025-11-04T17:21:29.189-03:00  INFO 11572 --- [proyecto-venta] [http-nio-8081-exec-8] c.d.p.apis.service.ProductoService       : Listado de producto con filtro='null', página=0, tamaño=10
2025-11-04T17:21:29.391-03:00 DEBUG 11572 --- [proyecto-venta] [http-nio-8081-exec-8] c.d.p.apis.service.ProductoService       : Cantidad de productos encontradas: 4
2025-11-04T17:21:38.390-03:00  INFO 11572 --- [proyecto-venta] [http-nio-8081-exec-1] c.d.p.a.controller.CategoriaController   : GET /categorias/0/10?q=null
2025-11-04T17:21:38.585-03:00  INFO 11572 --- [proyecto-venta] [http-nio-8081-exec-1] c.d.p.apis.service.CategoriaService      : Listando categorias con filtro='null', página=0, tamaño=10
2025-11-04T17:21:38.779-03:00 DEBUG 11572 --- [proyecto-venta] [http-nio-8081-exec-1] c.d.p.apis.service.CategoriaService      : Cantidad de categorias encontradas: 6
2025-11-04T17:21:46.910-03:00  INFO 11572 --- [proyecto-venta] [http-nio-8081-exec-3] c.d.p.apis.controller.VentaController    : GET /ventas page=0 size=10 filtros: clienteId=null, desde=null, hasta=null
2025-11-04T17:21:47.122-03:00  INFO 11572 --- [proyecto-venta] [http-nio-8081-exec-3] c.d.p.apis.service.VentaService          : Listando ventas - clienteId=null desde=null hasta=null
2025-11-04T17:21:47.528-03:00 DEBUG 11572 --- [proyecto-venta] [http-nio-8081-exec-3] c.d.p.apis.service.VentaService          : Cantidad de ventas encontradas: 14
2025-11-04T17:22:04.079-03:00  INFO 11572 --- [proyecto-venta] [SpringApplicationShutdownHook] o.s.c.n.e.s.EurekaServiceRegistry        : Unregistering application PROYECTO-VENTA with eureka with status DOWN
2025-11-04T17:22:04.079-03:00  INFO 11572 --- [proyecto-venta] [SpringApplicationShutdownHook] com.netflix.discovery.DiscoveryClient    : Saw local status change event StatusChangeEvent [timestamp=1762287724079, current=DOWN, previous=UP]
2025-11-04T17:22:04.079-03:00  INFO 11572 --- [proyecto-venta] [DiscoveryClient-InstanceInfoReplicator-%d] com.netflix.discovery.DiscoveryClient    : DiscoveryClient_PROYECTO-VENTA/localhost:proyecto-venta:8081: registering service...
2025-11-04T17:22:04.081-03:00  INFO 11572 --- [proyecto-venta] [SpringApplicationShutdownHook] o.s.b.w.e.tomcat.GracefulShutdown        : Commencing graceful shutdown. Waiting for active requests to complete
2025-11-04T17:22:04.084-03:00  INFO 11572 --- [proyecto-venta] [DiscoveryClient-InstanceInfoReplicator-%d] com.netflix.discovery.DiscoveryClient    : DiscoveryClient_PROYECTO-VENTA/localhost:proyecto-venta:8081 - registration status: 204
2025-11-04T17:22:04.084-03:00  INFO 11572 --- [proyecto-venta] [tomcat-shutdown] o.s.b.w.e.tomcat.GracefulShutdown        : Graceful shutdown complete
2025-11-04T17:22:04.089-03:00  INFO 11572 --- [proyecto-venta] [SpringApplicationShutdownHook] j.LocalContainerEntityManagerFactoryBean : Closing JPA EntityManagerFactory for persistence unit 'default'
2025-11-04T17:22:04.091-03:00  INFO 11572 --- [proyecto-venta] [SpringApplicationShutdownHook] com.zaxxer.hikari.HikariDataSource       : venta-pool - Shutdown initiated...
2025-11-04T17:22:04.287-03:00  INFO 11572 --- [proyecto-venta] [SpringApplicationShutdownHook] com.zaxxer.hikari.HikariDataSource       : venta-pool - Shutdown completed.
2025-11-04T17:22:04.288-03:00  INFO 11572 --- [proyecto-venta] [SpringApplicationShutdownHook] com.netflix.discovery.DiscoveryClient    : Shutting down DiscoveryClient ...
2025-11-04T17:22:07.290-03:00  INFO 11572 --- [proyecto-venta] [SpringApplicationShutdownHook] com.netflix.discovery.DiscoveryClient    : Unregistering ...
2025-11-04T17:22:07.294-03:00  INFO 11572 --- [proyecto-venta] [SpringApplicationShutdownHook] com.netflix.discovery.DiscoveryClient    : DiscoveryClient_PROYECTO-VENTA/localhost:proyecto-venta:8081 - deregister  status: 200
2025-11-04T17:22:07.294-03:00  INFO 11572 --- [proyecto-venta] [SpringApplicationShutdownHook] com.netflix.discovery.DiscoveryClient    : Completed shut down of DiscoveryClient
2025-11-04T17:22:46.287-03:00  INFO 9892 --- [proyecto-venta] [main] c.d.p.ProyectoVentaApplication           : Starting ProyectoVentaApplication using Java 24 with PID 9892 (C:\Users\Usuario\IdeaProjects\Distri\SistemaWebYDistribuido\Proyecto-Venta\target\classes started by Usuario in C:\Users\Usuario\IdeaProjects\Distri\SistemaWebYDistribuido\Proyecto-Venta)
2025-11-04T17:22:46.289-03:00  INFO 9892 --- [proyecto-venta] [main] c.d.p.ProyectoVentaApplication           : No active profile set, falling back to 1 default profile: "default"
2025-11-04T17:22:47.097-03:00  INFO 9892 --- [proyecto-venta] [main] .s.d.r.c.RepositoryConfigurationDelegate : Bootstrapping Spring Data JPA repositories in DEFAULT mode.
2025-11-04T17:22:47.253-03:00  INFO 9892 --- [proyecto-venta] [main] .s.d.r.c.RepositoryConfigurationDelegate : Finished Spring Data repository scanning in 148 ms. Found 8 JPA repository interfaces.
2025-11-04T17:22:47.471-03:00  INFO 9892 --- [proyecto-venta] [main] o.s.cloud.context.scope.GenericScope     : BeanFactory id=f3e3b1ce-e9e3-321d-bfec-f74b85cffa8f
2025-11-04T17:22:47.855-03:00  INFO 9892 --- [proyecto-venta] [main] o.s.b.w.embedded.tomcat.TomcatWebServer  : Tomcat initialized with port 8081 (http)
2025-11-04T17:22:47.868-03:00  INFO 9892 --- [proyecto-venta] [main] o.apache.catalina.core.StandardService   : Starting service [Tomcat]
2025-11-04T17:22:47.868-03:00  INFO 9892 --- [proyecto-venta] [main] o.apache.catalina.core.StandardEngine    : Starting Servlet engine: [Apache Tomcat/10.1.44]
2025-11-04T17:22:47.931-03:00  INFO 9892 --- [proyecto-venta] [main] o.a.c.c.C.[Tomcat].[localhost].[/]       : Initializing Spring embedded WebApplicationContext
2025-11-04T17:22:47.931-03:00  INFO 9892 --- [proyecto-venta] [main] w.s.c.ServletWebServerApplicationContext : Root WebApplicationContext: initialization completed in 1605 ms
2025-11-04T17:22:48.116-03:00  INFO 9892 --- [proyecto-venta] [main] o.hibernate.jpa.internal.util.LogHelper  : HHH000204: Processing PersistenceUnitInfo [name: default]
2025-11-04T17:22:48.165-03:00  INFO 9892 --- [proyecto-venta] [main] org.hibernate.Version                    : HHH000412: Hibernate ORM core version 6.6.26.Final
2025-11-04T17:22:48.196-03:00  INFO 9892 --- [proyecto-venta] [main] o.h.c.internal.RegionFactoryInitiator    : HHH000026: Second-level cache disabled
2025-11-04T17:22:48.453-03:00  INFO 9892 --- [proyecto-venta] [main] o.s.o.j.p.SpringPersistenceUnitInfo      : No LoadTimeWeaver setup: ignoring JPA class transformer
2025-11-04T17:22:48.481-03:00  WARN 9892 --- [proyecto-venta] [main] com.zaxxer.hikari.HikariConfig           : venta-pool - keepaliveTime is greater than or equal to maxLifetime, disabling it.
2025-11-04T17:22:48.481-03:00  INFO 9892 --- [proyecto-venta] [main] com.zaxxer.hikari.HikariDataSource       : venta-pool - Starting...
2025-11-04T17:22:50.650-03:00  INFO 9892 --- [proyecto-venta] [main] com.zaxxer.hikari.HikariDataSource       : venta-pool - Start completed.
2025-11-04T17:22:52.256-03:00  WARN 9892 --- [proyecto-venta] [main] org.hibernate.orm.deprecation            : HHH90000025: PostgreSQLDialect does not need to be specified explicitly using 'hibernate.dialect' (remove the property setting and it will be selected by default)
2025-11-04T17:22:52.844-03:00  INFO 9892 --- [proyecto-venta] [main] org.hibernate.orm.connections.pooling    : HHH10001005: Database info:
	Database JDBC URL [Connecting through datasource 'HikariDataSource (venta-pool)']
	Database driver: undefined/unknown
	Database version: 17.6
	Autocommit mode: undefined/unknown
	Isolation level: undefined/unknown
	Minimum pool size: undefined/unknown
	Maximum pool size: undefined/unknown
2025-11-04T17:22:53.764-03:00  INFO 9892 --- [proyecto-venta] [main] o.h.e.t.j.p.i.JtaPlatformInitiator       : HHH000489: No JTA platform available (set 'hibernate.transaction.jta.platform' to enable JTA platform integration)
2025-11-04T17:22:53.767-03:00  INFO 9892 --- [proyecto-venta] [main] j.LocalContainerEntityManagerFactoryBean : Initialized JPA EntityManagerFactory for persistence unit 'default'
2025-11-04T17:22:54.108-03:00  INFO 9892 --- [proyecto-venta] [main] o.s.d.j.r.query.QueryEnhancerFactory     : Hibernate is in classpath; If applicable, HQL parser will be used.
2025-11-04T17:22:54.747-03:00  WARN 9892 --- [proyecto-venta] [main] JpaBaseConfiguration$JpaWebConfiguration : spring.jpa.open-in-view is enabled by default. Therefore, database queries may be performed during view rendering. Explicitly configure spring.jpa.open-in-view to disable this warning
2025-11-04T17:22:54.807-03:00  WARN 9892 --- [proyecto-venta] [main] .s.s.UserDetailsServiceAutoConfiguration : 

Using generated security password: 16898f65-eefc-495c-9e9b-ee55e9d876ab

This generated password is for development use only. Your security configuration must be updated before running your application in production.

2025-11-04T17:22:54.814-03:00  INFO 9892 --- [proyecto-venta] [main] r$InitializeUserDetailsManagerConfigurer : Global AuthenticationManager configured with UserDetailsService bean with name inMemoryUserDetailsManager
2025-11-04T17:22:56.474-03:00  INFO 9892 --- [proyecto-venta] [main] o.s.cloud.commons.util.InetUtils         : Cannot determine local hostname
2025-11-04T17:22:57.496-03:00  INFO 9892 --- [proyecto-venta] [main] o.s.cloud.commons.util.InetUtils         : Cannot determine local hostname
2025-11-04T17:22:57.516-03:00  INFO 9892 --- [proyecto-venta] [main] DiscoveryClientOptionalArgsConfiguration : Eureka HTTP Client uses RestTemplate.
2025-11-04T17:22:57.555-03:00  WARN 9892 --- [proyecto-venta] [main] iguration$LoadBalancerCaffeineWarnLogger : Spring Cloud LoadBalancer is currently working with the default cache. While this cache implementation is useful for development and tests, it's recommended to use Caffeine cache in production.You can switch to using Caffeine cache, by adding it and org.springframework.cache.caffeine.CaffeineCacheManager to the classpath.
2025-11-04T17:22:57.597-03:00  INFO 9892 --- [proyecto-venta] [main] o.s.c.n.eureka.InstanceInfoFactory       : Setting initial instance status as: STARTING
2025-11-04T17:22:57.618-03:00  INFO 9892 --- [proyecto-venta] [main] com.netflix.discovery.DiscoveryClient    : Initializing Eureka in region us-east-1
2025-11-04T17:22:57.621-03:00  INFO 9892 --- [proyecto-venta] [main] c.n.d.s.r.aws.ConfigClusterResolver      : Resolving eureka endpoints via configuration
2025-11-04T17:22:57.629-03:00  INFO 9892 --- [proyecto-venta] [main] com.netflix.discovery.DiscoveryClient    : Disable delta property : false
2025-11-04T17:22:57.629-03:00  INFO 9892 --- [proyecto-venta] [main] com.netflix.discovery.DiscoveryClient    : Single vip registry refresh property : null
2025-11-04T17:22:57.629-03:00  INFO 9892 --- [proyecto-venta] [main] com.netflix.discovery.DiscoveryClient    : Force full registry fetch : false
2025-11-04T17:22:57.629-03:00  INFO 9892 --- [proyecto-venta] [main] com.netflix.discovery.DiscoveryClient    : Application is null : false
2025-11-04T17:22:57.629-03:00  INFO 9892 --- [proyecto-venta] [main] com.netflix.discovery.DiscoveryClient    : Registered Applications size is zero : true
2025-11-04T17:22:57.629-03:00  INFO 9892 --- [proyecto-venta] [main] com.netflix.discovery.DiscoveryClient    : Application version is -1: true
2025-11-04T17:22:57.629-03:00  INFO 9892 --- [proyecto-venta] [main] com.netflix.discovery.DiscoveryClient    : Getting all instance registry info from the eureka server
2025-11-04T17:22:57.941-03:00  INFO 9892 --- [proyecto-venta] [main] com.netflix.discovery.DiscoveryClient    : The response status is 200
2025-11-04T17:22:57.943-03:00  INFO 9892 --- [proyecto-venta] [main] com.netflix.discovery.DiscoveryClient    : Starting heartbeat executor: renew interval is: 30
2025-11-04T17:22:57.944-03:00  INFO 9892 --- [proyecto-venta] [main] c.n.discovery.InstanceInfoReplicator     : InstanceInfoReplicator onDemand update allowed rate per min is 4
2025-11-04T17:22:57.946-03:00  INFO 9892 --- [proyecto-venta] [main] com.netflix.discovery.DiscoveryClient    : Discovery Client initialized at timestamp 1762287777945 with initial instances count: 2
2025-11-04T17:22:57.950-03:00  INFO 9892 --- [proyecto-venta] [main] o.s.c.n.e.s.EurekaServiceRegistry        : Registering application PROYECTO-VENTA with eureka with status UP
2025-11-04T17:22:57.951-03:00  INFO 9892 --- [proyecto-venta] [main] com.netflix.discovery.DiscoveryClient    : Saw local status change event StatusChangeEvent [timestamp=1762287777951, current=UP, previous=STARTING]
2025-11-04T17:22:57.952-03:00  INFO 9892 --- [proyecto-venta] [DiscoveryClient-InstanceInfoReplicator-%d] com.netflix.discovery.DiscoveryClient    : DiscoveryClient_PROYECTO-VENTA/localhost:proyecto-venta:8081: registering service...
2025-11-04T17:22:57.969-03:00  INFO 9892 --- [proyecto-venta] [main] o.s.b.w.embedded.tomcat.TomcatWebServer  : Tomcat started on port 8081 (http) with context path '/'
2025-11-04T17:22:57.969-03:00  INFO 9892 --- [proyecto-venta] [main] .s.c.n.e.s.EurekaAutoServiceRegistration : Updating port to 8081
2025-11-04T17:22:57.987-03:00  INFO 9892 --- [proyecto-venta] [DiscoveryClient-InstanceInfoReplicator-%d] com.netflix.discovery.DiscoveryClient    : DiscoveryClient_PROYECTO-VENTA/localhost:proyecto-venta:8081 - registration status: 204
2025-11-04T17:22:58.973-03:00  INFO 9892 --- [proyecto-venta] [main] o.s.cloud.commons.util.InetUtils         : Cannot determine local hostname
2025-11-04T17:22:58.982-03:00  INFO 9892 --- [proyecto-venta] [main] c.d.p.ProyectoVentaApplication           : Started ProyectoVentaApplication in 14.119 seconds (process running for 15.359)
2025-11-04T17:23:07.059-03:00  INFO 9892 --- [proyecto-venta] [http-nio-8081-exec-1] o.a.c.c.C.[Tomcat].[localhost].[/]       : Initializing Spring DispatcherServlet 'dispatcherServlet'
2025-11-04T17:23:07.059-03:00  INFO 9892 --- [proyecto-venta] [http-nio-8081-exec-1] o.s.web.servlet.DispatcherServlet        : Initializing Servlet 'dispatcherServlet'
2025-11-04T17:23:07.061-03:00  INFO 9892 --- [proyecto-venta] [http-nio-8081-exec-1] o.s.web.servlet.DispatcherServlet        : Completed initialization in 1 ms
2025-11-04T17:23:07.136-03:00  INFO 9892 --- [proyecto-venta] [http-nio-8081-exec-1] c.d.p.apis.controller.VentaController    : GET /ventas page=0 size=10 filtros: clienteId=null, desde=null, hasta=null
2025-11-04T17:23:07.342-03:00  INFO 9892 --- [proyecto-venta] [http-nio-8081-exec-1] c.d.p.apis.service.VentaService          : Listando ventas - clienteId=null desde=null hasta=null
2025-11-04T17:23:07.849-03:00 DEBUG 9892 --- [proyecto-venta] [http-nio-8081-exec-1] c.d.p.apis.service.VentaService          : Cantidad de ventas encontradas: 14
2025-11-04T17:23:10.016-03:00  WARN 9892 --- [proyecto-venta] [http-nio-8081-exec-1] ration$PageModule$WarningLoggingModifier : Serializing PageImpl instances as-is is not supported, meaning that there is no guarantee about the stability of the resulting JSON structure!
	For a stable JSON structure, please use Spring Data's PagedModel (globally via @EnableSpringDataWebSupport(pageSerializationMode = VIA_DTO))
	or Spring HATEOAS and Spring Data's PagedResourcesAssembler as documented in https://docs.spring.io/spring-data/commons/reference/repositories/core-extensions.html#core.web.pageables.

2025-11-04T17:25:19.689-03:00  INFO 9892 --- [proyecto-venta] [http-nio-8081-exec-3] c.d.p.a.controller.CategoriaController   : GET /categorias/0/10?q=null
2025-11-04T17:25:21.136-03:00  INFO 9892 --- [proyecto-venta] [http-nio-8081-exec-3] c.d.p.apis.service.CategoriaService      : Listando categorias con filtro='null', página=0, tamaño=10
2025-11-04T17:25:21.334-03:00 DEBUG 9892 --- [proyecto-venta] [http-nio-8081-exec-3] c.d.p.apis.service.CategoriaService      : Cantidad de categorias encontradas: 6
2025-11-04T17:25:27.580-03:00  INFO 9892 --- [proyecto-venta] [http-nio-8081-exec-7] c.d.p.a.controller.ProveedorController   : GET /proveedores?page=0&size=10&q=null
2025-11-04T17:25:27.775-03:00  INFO 9892 --- [proyecto-venta] [http-nio-8081-exec-7] c.d.p.apis.service.ProveedorService      : Listado de Proveedores con filtro='null', página=0, tamaño=10
2025-11-04T17:25:27.972-03:00 DEBUG 9892 --- [proyecto-venta] [http-nio-8081-exec-7] c.d.p.apis.service.ProveedorService      : Cantidad de proveedores encontradas: 2
2025-11-04T17:25:32.799-03:00  INFO 9892 --- [proyecto-venta] [http-nio-8081-exec-9] c.d.p.apis.controller.ClienteController  : GET /clientes?page=0&size=10 q=null
2025-11-04T17:25:32.996-03:00  INFO 9892 --- [proyecto-venta] [http-nio-8081-exec-9] c.d.p.apis.service.ClienteService        : Listado de clientes con filtro='null', página=0, tamaño=10
2025-11-04T17:25:33.388-03:00 DEBUG 9892 --- [proyecto-venta] [http-nio-8081-exec-9] c.d.p.apis.service.ClienteService        : Cantidad de clientes encontrados: 15
2025-11-04T17:25:39.788-03:00  INFO 9892 --- [proyecto-venta] [http-nio-8081-exec-6] c.d.p.a.controller.ProductoController    : GET /productos?page=0&size=10 q=null categoriaId=null
2025-11-04T17:25:39.984-03:00  INFO 9892 --- [proyecto-venta] [http-nio-8081-exec-6] c.d.p.apis.service.ProductoService       : Listado de producto con filtro='null', página=0, tamaño=10
2025-11-04T17:25:40.189-03:00 DEBUG 9892 --- [proyecto-venta] [http-nio-8081-exec-6] c.d.p.apis.service.ProductoService       : Cantidad de productos encontradas: 4
2025-11-04T17:27:57.632-03:00  INFO 9892 --- [proyecto-venta] [AsyncResolver-bootstrap-executor-%d] c.n.d.s.r.aws.ConfigClusterResolver      : Resolving eureka endpoints via configuration
2025-11-04T17:32:57.633-03:00  INFO 9892 --- [proyecto-venta] [AsyncResolver-bootstrap-executor-%d] c.n.d.s.r.aws.ConfigClusterResolver      : Resolving eureka endpoints via configuration
2025-11-04T17:37:57.634-03:00  INFO 9892 --- [proyecto-venta] [AsyncResolver-bootstrap-executor-%d] c.n.d.s.r.aws.ConfigClusterResolver      : Resolving eureka endpoints via configuration
2025-11-04T17:42:35.128-03:00  INFO 9892 --- [proyecto-venta] [SpringApplicationShutdownHook] o.s.c.n.e.s.EurekaServiceRegistry        : Unregistering application PROYECTO-VENTA with eureka with status DOWN
2025-11-04T17:42:35.129-03:00  INFO 9892 --- [proyecto-venta] [SpringApplicationShutdownHook] com.netflix.discovery.DiscoveryClient    : Saw local status change event StatusChangeEvent [timestamp=1762288955129, current=DOWN, previous=UP]
2025-11-04T17:42:35.129-03:00  INFO 9892 --- [proyecto-venta] [DiscoveryClient-InstanceInfoReplicator-%d] com.netflix.discovery.DiscoveryClient    : DiscoveryClient_PROYECTO-VENTA/localhost:proyecto-venta:8081: registering service...
2025-11-04T17:42:35.132-03:00  INFO 9892 --- [proyecto-venta] [SpringApplicationShutdownHook] o.s.b.w.e.tomcat.GracefulShutdown        : Commencing graceful shutdown. Waiting for active requests to complete
2025-11-04T17:42:35.135-03:00  INFO 9892 --- [proyecto-venta] [tomcat-shutdown] o.s.b.w.e.tomcat.GracefulShutdown        : Graceful shutdown complete
2025-11-04T17:42:35.136-03:00  INFO 9892 --- [proyecto-venta] [DiscoveryClient-InstanceInfoReplicator-%d] com.netflix.discovery.DiscoveryClient    : DiscoveryClient_PROYECTO-VENTA/localhost:proyecto-venta:8081 - registration status: 204
2025-11-04T17:42:35.141-03:00  INFO 9892 --- [proyecto-venta] [SpringApplicationShutdownHook] j.LocalContainerEntityManagerFactoryBean : Closing JPA EntityManagerFactory for persistence unit 'default'
2025-11-04T17:42:35.143-03:00  INFO 9892 --- [proyecto-venta] [SpringApplicationShutdownHook] com.zaxxer.hikari.HikariDataSource       : venta-pool - Shutdown initiated...
2025-11-04T17:42:35.143-03:00  INFO 9892 --- [proyecto-venta] [SpringApplicationShutdownHook] com.zaxxer.hikari.HikariDataSource       : venta-pool - Shutdown completed.
2025-11-04T17:42:35.144-03:00  INFO 9892 --- [proyecto-venta] [SpringApplicationShutdownHook] com.netflix.discovery.DiscoveryClient    : Shutting down DiscoveryClient ...
2025-11-04T17:42:38.146-03:00  INFO 9892 --- [proyecto-venta] [SpringApplicationShutdownHook] com.netflix.discovery.DiscoveryClient    : Unregistering ...
2025-11-04T17:42:38.149-03:00  INFO 9892 --- [proyecto-venta] [SpringApplicationShutdownHook] com.netflix.discovery.DiscoveryClient    : DiscoveryClient_PROYECTO-VENTA/localhost:proyecto-venta:8081 - deregister  status: 200
2025-11-04T17:42:38.149-03:00  INFO 9892 --- [proyecto-venta] [SpringApplicationShutdownHook] com.netflix.discovery.DiscoveryClient    : Completed shut down of DiscoveryClient
2025-11-04T17:55:41.063-03:00  INFO 14616 --- [proyecto-venta] [main] c.d.p.ProyectoVentaApplication           : Starting ProyectoVentaApplication using Java 24 with PID 14616 (C:\Users\Usuario\IdeaProjects\Distri\SistemaWebYDistribuido\Proyecto-Venta\target\classes started by Usuario in C:\Users\Usuario\IdeaProjects\Distri\SistemaWebYDistribuido\Proyecto-Venta)
2025-11-04T17:55:41.065-03:00  INFO 14616 --- [proyecto-venta] [main] c.d.p.ProyectoVentaApplication           : No active profile set, falling back to 1 default profile: "default"
2025-11-04T17:55:41.877-03:00  INFO 14616 --- [proyecto-venta] [main] .s.d.r.c.RepositoryConfigurationDelegate : Bootstrapping Spring Data JPA repositories in DEFAULT mode.
2025-11-04T17:55:42.030-03:00  INFO 14616 --- [proyecto-venta] [main] .s.d.r.c.RepositoryConfigurationDelegate : Finished Spring Data repository scanning in 146 ms. Found 8 JPA repository interfaces.
2025-11-04T17:55:42.243-03:00  INFO 14616 --- [proyecto-venta] [main] o.s.cloud.context.scope.GenericScope     : BeanFactory id=f3e3b1ce-e9e3-321d-bfec-f74b85cffa8f
2025-11-04T17:55:42.624-03:00  INFO 14616 --- [proyecto-venta] [main] o.s.b.w.embedded.tomcat.TomcatWebServer  : Tomcat initialized with port 8081 (http)
2025-11-04T17:55:42.638-03:00  INFO 14616 --- [proyecto-venta] [main] o.apache.catalina.core.StandardService   : Starting service [Tomcat]
2025-11-04T17:55:42.638-03:00  INFO 14616 --- [proyecto-venta] [main] o.apache.catalina.core.StandardEngine    : Starting Servlet engine: [Apache Tomcat/10.1.44]
2025-11-04T17:55:42.702-03:00  INFO 14616 --- [proyecto-venta] [main] o.a.c.c.C.[Tomcat].[localhost].[/]       : Initializing Spring embedded WebApplicationContext
2025-11-04T17:55:42.702-03:00  INFO 14616 --- [proyecto-venta] [main] w.s.c.ServletWebServerApplicationContext : Root WebApplicationContext: initialization completed in 1600 ms
2025-11-04T17:55:42.885-03:00  INFO 14616 --- [proyecto-venta] [main] o.hibernate.jpa.internal.util.LogHelper  : HHH000204: Processing PersistenceUnitInfo [name: default]
2025-11-04T17:55:42.933-03:00  INFO 14616 --- [proyecto-venta] [main] org.hibernate.Version                    : HHH000412: Hibernate ORM core version 6.6.26.Final
2025-11-04T17:55:42.962-03:00  INFO 14616 --- [proyecto-venta] [main] o.h.c.internal.RegionFactoryInitiator    : HHH000026: Second-level cache disabled
2025-11-04T17:55:43.221-03:00  INFO 14616 --- [proyecto-venta] [main] o.s.o.j.p.SpringPersistenceUnitInfo      : No LoadTimeWeaver setup: ignoring JPA class transformer
2025-11-04T17:55:43.248-03:00  WARN 14616 --- [proyecto-venta] [main] com.zaxxer.hikari.HikariConfig           : venta-pool - keepaliveTime is greater than or equal to maxLifetime, disabling it.
2025-11-04T17:55:43.248-03:00  INFO 14616 --- [proyecto-venta] [main] com.zaxxer.hikari.HikariDataSource       : venta-pool - Starting...
2025-11-04T17:55:45.486-03:00  INFO 14616 --- [proyecto-venta] [main] com.zaxxer.hikari.HikariDataSource       : venta-pool - Start completed.
2025-11-04T17:55:47.062-03:00  WARN 14616 --- [proyecto-venta] [main] org.hibernate.orm.deprecation            : HHH90000025: PostgreSQLDialect does not need to be specified explicitly using 'hibernate.dialect' (remove the property setting and it will be selected by default)
2025-11-04T17:55:47.633-03:00  INFO 14616 --- [proyecto-venta] [main] org.hibernate.orm.connections.pooling    : HHH10001005: Database info:
	Database JDBC URL [Connecting through datasource 'HikariDataSource (venta-pool)']
	Database driver: undefined/unknown
	Database version: 17.6
	Autocommit mode: undefined/unknown
	Isolation level: undefined/unknown
	Minimum pool size: undefined/unknown
	Maximum pool size: undefined/unknown
2025-11-04T17:55:48.557-03:00  INFO 14616 --- [proyecto-venta] [main] o.h.e.t.j.p.i.JtaPlatformInitiator       : HHH000489: No JTA platform available (set 'hibernate.transaction.jta.platform' to enable JTA platform integration)
2025-11-04T17:55:48.559-03:00  INFO 14616 --- [proyecto-venta] [main] j.LocalContainerEntityManagerFactoryBean : Initialized JPA EntityManagerFactory for persistence unit 'default'
2025-11-04T17:55:48.900-03:00  INFO 14616 --- [proyecto-venta] [main] o.s.d.j.r.query.QueryEnhancerFactory     : Hibernate is in classpath; If applicable, HQL parser will be used.
2025-11-04T17:55:49.539-03:00  WARN 14616 --- [proyecto-venta] [main] JpaBaseConfiguration$JpaWebConfiguration : spring.jpa.open-in-view is enabled by default. Therefore, database queries may be performed during view rendering. Explicitly configure spring.jpa.open-in-view to disable this warning
2025-11-04T17:55:49.596-03:00  WARN 14616 --- [proyecto-venta] [main] .s.s.UserDetailsServiceAutoConfiguration : 

Using generated security password: 609cbdac-13df-4aa5-8172-c98462f80508

This generated password is for development use only. Your security configuration must be updated before running your application in production.

2025-11-04T17:55:49.603-03:00  INFO 14616 --- [proyecto-venta] [main] r$InitializeUserDetailsManagerConfigurer : Global AuthenticationManager configured with UserDetailsService bean with name inMemoryUserDetailsManager
2025-11-04T17:55:51.264-03:00  INFO 14616 --- [proyecto-venta] [main] o.s.cloud.commons.util.InetUtils         : Cannot determine local hostname
2025-11-04T17:55:52.289-03:00  INFO 14616 --- [proyecto-venta] [main] o.s.cloud.commons.util.InetUtils         : Cannot determine local hostname
2025-11-04T17:55:52.312-03:00  INFO 14616 --- [proyecto-venta] [main] DiscoveryClientOptionalArgsConfiguration : Eureka HTTP Client uses RestTemplate.
2025-11-04T17:55:52.357-03:00  WARN 14616 --- [proyecto-venta] [main] iguration$LoadBalancerCaffeineWarnLogger : Spring Cloud LoadBalancer is currently working with the default cache. While this cache implementation is useful for development and tests, it's recommended to use Caffeine cache in production.You can switch to using Caffeine cache, by adding it and org.springframework.cache.caffeine.CaffeineCacheManager to the classpath.
2025-11-04T17:55:52.402-03:00  INFO 14616 --- [proyecto-venta] [main] o.s.c.n.eureka.InstanceInfoFactory       : Setting initial instance status as: STARTING
2025-11-04T17:55:52.423-03:00  INFO 14616 --- [proyecto-venta] [main] com.netflix.discovery.DiscoveryClient    : Initializing Eureka in region us-east-1
2025-11-04T17:55:52.427-03:00  INFO 14616 --- [proyecto-venta] [main] c.n.d.s.r.aws.ConfigClusterResolver      : Resolving eureka endpoints via configuration
2025-11-04T17:55:52.435-03:00  INFO 14616 --- [proyecto-venta] [main] com.netflix.discovery.DiscoveryClient    : Disable delta property : false
2025-11-04T17:55:52.435-03:00  INFO 14616 --- [proyecto-venta] [main] com.netflix.discovery.DiscoveryClient    : Single vip registry refresh property : null
2025-11-04T17:55:52.435-03:00  INFO 14616 --- [proyecto-venta] [main] com.netflix.discovery.DiscoveryClient    : Force full registry fetch : false
2025-11-04T17:55:52.435-03:00  INFO 14616 --- [proyecto-venta] [main] com.netflix.discovery.DiscoveryClient    : Application is null : false
2025-11-04T17:55:52.436-03:00  INFO 14616 --- [proyecto-venta] [main] com.netflix.discovery.DiscoveryClient    : Registered Applications size is zero : true
2025-11-04T17:55:52.436-03:00  INFO 14616 --- [proyecto-venta] [main] com.netflix.discovery.DiscoveryClient    : Application version is -1: true
2025-11-04T17:55:52.436-03:00  INFO 14616 --- [proyecto-venta] [main] com.netflix.discovery.DiscoveryClient    : Getting all instance registry info from the eureka server
2025-11-04T17:55:52.746-03:00  INFO 14616 --- [proyecto-venta] [main] com.netflix.discovery.DiscoveryClient    : The response status is 200
2025-11-04T17:55:52.748-03:00  INFO 14616 --- [proyecto-venta] [main] com.netflix.discovery.DiscoveryClient    : Starting heartbeat executor: renew interval is: 30
2025-11-04T17:55:52.749-03:00  INFO 14616 --- [proyecto-venta] [main] c.n.discovery.InstanceInfoReplicator     : InstanceInfoReplicator onDemand update allowed rate per min is 4
2025-11-04T17:55:52.751-03:00  INFO 14616 --- [proyecto-venta] [main] com.netflix.discovery.DiscoveryClient    : Discovery Client initialized at timestamp 1762289752750 with initial instances count: 1
2025-11-04T17:55:52.755-03:00  INFO 14616 --- [proyecto-venta] [main] o.s.c.n.e.s.EurekaServiceRegistry        : Registering application PROYECTO-VENTA with eureka with status UP
2025-11-04T17:55:52.756-03:00  INFO 14616 --- [proyecto-venta] [main] com.netflix.discovery.DiscoveryClient    : Saw local status change event StatusChangeEvent [timestamp=1762289752756, current=UP, previous=STARTING]
2025-11-04T17:55:52.757-03:00  INFO 14616 --- [proyecto-venta] [DiscoveryClient-InstanceInfoReplicator-%d] com.netflix.discovery.DiscoveryClient    : DiscoveryClient_PROYECTO-VENTA/localhost:proyecto-venta:8081: registering service...
2025-11-04T17:55:52.775-03:00  INFO 14616 --- [proyecto-venta] [main] o.s.b.w.embedded.tomcat.TomcatWebServer  : Tomcat started on port 8081 (http) with context path '/'
2025-11-04T17:55:52.775-03:00  INFO 14616 --- [proyecto-venta] [main] .s.c.n.e.s.EurekaAutoServiceRegistration : Updating port to 8081
2025-11-04T17:55:52.791-03:00  INFO 14616 --- [proyecto-venta] [DiscoveryClient-InstanceInfoReplicator-%d] com.netflix.discovery.DiscoveryClient    : DiscoveryClient_PROYECTO-VENTA/localhost:proyecto-venta:8081 - registration status: 204
2025-11-04T17:55:53.778-03:00  INFO 14616 --- [proyecto-venta] [main] o.s.cloud.commons.util.InetUtils         : Cannot determine local hostname
2025-11-04T17:55:53.786-03:00  INFO 14616 --- [proyecto-venta] [main] c.d.p.ProyectoVentaApplication           : Started ProyectoVentaApplication in 14.168 seconds (process running for 14.887)
2025-11-04T17:58:20.924-03:00  INFO 14616 --- [proyecto-venta] [http-nio-8081-exec-1] o.a.c.c.C.[Tomcat].[localhost].[/]       : Initializing Spring DispatcherServlet 'dispatcherServlet'
2025-11-04T17:58:20.924-03:00  INFO 14616 --- [proyecto-venta] [http-nio-8081-exec-1] o.s.web.servlet.DispatcherServlet        : Initializing Servlet 'dispatcherServlet'
2025-11-04T17:58:20.926-03:00  INFO 14616 --- [proyecto-venta] [http-nio-8081-exec-1] o.s.web.servlet.DispatcherServlet        : Completed initialization in 2 ms
2025-11-04T17:58:20.997-03:00  INFO 14616 --- [proyecto-venta] [http-nio-8081-exec-1] c.d.p.a.controller.ProductoController    : GET /productos?page=0&size=10 q=null categoriaId=null
2025-11-04T17:58:22.398-03:00  INFO 14616 --- [proyecto-venta] [http-nio-8081-exec-1] c.d.p.apis.service.ProductoService       : Listado de producto con filtro='null', página=0, tamaño=10
2025-11-04T17:58:22.702-03:00 DEBUG 14616 --- [proyecto-venta] [http-nio-8081-exec-1] c.d.p.apis.service.ProductoService       : Cantidad de productos encontradas: 4
2025-11-04T17:58:22.904-03:00  WARN 14616 --- [proyecto-venta] [http-nio-8081-exec-1] ration$PageModule$WarningLoggingModifier : Serializing PageImpl instances as-is is not supported, meaning that there is no guarantee about the stability of the resulting JSON structure!
	For a stable JSON structure, please use Spring Data's PagedModel (globally via @EnableSpringDataWebSupport(pageSerializationMode = VIA_DTO))
	or Spring HATEOAS and Spring Data's PagedResourcesAssembler as documented in https://docs.spring.io/spring-data/commons/reference/repositories/core-extensions.html#core.web.pageables.

2025-11-04T18:00:52.438-03:00  INFO 14616 --- [proyecto-venta] [AsyncResolver-bootstrap-executor-%d] c.n.d.s.r.aws.ConfigClusterResolver      : Resolving eureka endpoints via configuration
2025-11-04T18:05:52.440-03:00  INFO 14616 --- [proyecto-venta] [AsyncResolver-bootstrap-executor-%d] c.n.d.s.r.aws.ConfigClusterResolver      : Resolving eureka endpoints via configuration
2025-11-04T18:10:52.441-03:00  INFO 14616 --- [proyecto-venta] [AsyncResolver-bootstrap-executor-%d] c.n.d.s.r.aws.ConfigClusterResolver      : Resolving eureka endpoints via configuration
2025-11-04T18:15:52.442-03:00  INFO 14616 --- [proyecto-venta] [AsyncResolver-bootstrap-executor-%d] c.n.d.s.r.aws.ConfigClusterResolver      : Resolving eureka endpoints via configuration
2025-11-04T18:20:52.444-03:00  INFO 14616 --- [proyecto-venta] [AsyncResolver-bootstrap-executor-%d] c.n.d.s.r.aws.ConfigClusterResolver      : Resolving eureka endpoints via configuration
2025-11-04T18:25:52.445-03:00  INFO 14616 --- [proyecto-venta] [AsyncResolver-bootstrap-executor-%d] c.n.d.s.r.aws.ConfigClusterResolver      : Resolving eureka endpoints via configuration
2025-11-04T18:27:21.871-03:00  INFO 14616 --- [proyecto-venta] [SpringApplicationShutdownHook] o.s.c.n.e.s.EurekaServiceRegistry        : Unregistering application PROYECTO-VENTA with eureka with status DOWN
2025-11-04T18:27:21.872-03:00  INFO 14616 --- [proyecto-venta] [SpringApplicationShutdownHook] com.netflix.discovery.DiscoveryClient    : Saw local status change event StatusChangeEvent [timestamp=1762291641872, current=DOWN, previous=UP]
2025-11-04T18:27:21.872-03:00  INFO 14616 --- [proyecto-venta] [DiscoveryClient-InstanceInfoReplicator-%d] com.netflix.discovery.DiscoveryClient    : DiscoveryClient_PROYECTO-VENTA/localhost:proyecto-venta:8081: registering service...
2025-11-04T18:27:21.874-03:00  INFO 14616 --- [proyecto-venta] [SpringApplicationShutdownHook] o.s.b.w.e.tomcat.GracefulShutdown        : Commencing graceful shutdown. Waiting for active requests to complete
2025-11-04T18:27:21.879-03:00  INFO 14616 --- [proyecto-venta] [DiscoveryClient-InstanceInfoReplicator-%d] com.netflix.discovery.DiscoveryClient    : DiscoveryClient_PROYECTO-VENTA/localhost:proyecto-venta:8081 - registration status: 204
2025-11-04T18:27:21.883-03:00  INFO 14616 --- [proyecto-venta] [tomcat-shutdown] o.s.b.w.e.tomcat.GracefulShutdown        : Graceful shutdown complete
2025-11-04T18:27:21.890-03:00  INFO 14616 --- [proyecto-venta] [SpringApplicationShutdownHook] j.LocalContainerEntityManagerFactoryBean : Closing JPA EntityManagerFactory for persistence unit 'default'
2025-11-04T18:27:21.892-03:00  INFO 14616 --- [proyecto-venta] [SpringApplicationShutdownHook] com.zaxxer.hikari.HikariDataSource       : venta-pool - Shutdown initiated...
2025-11-04T18:27:21.892-03:00  INFO 14616 --- [proyecto-venta] [SpringApplicationShutdownHook] com.zaxxer.hikari.HikariDataSource       : venta-pool - Shutdown completed.
2025-11-04T18:27:21.893-03:00  INFO 14616 --- [proyecto-venta] [SpringApplicationShutdownHook] com.netflix.discovery.DiscoveryClient    : Shutting down DiscoveryClient ...
2025-11-04T18:27:24.895-03:00  INFO 14616 --- [proyecto-venta] [SpringApplicationShutdownHook] com.netflix.discovery.DiscoveryClient    : Unregistering ...
2025-11-04T18:27:24.895-03:00  WARN 14616 --- [proyecto-venta] [DiscoveryClient-%d] c.netflix.discovery.TimedSupervisorTask  : task supervisor shutting down, can't accept the task
2025-11-04T18:27:24.898-03:00  INFO 14616 --- [proyecto-venta] [SpringApplicationShutdownHook] com.netflix.discovery.DiscoveryClient    : DiscoveryClient_PROYECTO-VENTA/localhost:proyecto-venta:8081 - deregister  status: 200
2025-11-04T18:27:24.898-03:00  INFO 14616 --- [proyecto-venta] [SpringApplicationShutdownHook] com.netflix.discovery.DiscoveryClient    : Completed shut down of DiscoveryClient
2025-11-04T18:35:50.376-03:00  INFO 14460 --- [proyecto-venta] [main] c.d.p.ProyectoVentaApplication           : Starting ProyectoVentaApplication using Java 24 with PID 14460 (C:\Users\Usuario\IdeaProjects\Distri\SistemaWebYDistribuido\Proyecto-Venta\target\classes started by Usuario in C:\Users\Usuario\IdeaProjects\Distri\SistemaWebYDistribuido\Proyecto-Venta)
2025-11-04T18:35:50.378-03:00  INFO 14460 --- [proyecto-venta] [main] c.d.p.ProyectoVentaApplication           : No active profile set, falling back to 1 default profile: "default"
2025-11-04T18:35:51.388-03:00  INFO 14460 --- [proyecto-venta] [main] .s.d.r.c.RepositoryConfigurationDelegate : Bootstrapping Spring Data JPA repositories in DEFAULT mode.
2025-11-04T18:35:51.600-03:00  INFO 14460 --- [proyecto-venta] [main] .s.d.r.c.RepositoryConfigurationDelegate : Finished Spring Data repository scanning in 200 ms. Found 8 JPA repository interfaces.
2025-11-04T18:35:51.923-03:00  INFO 14460 --- [proyecto-venta] [main] o.s.cloud.context.scope.GenericScope     : BeanFactory id=f3e3b1ce-e9e3-321d-bfec-f74b85cffa8f
2025-11-04T18:35:52.482-03:00  INFO 14460 --- [proyecto-venta] [main] o.s.b.w.embedded.tomcat.TomcatWebServer  : Tomcat initialized with port 8081 (http)
2025-11-04T18:35:52.499-03:00  INFO 14460 --- [proyecto-venta] [main] o.apache.catalina.core.StandardService   : Starting service [Tomcat]
2025-11-04T18:35:52.501-03:00  INFO 14460 --- [proyecto-venta] [main] o.apache.catalina.core.StandardEngine    : Starting Servlet engine: [Apache Tomcat/10.1.44]
2025-11-04T18:35:52.588-03:00  INFO 14460 --- [proyecto-venta] [main] o.a.c.c.C.[Tomcat].[localhost].[/]       : Initializing Spring embedded WebApplicationContext
2025-11-04T18:35:52.589-03:00  INFO 14460 --- [proyecto-venta] [main] w.s.c.ServletWebServerApplicationContext : Root WebApplicationContext: initialization completed in 2157 ms
2025-11-04T18:35:52.862-03:00  INFO 14460 --- [proyecto-venta] [main] o.hibernate.jpa.internal.util.LogHelper  : HHH000204: Processing PersistenceUnitInfo [name: default]
2025-11-04T18:35:52.924-03:00  INFO 14460 --- [proyecto-venta] [main] org.hibernate.Version                    : HHH000412: Hibernate ORM core version 6.6.26.Final
2025-11-04T18:35:52.968-03:00  INFO 14460 --- [proyecto-venta] [main] o.h.c.internal.RegionFactoryInitiator    : HHH000026: Second-level cache disabled
2025-11-04T18:35:53.303-03:00  INFO 14460 --- [proyecto-venta] [main] o.s.o.j.p.SpringPersistenceUnitInfo      : No LoadTimeWeaver setup: ignoring JPA class transformer
2025-11-04T18:35:53.340-03:00  WARN 14460 --- [proyecto-venta] [main] com.zaxxer.hikari.HikariConfig           : venta-pool - keepaliveTime is greater than or equal to maxLifetime, disabling it.
2025-11-04T18:35:53.341-03:00  INFO 14460 --- [proyecto-venta] [main] com.zaxxer.hikari.HikariDataSource       : venta-pool - Starting...
2025-11-04T18:35:55.632-03:00  INFO 14460 --- [proyecto-venta] [main] com.zaxxer.hikari.HikariDataSource       : venta-pool - Start completed.
2025-11-04T18:35:57.257-03:00  WARN 14460 --- [proyecto-venta] [main] org.hibernate.orm.deprecation            : HHH90000025: PostgreSQLDialect does not need to be specified explicitly using 'hibernate.dialect' (remove the property setting and it will be selected by default)
2025-11-04T18:35:57.853-03:00  INFO 14460 --- [proyecto-venta] [main] org.hibernate.orm.connections.pooling    : HHH10001005: Database info:
	Database JDBC URL [Connecting through datasource 'HikariDataSource (venta-pool)']
	Database driver: undefined/unknown
	Database version: 17.6
	Autocommit mode: undefined/unknown
	Isolation level: undefined/unknown
	Minimum pool size: undefined/unknown
	Maximum pool size: undefined/unknown
2025-11-04T18:35:58.797-03:00  INFO 14460 --- [proyecto-venta] [main] o.h.e.t.j.p.i.JtaPlatformInitiator       : HHH000489: No JTA platform available (set 'hibernate.transaction.jta.platform' to enable JTA platform integration)
2025-11-04T18:35:58.800-03:00  INFO 14460 --- [proyecto-venta] [main] j.LocalContainerEntityManagerFactoryBean : Initialized JPA EntityManagerFactory for persistence unit 'default'
2025-11-04T18:35:59.144-03:00  INFO 14460 --- [proyecto-venta] [main] o.s.d.j.r.query.QueryEnhancerFactory     : Hibernate is in classpath; If applicable, HQL parser will be used.
2025-11-04T18:35:59.781-03:00  WARN 14460 --- [proyecto-venta] [main] JpaBaseConfiguration$JpaWebConfiguration : spring.jpa.open-in-view is enabled by default. Therefore, database queries may be performed during view rendering. Explicitly configure spring.jpa.open-in-view to disable this warning
2025-11-04T18:35:59.843-03:00  WARN 14460 --- [proyecto-venta] [main] .s.s.UserDetailsServiceAutoConfiguration : 

Using generated security password: 7da76834-7913-4520-a4e5-f130bcd45aa8

This generated password is for development use only. Your security configuration must be updated before running your application in production.

2025-11-04T18:35:59.851-03:00  INFO 14460 --- [proyecto-venta] [main] r$InitializeUserDetailsManagerConfigurer : Global AuthenticationManager configured with UserDetailsService bean with name inMemoryUserDetailsManager
2025-11-04T18:36:01.581-03:00  INFO 14460 --- [proyecto-venta] [main] o.s.cloud.commons.util.InetUtils         : Cannot determine local hostname
2025-11-04T18:36:02.606-03:00  INFO 14460 --- [proyecto-venta] [main] o.s.cloud.commons.util.InetUtils         : Cannot determine local hostname
2025-11-04T18:36:02.627-03:00  INFO 14460 --- [proyecto-venta] [main] DiscoveryClientOptionalArgsConfiguration : Eureka HTTP Client uses RestTemplate.
2025-11-04T18:36:02.669-03:00  WARN 14460 --- [proyecto-venta] [main] iguration$LoadBalancerCaffeineWarnLogger : Spring Cloud LoadBalancer is currently working with the default cache. While this cache implementation is useful for development and tests, it's recommended to use Caffeine cache in production.You can switch to using Caffeine cache, by adding it and org.springframework.cache.caffeine.CaffeineCacheManager to the classpath.
2025-11-04T18:36:02.713-03:00  INFO 14460 --- [proyecto-venta] [main] o.s.c.n.eureka.InstanceInfoFactory       : Setting initial instance status as: STARTING
2025-11-04T18:36:02.733-03:00  INFO 14460 --- [proyecto-venta] [main] com.netflix.discovery.DiscoveryClient    : Initializing Eureka in region us-east-1
2025-11-04T18:36:02.737-03:00  INFO 14460 --- [proyecto-venta] [main] c.n.d.s.r.aws.ConfigClusterResolver      : Resolving eureka endpoints via configuration
2025-11-04T18:36:02.745-03:00  INFO 14460 --- [proyecto-venta] [main] com.netflix.discovery.DiscoveryClient    : Disable delta property : false
2025-11-04T18:36:02.745-03:00  INFO 14460 --- [proyecto-venta] [main] com.netflix.discovery.DiscoveryClient    : Single vip registry refresh property : null
2025-11-04T18:36:02.745-03:00  INFO 14460 --- [proyecto-venta] [main] com.netflix.discovery.DiscoveryClient    : Force full registry fetch : false
2025-11-04T18:36:02.745-03:00  INFO 14460 --- [proyecto-venta] [main] com.netflix.discovery.DiscoveryClient    : Application is null : false
2025-11-04T18:36:02.745-03:00  INFO 14460 --- [proyecto-venta] [main] com.netflix.discovery.DiscoveryClient    : Registered Applications size is zero : true
2025-11-04T18:36:02.745-03:00  INFO 14460 --- [proyecto-venta] [main] com.netflix.discovery.DiscoveryClient    : Application version is -1: true
2025-11-04T18:36:02.745-03:00  INFO 14460 --- [proyecto-venta] [main] com.netflix.discovery.DiscoveryClient    : Getting all instance registry info from the eureka server
2025-11-04T18:36:03.064-03:00  INFO 14460 --- [proyecto-venta] [main] com.netflix.discovery.DiscoveryClient    : The response status is 200
2025-11-04T18:36:03.066-03:00  INFO 14460 --- [proyecto-venta] [main] com.netflix.discovery.DiscoveryClient    : Starting heartbeat executor: renew interval is: 30
2025-11-04T18:36:03.067-03:00  INFO 14460 --- [proyecto-venta] [main] c.n.discovery.InstanceInfoReplicator     : InstanceInfoReplicator onDemand update allowed rate per min is 4
2025-11-04T18:36:03.069-03:00  INFO 14460 --- [proyecto-venta] [main] com.netflix.discovery.DiscoveryClient    : Discovery Client initialized at timestamp 1762292163068 with initial instances count: 1
2025-11-04T18:36:03.074-03:00  INFO 14460 --- [proyecto-venta] [main] o.s.c.n.e.s.EurekaServiceRegistry        : Registering application PROYECTO-VENTA with eureka with status UP
2025-11-04T18:36:03.074-03:00  INFO 14460 --- [proyecto-venta] [main] com.netflix.discovery.DiscoveryClient    : Saw local status change event StatusChangeEvent [timestamp=1762292163074, current=UP, previous=STARTING]
2025-11-04T18:36:03.076-03:00  INFO 14460 --- [proyecto-venta] [DiscoveryClient-InstanceInfoReplicator-%d] com.netflix.discovery.DiscoveryClient    : DiscoveryClient_PROYECTO-VENTA/localhost:proyecto-venta:8081: registering service...
2025-11-04T18:36:03.090-03:00  INFO 14460 --- [proyecto-venta] [main] o.s.b.w.embedded.tomcat.TomcatWebServer  : Tomcat started on port 8081 (http) with context path '/'
2025-11-04T18:36:03.091-03:00  INFO 14460 --- [proyecto-venta] [main] .s.c.n.e.s.EurekaAutoServiceRegistration : Updating port to 8081
2025-11-04T18:36:03.109-03:00  INFO 14460 --- [proyecto-venta] [DiscoveryClient-InstanceInfoReplicator-%d] com.netflix.discovery.DiscoveryClient    : DiscoveryClient_PROYECTO-VENTA/localhost:proyecto-venta:8081 - registration status: 204
2025-11-04T18:36:04.098-03:00  INFO 14460 --- [proyecto-venta] [main] o.s.cloud.commons.util.InetUtils         : Cannot determine local hostname
2025-11-04T18:36:04.131-03:00  INFO 14460 --- [proyecto-venta] [main] c.d.p.ProyectoVentaApplication           : Started ProyectoVentaApplication in 15.314 seconds (process running for 16.171)
2025-11-04T18:41:02.748-03:00  INFO 14460 --- [proyecto-venta] [AsyncResolver-bootstrap-executor-%d] c.n.d.s.r.aws.ConfigClusterResolver      : Resolving eureka endpoints via configuration
2025-11-04T18:42:15.464-03:00  INFO 14460 --- [proyecto-venta] [http-nio-8081-exec-1] o.a.c.c.C.[Tomcat].[localhost].[/]       : Initializing Spring DispatcherServlet 'dispatcherServlet'
2025-11-04T18:42:15.464-03:00  INFO 14460 --- [proyecto-venta] [http-nio-8081-exec-1] o.s.web.servlet.DispatcherServlet        : Initializing Servlet 'dispatcherServlet'
2025-11-04T18:42:15.465-03:00  INFO 14460 --- [proyecto-venta] [http-nio-8081-exec-1] o.s.web.servlet.DispatcherServlet        : Completed initialization in 1 ms
2025-11-04T18:42:15.537-03:00  INFO 14460 --- [proyecto-venta] [http-nio-8081-exec-1] c.d.p.a.controller.ProductoController    : GET /productos?page=0&size=10 q=null categoriaId=null
2025-11-04T18:42:16.846-03:00  INFO 14460 --- [proyecto-venta] [http-nio-8081-exec-1] c.d.p.apis.service.ProductoService       : Listado de producto con filtro='null', página=0, tamaño=10
2025-11-04T18:42:17.126-03:00 DEBUG 14460 --- [proyecto-venta] [http-nio-8081-exec-1] c.d.p.apis.service.ProductoService       : Cantidad de productos encontradas: 4
2025-11-04T18:42:17.322-03:00  WARN 14460 --- [proyecto-venta] [http-nio-8081-exec-1] ration$PageModule$WarningLoggingModifier : Serializing PageImpl instances as-is is not supported, meaning that there is no guarantee about the stability of the resulting JSON structure!
	For a stable JSON structure, please use Spring Data's PagedModel (globally via @EnableSpringDataWebSupport(pageSerializationMode = VIA_DTO))
	or Spring HATEOAS and Spring Data's PagedResourcesAssembler as documented in https://docs.spring.io/spring-data/commons/reference/repositories/core-extensions.html#core.web.pageables.

2025-11-04T18:44:45.599-03:00  INFO 14460 --- [proyecto-venta] [SpringApplicationShutdownHook] o.s.c.n.e.s.EurekaServiceRegistry        : Unregistering application PROYECTO-VENTA with eureka with status DOWN
2025-11-04T18:44:45.600-03:00  INFO 14460 --- [proyecto-venta] [SpringApplicationShutdownHook] com.netflix.discovery.DiscoveryClient    : Saw local status change event StatusChangeEvent [timestamp=1762292685600, current=DOWN, previous=UP]
2025-11-04T18:44:45.600-03:00  INFO 14460 --- [proyecto-venta] [DiscoveryClient-InstanceInfoReplicator-%d] com.netflix.discovery.DiscoveryClient    : DiscoveryClient_PROYECTO-VENTA/localhost:proyecto-venta:8081: registering service...
2025-11-04T18:44:45.602-03:00  INFO 14460 --- [proyecto-venta] [SpringApplicationShutdownHook] o.s.b.w.e.tomcat.GracefulShutdown        : Commencing graceful shutdown. Waiting for active requests to complete
2025-11-04T18:44:45.605-03:00  INFO 14460 --- [proyecto-venta] [DiscoveryClient-InstanceInfoReplicator-%d] com.netflix.discovery.DiscoveryClient    : DiscoveryClient_PROYECTO-VENTA/localhost:proyecto-venta:8081 - registration status: 204
2025-11-04T18:44:45.605-03:00  INFO 14460 --- [proyecto-venta] [tomcat-shutdown] o.s.b.w.e.tomcat.GracefulShutdown        : Graceful shutdown complete
2025-11-04T18:44:45.611-03:00  INFO 14460 --- [proyecto-venta] [SpringApplicationShutdownHook] j.LocalContainerEntityManagerFactoryBean : Closing JPA EntityManagerFactory for persistence unit 'default'
2025-11-04T18:44:45.613-03:00  INFO 14460 --- [proyecto-venta] [SpringApplicationShutdownHook] com.zaxxer.hikari.HikariDataSource       : venta-pool - Shutdown initiated...
2025-11-04T18:44:45.613-03:00  INFO 14460 --- [proyecto-venta] [SpringApplicationShutdownHook] com.zaxxer.hikari.HikariDataSource       : venta-pool - Shutdown completed.
2025-11-04T18:44:45.614-03:00  INFO 14460 --- [proyecto-venta] [SpringApplicationShutdownHook] com.netflix.discovery.DiscoveryClient    : Shutting down DiscoveryClient ...
2025-11-04T18:44:48.615-03:00  INFO 14460 --- [proyecto-venta] [SpringApplicationShutdownHook] com.netflix.discovery.DiscoveryClient    : Unregistering ...
2025-11-04T18:44:48.620-03:00  INFO 14460 --- [proyecto-venta] [SpringApplicationShutdownHook] com.netflix.discovery.DiscoveryClient    : DiscoveryClient_PROYECTO-VENTA/localhost:proyecto-venta:8081 - deregister  status: 200
2025-11-04T18:44:48.620-03:00  INFO 14460 --- [proyecto-venta] [SpringApplicationShutdownHook] com.netflix.discovery.DiscoveryClient    : Completed shut down of DiscoveryClient
2025-11-04T19:48:33.001-03:00  INFO 15292 --- [proyecto-venta] [main] c.d.p.ProyectoVentaApplication           : Starting ProyectoVentaApplication using Java 24 with PID 15292 (C:\Users\Usuario\IdeaProjects\Distri\SistemaWebYDistribuido\Proyecto-Venta\target\classes started by Usuario in C:\Users\Usuario\IdeaProjects\Distri\SistemaWebYDistribuido\Proyecto-Venta)
2025-11-04T19:48:33.003-03:00  INFO 15292 --- [proyecto-venta] [main] c.d.p.ProyectoVentaApplication           : No active profile set, falling back to 1 default profile: "default"
2025-11-04T19:48:33.986-03:00  INFO 15292 --- [proyecto-venta] [main] .s.d.r.c.RepositoryConfigurationDelegate : Multiple Spring Data modules found, entering strict repository configuration mode
2025-11-04T19:48:33.989-03:00  INFO 15292 --- [proyecto-venta] [main] .s.d.r.c.RepositoryConfigurationDelegate : Bootstrapping Spring Data JPA repositories in DEFAULT mode.
2025-11-04T19:48:34.162-03:00  INFO 15292 --- [proyecto-venta] [main] .s.d.r.c.RepositoryConfigurationDelegate : Finished Spring Data repository scanning in 162 ms. Found 8 JPA repository interfaces.
2025-11-04T19:48:34.180-03:00  INFO 15292 --- [proyecto-venta] [main] .s.d.r.c.RepositoryConfigurationDelegate : Multiple Spring Data modules found, entering strict repository configuration mode
2025-11-04T19:48:34.181-03:00  INFO 15292 --- [proyecto-venta] [main] .s.d.r.c.RepositoryConfigurationDelegate : Bootstrapping Spring Data Redis repositories in DEFAULT mode.
2025-11-04T19:48:34.211-03:00  INFO 15292 --- [proyecto-venta] [main] .RepositoryConfigurationExtensionSupport : Spring Data Redis - Could not safely identify store assignment for repository candidate interface com.distri.proyectoVenta.apis.repository.CategoriaRepository; If you want this repository to be a Redis repository, consider annotating your entities with one of these annotations: org.springframework.data.redis.core.RedisHash (preferred), or consider extending one of the following types with your repository: org.springframework.data.keyvalue.repository.KeyValueRepository
2025-11-04T19:48:34.212-03:00  INFO 15292 --- [proyecto-venta] [main] .RepositoryConfigurationExtensionSupport : Spring Data Redis - Could not safely identify store assignment for repository candidate interface com.distri.proyectoVenta.apis.repository.ClienteRepository; If you want this repository to be a Redis repository, consider annotating your entities with one of these annotations: org.springframework.data.redis.core.RedisHash (preferred), or consider extending one of the following types with your repository: org.springframework.data.keyvalue.repository.KeyValueRepository
2025-11-04T19:48:34.212-03:00  INFO 15292 --- [proyecto-venta] [main] .RepositoryConfigurationExtensionSupport : Spring Data Redis - Could not safely identify store assignment for repository candidate interface com.distri.proyectoVenta.apis.repository.ProductoRepository; If you want this repository to be a Redis repository, consider annotating your entities with one of these annotations: org.springframework.data.redis.core.RedisHash (preferred), or consider extending one of the following types with your repository: org.springframework.data.keyvalue.repository.KeyValueRepository
2025-11-04T19:48:34.212-03:00  INFO 15292 --- [proyecto-venta] [main] .RepositoryConfigurationExtensionSupport : Spring Data Redis - Could not safely identify store assignment for repository candidate interface com.distri.proyectoVenta.apis.repository.ProveedorRepository; If you want this repository to be a Redis repository, consider annotating your entities with one of these annotations: org.springframework.data.redis.core.RedisHash (preferred), or consider extending one of the following types with your repository: org.springframework.data.keyvalue.repository.KeyValueRepository
2025-11-04T19:48:34.213-03:00  INFO 15292 --- [proyecto-venta] [main] .RepositoryConfigurationExtensionSupport : Spring Data Redis - Could not safely identify store assignment for repository candidate interface com.distri.proyectoVenta.apis.repository.RolRepository; If you want this repository to be a Redis repository, consider annotating your entities with one of these annotations: org.springframework.data.redis.core.RedisHash (preferred), or consider extending one of the following types with your repository: org.springframework.data.keyvalue.repository.KeyValueRepository
2025-11-04T19:48:34.213-03:00  INFO 15292 --- [proyecto-venta] [main] .RepositoryConfigurationExtensionSupport : Spring Data Redis - Could not safely identify store assignment for repository candidate interface com.distri.proyectoVenta.apis.repository.UsuarioRepository; If you want this repository to be a Redis repository, consider annotating your entities with one of these annotations: org.springframework.data.redis.core.RedisHash (preferred), or consider extending one of the following types with your repository: org.springframework.data.keyvalue.repository.KeyValueRepository
2025-11-04T19:48:34.214-03:00  INFO 15292 --- [proyecto-venta] [main] .RepositoryConfigurationExtensionSupport : Spring Data Redis - Could not safely identify store assignment for repository candidate interface com.distri.proyectoVenta.apis.repository.VentaDetalleRepository; If you want this repository to be a Redis repository, consider annotating your entities with one of these annotations: org.springframework.data.redis.core.RedisHash (preferred), or consider extending one of the following types with your repository: org.springframework.data.keyvalue.repository.KeyValueRepository
2025-11-04T19:48:34.214-03:00  INFO 15292 --- [proyecto-venta] [main] .RepositoryConfigurationExtensionSupport : Spring Data Redis - Could not safely identify store assignment for repository candidate interface com.distri.proyectoVenta.apis.repository.VentaRepository; If you want this repository to be a Redis repository, consider annotating your entities with one of these annotations: org.springframework.data.redis.core.RedisHash (preferred), or consider extending one of the following types with your repository: org.springframework.data.keyvalue.repository.KeyValueRepository
2025-11-04T19:48:34.215-03:00  INFO 15292 --- [proyecto-venta] [main] .s.d.r.c.RepositoryConfigurationDelegate : Finished Spring Data repository scanning in 15 ms. Found 0 Redis repository interfaces.
2025-11-04T19:48:34.493-03:00  INFO 15292 --- [proyecto-venta] [main] o.s.cloud.context.scope.GenericScope     : BeanFactory id=69b5d56a-538d-35f2-a773-98033dd67aca
2025-11-04T19:48:34.934-03:00  INFO 15292 --- [proyecto-venta] [main] o.s.b.w.embedded.tomcat.TomcatWebServer  : Tomcat initialized with port 8081 (http)
2025-11-04T19:48:34.947-03:00  INFO 15292 --- [proyecto-venta] [main] o.apache.catalina.core.StandardService   : Starting service [Tomcat]
2025-11-04T19:48:34.947-03:00  INFO 15292 --- [proyecto-venta] [main] o.apache.catalina.core.StandardEngine    : Starting Servlet engine: [Apache Tomcat/10.1.44]
2025-11-04T19:48:35.011-03:00  INFO 15292 --- [proyecto-venta] [main] o.a.c.c.C.[Tomcat].[localhost].[/]       : Initializing Spring embedded WebApplicationContext
2025-11-04T19:48:35.012-03:00  INFO 15292 --- [proyecto-venta] [main] w.s.c.ServletWebServerApplicationContext : Root WebApplicationContext: initialization completed in 1971 ms
2025-11-04T19:48:35.239-03:00  INFO 15292 --- [proyecto-venta] [main] o.hibernate.jpa.internal.util.LogHelper  : HHH000204: Processing PersistenceUnitInfo [name: default]
2025-11-04T19:48:35.315-03:00  INFO 15292 --- [proyecto-venta] [main] org.hibernate.Version                    : HHH000412: Hibernate ORM core version 6.6.26.Final
2025-11-04T19:48:35.361-03:00  INFO 15292 --- [proyecto-venta] [main] o.h.c.internal.RegionFactoryInitiator    : HHH000026: Second-level cache disabled
2025-11-04T19:48:35.695-03:00  INFO 15292 --- [proyecto-venta] [main] o.s.o.j.p.SpringPersistenceUnitInfo      : No LoadTimeWeaver setup: ignoring JPA class transformer
2025-11-04T19:48:35.731-03:00  WARN 15292 --- [proyecto-venta] [main] com.zaxxer.hikari.HikariConfig           : venta-pool - keepaliveTime is greater than or equal to maxLifetime, disabling it.
2025-11-04T19:48:35.732-03:00  INFO 15292 --- [proyecto-venta] [main] com.zaxxer.hikari.HikariDataSource       : venta-pool - Starting...
2025-11-04T19:48:38.065-03:00  INFO 15292 --- [proyecto-venta] [main] com.zaxxer.hikari.HikariDataSource       : venta-pool - Start completed.
2025-11-04T19:48:39.689-03:00  WARN 15292 --- [proyecto-venta] [main] org.hibernate.orm.deprecation            : HHH90000025: PostgreSQLDialect does not need to be specified explicitly using 'hibernate.dialect' (remove the property setting and it will be selected by default)
2025-11-04T19:48:40.297-03:00  INFO 15292 --- [proyecto-venta] [main] org.hibernate.orm.connections.pooling    : HHH10001005: Database info:
	Database JDBC URL [Connecting through datasource 'HikariDataSource (venta-pool)']
	Database driver: undefined/unknown
	Database version: 17.6
	Autocommit mode: undefined/unknown
	Isolation level: undefined/unknown
	Minimum pool size: undefined/unknown
	Maximum pool size: undefined/unknown
2025-11-04T19:48:41.419-03:00  INFO 15292 --- [proyecto-venta] [main] o.h.e.t.j.p.i.JtaPlatformInitiator       : HHH000489: No JTA platform available (set 'hibernate.transaction.jta.platform' to enable JTA platform integration)
2025-11-04T19:48:41.423-03:00  INFO 15292 --- [proyecto-venta] [main] j.LocalContainerEntityManagerFactoryBean : Initialized JPA EntityManagerFactory for persistence unit 'default'
2025-11-04T19:48:41.861-03:00  INFO 15292 --- [proyecto-venta] [main] o.s.d.j.r.query.QueryEnhancerFactory     : Hibernate is in classpath; If applicable, HQL parser will be used.
2025-11-04T19:48:42.920-03:00  WARN 15292 --- [proyecto-venta] [main] JpaBaseConfiguration$JpaWebConfiguration : spring.jpa.open-in-view is enabled by default. Therefore, database queries may be performed during view rendering. Explicitly configure spring.jpa.open-in-view to disable this warning
2025-11-04T19:48:42.987-03:00  WARN 15292 --- [proyecto-venta] [main] .s.s.UserDetailsServiceAutoConfiguration : 

Using generated security password: 1f8f1e92-7d41-4d85-aa38-56be78642a05

This generated password is for development use only. Your security configuration must be updated before running your application in production.

2025-11-04T19:48:42.996-03:00  INFO 15292 --- [proyecto-venta] [main] r$InitializeUserDetailsManagerConfigurer : Global AuthenticationManager configured with UserDetailsService bean with name inMemoryUserDetailsManager
2025-11-04T19:48:44.848-03:00  INFO 15292 --- [proyecto-venta] [main] o.s.cloud.commons.util.InetUtils         : Cannot determine local hostname
2025-11-04T19:48:45.876-03:00  INFO 15292 --- [proyecto-venta] [main] o.s.cloud.commons.util.InetUtils         : Cannot determine local hostname
2025-11-04T19:48:45.901-03:00  INFO 15292 --- [proyecto-venta] [main] DiscoveryClientOptionalArgsConfiguration : Eureka HTTP Client uses RestTemplate.
2025-11-04T19:48:45.952-03:00  WARN 15292 --- [proyecto-venta] [main] iguration$LoadBalancerCaffeineWarnLogger : Spring Cloud LoadBalancer is currently working with the default cache. While this cache implementation is useful for development and tests, it's recommended to use Caffeine cache in production.You can switch to using Caffeine cache, by adding it and org.springframework.cache.caffeine.CaffeineCacheManager to the classpath.
2025-11-04T19:48:46.008-03:00  INFO 15292 --- [proyecto-venta] [main] o.s.c.n.eureka.InstanceInfoFactory       : Setting initial instance status as: STARTING
2025-11-04T19:48:46.032-03:00  INFO 15292 --- [proyecto-venta] [main] com.netflix.discovery.DiscoveryClient    : Initializing Eureka in region us-east-1
2025-11-04T19:48:46.036-03:00  INFO 15292 --- [proyecto-venta] [main] c.n.d.s.r.aws.ConfigClusterResolver      : Resolving eureka endpoints via configuration
2025-11-04T19:48:46.044-03:00  INFO 15292 --- [proyecto-venta] [main] com.netflix.discovery.DiscoveryClient    : Disable delta property : false
2025-11-04T19:48:46.044-03:00  INFO 15292 --- [proyecto-venta] [main] com.netflix.discovery.DiscoveryClient    : Single vip registry refresh property : null
2025-11-04T19:48:46.044-03:00  INFO 15292 --- [proyecto-venta] [main] com.netflix.discovery.DiscoveryClient    : Force full registry fetch : false
2025-11-04T19:48:46.044-03:00  INFO 15292 --- [proyecto-venta] [main] com.netflix.discovery.DiscoveryClient    : Application is null : false
2025-11-04T19:48:46.045-03:00  INFO 15292 --- [proyecto-venta] [main] com.netflix.discovery.DiscoveryClient    : Registered Applications size is zero : true
2025-11-04T19:48:46.045-03:00  INFO 15292 --- [proyecto-venta] [main] com.netflix.discovery.DiscoveryClient    : Application version is -1: true
2025-11-04T19:48:46.045-03:00  INFO 15292 --- [proyecto-venta] [main] com.netflix.discovery.DiscoveryClient    : Getting all instance registry info from the eureka server
2025-11-04T19:48:46.383-03:00  INFO 15292 --- [proyecto-venta] [main] com.netflix.discovery.DiscoveryClient    : The response status is 200
2025-11-04T19:48:46.385-03:00  INFO 15292 --- [proyecto-venta] [main] com.netflix.discovery.DiscoveryClient    : Starting heartbeat executor: renew interval is: 30
2025-11-04T19:48:46.387-03:00  INFO 15292 --- [proyecto-venta] [main] c.n.discovery.InstanceInfoReplicator     : InstanceInfoReplicator onDemand update allowed rate per min is 4
2025-11-04T19:48:46.389-03:00  INFO 15292 --- [proyecto-venta] [main] com.netflix.discovery.DiscoveryClient    : Discovery Client initialized at timestamp 1762296526388 with initial instances count: 1
2025-11-04T19:48:46.394-03:00  INFO 15292 --- [proyecto-venta] [main] o.s.c.n.e.s.EurekaServiceRegistry        : Registering application PROYECTO-VENTA with eureka with status UP
2025-11-04T19:48:46.395-03:00  INFO 15292 --- [proyecto-venta] [main] com.netflix.discovery.DiscoveryClient    : Saw local status change event StatusChangeEvent [timestamp=1762296526395, current=UP, previous=STARTING]
2025-11-04T19:48:46.396-03:00  INFO 15292 --- [proyecto-venta] [DiscoveryClient-InstanceInfoReplicator-%d] com.netflix.discovery.DiscoveryClient    : DiscoveryClient_PROYECTO-VENTA/localhost:proyecto-venta:8081: registering service...
2025-11-04T19:48:46.414-03:00  INFO 15292 --- [proyecto-venta] [main] o.s.b.w.embedded.tomcat.TomcatWebServer  : Tomcat started on port 8081 (http) with context path '/'
2025-11-04T19:48:46.415-03:00  INFO 15292 --- [proyecto-venta] [main] .s.c.n.e.s.EurekaAutoServiceRegistration : Updating port to 8081
2025-11-04T19:48:46.434-03:00  INFO 15292 --- [proyecto-venta] [DiscoveryClient-InstanceInfoReplicator-%d] com.netflix.discovery.DiscoveryClient    : DiscoveryClient_PROYECTO-VENTA/localhost:proyecto-venta:8081 - registration status: 204
2025-11-04T19:48:47.420-03:00  INFO 15292 --- [proyecto-venta] [main] o.s.cloud.commons.util.InetUtils         : Cannot determine local hostname
2025-11-04T19:48:47.430-03:00  INFO 15292 --- [proyecto-venta] [main] c.d.p.ProyectoVentaApplication           : Started ProyectoVentaApplication in 15.896 seconds (process running for 17.736)
2025-11-04T19:51:01.693-03:00  INFO 15292 --- [proyecto-venta] [SpringApplicationShutdownHook] o.s.c.n.e.s.EurekaServiceRegistry        : Unregistering application PROYECTO-VENTA with eureka with status DOWN
2025-11-04T19:51:01.693-03:00  INFO 15292 --- [proyecto-venta] [SpringApplicationShutdownHook] com.netflix.discovery.DiscoveryClient    : Saw local status change event StatusChangeEvent [timestamp=1762296661693, current=DOWN, previous=UP]
2025-11-04T19:51:01.693-03:00  INFO 15292 --- [proyecto-venta] [DiscoveryClient-InstanceInfoReplicator-%d] com.netflix.discovery.DiscoveryClient    : DiscoveryClient_PROYECTO-VENTA/localhost:proyecto-venta:8081: registering service...
2025-11-04T19:51:01.695-03:00  INFO 15292 --- [proyecto-venta] [SpringApplicationShutdownHook] o.s.b.w.e.tomcat.GracefulShutdown        : Commencing graceful shutdown. Waiting for active requests to complete
2025-11-04T19:51:01.700-03:00  INFO 15292 --- [proyecto-venta] [tomcat-shutdown] o.s.b.w.e.tomcat.GracefulShutdown        : Graceful shutdown complete
2025-11-04T19:51:01.700-03:00  INFO 15292 --- [proyecto-venta] [DiscoveryClient-InstanceInfoReplicator-%d] com.netflix.discovery.DiscoveryClient    : DiscoveryClient_PROYECTO-VENTA/localhost:proyecto-venta:8081 - registration status: 204
2025-11-04T19:51:01.714-03:00  INFO 15292 --- [proyecto-venta] [SpringApplicationShutdownHook] j.LocalContainerEntityManagerFactoryBean : Closing JPA EntityManagerFactory for persistence unit 'default'
2025-11-04T19:51:01.716-03:00  INFO 15292 --- [proyecto-venta] [SpringApplicationShutdownHook] com.zaxxer.hikari.HikariDataSource       : venta-pool - Shutdown initiated...
2025-11-04T19:51:01.717-03:00  INFO 15292 --- [proyecto-venta] [SpringApplicationShutdownHook] com.zaxxer.hikari.HikariDataSource       : venta-pool - Shutdown completed.
2025-11-04T19:51:01.717-03:00  INFO 15292 --- [proyecto-venta] [SpringApplicationShutdownHook] com.netflix.discovery.DiscoveryClient    : Shutting down DiscoveryClient ...
2025-11-04T19:51:04.719-03:00  INFO 15292 --- [proyecto-venta] [SpringApplicationShutdownHook] com.netflix.discovery.DiscoveryClient    : Unregistering ...
2025-11-04T19:51:04.725-03:00  INFO 15292 --- [proyecto-venta] [SpringApplicationShutdownHook] com.netflix.discovery.DiscoveryClient    : DiscoveryClient_PROYECTO-VENTA/localhost:proyecto-venta:8081 - deregister  status: 200
2025-11-04T19:51:04.725-03:00  INFO 15292 --- [proyecto-venta] [SpringApplicationShutdownHook] com.netflix.discovery.DiscoveryClient    : Completed shut down of DiscoveryClient
2025-11-04T19:52:06.704-03:00  INFO 15516 --- [proyecto-venta] [main] c.d.p.ProyectoVentaApplication           : Starting ProyectoVentaApplication using Java 24 with PID 15516 (C:\Users\Usuario\IdeaProjects\Distri\SistemaWebYDistribuido\Proyecto-Venta\target\classes started by Usuario in C:\Users\Usuario\IdeaProjects\Distri\SistemaWebYDistribuido\Proyecto-Venta)
2025-11-04T19:52:06.706-03:00  INFO 15516 --- [proyecto-venta] [main] c.d.p.ProyectoVentaApplication           : No active profile set, falling back to 1 default profile: "default"
2025-11-04T19:52:07.602-03:00  INFO 15516 --- [proyecto-venta] [main] .s.d.r.c.RepositoryConfigurationDelegate : Multiple Spring Data modules found, entering strict repository configuration mode
2025-11-04T19:52:07.604-03:00  INFO 15516 --- [proyecto-venta] [main] .s.d.r.c.RepositoryConfigurationDelegate : Bootstrapping Spring Data JPA repositories in DEFAULT mode.
2025-11-04T19:52:07.768-03:00  INFO 15516 --- [proyecto-venta] [main] .s.d.r.c.RepositoryConfigurationDelegate : Finished Spring Data repository scanning in 154 ms. Found 8 JPA repository interfaces.
2025-11-04T19:52:07.785-03:00  INFO 15516 --- [proyecto-venta] [main] .s.d.r.c.RepositoryConfigurationDelegate : Multiple Spring Data modules found, entering strict repository configuration mode
2025-11-04T19:52:07.786-03:00  INFO 15516 --- [proyecto-venta] [main] .s.d.r.c.RepositoryConfigurationDelegate : Bootstrapping Spring Data Redis repositories in DEFAULT mode.
2025-11-04T19:52:07.805-03:00  INFO 15516 --- [proyecto-venta] [main] .RepositoryConfigurationExtensionSupport : Spring Data Redis - Could not safely identify store assignment for repository candidate interface com.distri.proyectoVenta.apis.repository.CategoriaRepository; If you want this repository to be a Redis repository, consider annotating your entities with one of these annotations: org.springframework.data.redis.core.RedisHash (preferred), or consider extending one of the following types with your repository: org.springframework.data.keyvalue.repository.KeyValueRepository
2025-11-04T19:52:07.806-03:00  INFO 15516 --- [proyecto-venta] [main] .RepositoryConfigurationExtensionSupport : Spring Data Redis - Could not safely identify store assignment for repository candidate interface com.distri.proyectoVenta.apis.repository.ClienteRepository; If you want this repository to be a Redis repository, consider annotating your entities with one of these annotations: org.springframework.data.redis.core.RedisHash (preferred), or consider extending one of the following types with your repository: org.springframework.data.keyvalue.repository.KeyValueRepository
2025-11-04T19:52:07.806-03:00  INFO 15516 --- [proyecto-venta] [main] .RepositoryConfigurationExtensionSupport : Spring Data Redis - Could not safely identify store assignment for repository candidate interface com.distri.proyectoVenta.apis.repository.ProductoRepository; If you want this repository to be a Redis repository, consider annotating your entities with one of these annotations: org.springframework.data.redis.core.RedisHash (preferred), or consider extending one of the following types with your repository: org.springframework.data.keyvalue.repository.KeyValueRepository
2025-11-04T19:52:07.806-03:00  INFO 15516 --- [proyecto-venta] [main] .RepositoryConfigurationExtensionSupport : Spring Data Redis - Could not safely identify store assignment for repository candidate interface com.distri.proyectoVenta.apis.repository.ProveedorRepository; If you want this repository to be a Redis repository, consider annotating your entities with one of these annotations: org.springframework.data.redis.core.RedisHash (preferred), or consider extending one of the following types with your repository: org.springframework.data.keyvalue.repository.KeyValueRepository
2025-11-04T19:52:07.806-03:00  INFO 15516 --- [proyecto-venta] [main] .RepositoryConfigurationExtensionSupport : Spring Data Redis - Could not safely identify store assignment for repository candidate interface com.distri.proyectoVenta.apis.repository.RolRepository; If you want this repository to be a Redis repository, consider annotating your entities with one of these annotations: org.springframework.data.redis.core.RedisHash (preferred), or consider extending one of the following types with your repository: org.springframework.data.keyvalue.repository.KeyValueRepository
2025-11-04T19:52:07.807-03:00  INFO 15516 --- [proyecto-venta] [main] .RepositoryConfigurationExtensionSupport : Spring Data Redis - Could not safely identify store assignment for repository candidate interface com.distri.proyectoVenta.apis.repository.UsuarioRepository; If you want this repository to be a Redis repository, consider annotating your entities with one of these annotations: org.springframework.data.redis.core.RedisHash (preferred), or consider extending one of the following types with your repository: org.springframework.data.keyvalue.repository.KeyValueRepository
2025-11-04T19:52:07.808-03:00  INFO 15516 --- [proyecto-venta] [main] .RepositoryConfigurationExtensionSupport : Spring Data Redis - Could not safely identify store assignment for repository candidate interface com.distri.proyectoVenta.apis.repository.VentaDetalleRepository; If you want this repository to be a Redis repository, consider annotating your entities with one of these annotations: org.springframework.data.redis.core.RedisHash (preferred), or consider extending one of the following types with your repository: org.springframework.data.keyvalue.repository.KeyValueRepository
2025-11-04T19:52:07.808-03:00  INFO 15516 --- [proyecto-venta] [main] .RepositoryConfigurationExtensionSupport : Spring Data Redis - Could not safely identify store assignment for repository candidate interface com.distri.proyectoVenta.apis.repository.VentaRepository; If you want this repository to be a Redis repository, consider annotating your entities with one of these annotations: org.springframework.data.redis.core.RedisHash (preferred), or consider extending one of the following types with your repository: org.springframework.data.keyvalue.repository.KeyValueRepository
2025-11-04T19:52:07.809-03:00  INFO 15516 --- [proyecto-venta] [main] .s.d.r.c.RepositoryConfigurationDelegate : Finished Spring Data repository scanning in 13 ms. Found 0 Redis repository interfaces.
2025-11-04T19:52:08.089-03:00  INFO 15516 --- [proyecto-venta] [main] o.s.cloud.context.scope.GenericScope     : BeanFactory id=69b5d56a-538d-35f2-a773-98033dd67aca
2025-11-04T19:52:08.504-03:00  INFO 15516 --- [proyecto-venta] [main] o.s.b.w.embedded.tomcat.TomcatWebServer  : Tomcat initialized with port 8081 (http)
2025-11-04T19:52:08.517-03:00  INFO 15516 --- [proyecto-venta] [main] o.apache.catalina.core.StandardService   : Starting service [Tomcat]
2025-11-04T19:52:08.518-03:00  INFO 15516 --- [proyecto-venta] [main] o.apache.catalina.core.StandardEngine    : Starting Servlet engine: [Apache Tomcat/10.1.44]
2025-11-04T19:52:08.586-03:00  INFO 15516 --- [proyecto-venta] [main] o.a.c.c.C.[Tomcat].[localhost].[/]       : Initializing Spring embedded WebApplicationContext
2025-11-04T19:52:08.586-03:00  INFO 15516 --- [proyecto-venta] [main] w.s.c.ServletWebServerApplicationContext : Root WebApplicationContext: initialization completed in 1837 ms
2025-11-04T19:52:08.792-03:00  INFO 15516 --- [proyecto-venta] [main] o.hibernate.jpa.internal.util.LogHelper  : HHH000204: Processing PersistenceUnitInfo [name: default]
2025-11-04T19:52:08.840-03:00  INFO 15516 --- [proyecto-venta] [main] org.hibernate.Version                    : HHH000412: Hibernate ORM core version 6.6.26.Final
2025-11-04T19:52:08.871-03:00  INFO 15516 --- [proyecto-venta] [main] o.h.c.internal.RegionFactoryInitiator    : HHH000026: Second-level cache disabled
2025-11-04T19:52:09.134-03:00  INFO 15516 --- [proyecto-venta] [main] o.s.o.j.p.SpringPersistenceUnitInfo      : No LoadTimeWeaver setup: ignoring JPA class transformer
2025-11-04T19:52:09.164-03:00  WARN 15516 --- [proyecto-venta] [main] com.zaxxer.hikari.HikariConfig           : venta-pool - keepaliveTime is greater than or equal to maxLifetime, disabling it.
2025-11-04T19:52:09.165-03:00  INFO 15516 --- [proyecto-venta] [main] com.zaxxer.hikari.HikariDataSource       : venta-pool - Starting...
2025-11-04T19:52:11.418-03:00  INFO 15516 --- [proyecto-venta] [main] com.zaxxer.hikari.HikariDataSource       : venta-pool - Start completed.
2025-11-04T19:52:13.057-03:00  WARN 15516 --- [proyecto-venta] [main] org.hibernate.orm.deprecation            : HHH90000025: PostgreSQLDialect does not need to be specified explicitly using 'hibernate.dialect' (remove the property setting and it will be selected by default)
2025-11-04T19:52:13.680-03:00  INFO 15516 --- [proyecto-venta] [main] org.hibernate.orm.connections.pooling    : HHH10001005: Database info:
	Database JDBC URL [Connecting through datasource 'HikariDataSource (venta-pool)']
	Database driver: undefined/unknown
	Database version: 17.6
	Autocommit mode: undefined/unknown
	Isolation level: undefined/unknown
	Minimum pool size: undefined/unknown
	Maximum pool size: undefined/unknown
2025-11-04T19:52:14.748-03:00  INFO 15516 --- [proyecto-venta] [main] o.h.e.t.j.p.i.JtaPlatformInitiator       : HHH000489: No JTA platform available (set 'hibernate.transaction.jta.platform' to enable JTA platform integration)
2025-11-04T19:52:14.751-03:00  INFO 15516 --- [proyecto-venta] [main] j.LocalContainerEntityManagerFactoryBean : Initialized JPA EntityManagerFactory for persistence unit 'default'
2025-11-04T19:52:15.130-03:00  INFO 15516 --- [proyecto-venta] [main] o.s.d.j.r.query.QueryEnhancerFactory     : Hibernate is in classpath; If applicable, HQL parser will be used.
2025-11-04T19:52:16.159-03:00  WARN 15516 --- [proyecto-venta] [main] JpaBaseConfiguration$JpaWebConfiguration : spring.jpa.open-in-view is enabled by default. Therefore, database queries may be performed during view rendering. Explicitly configure spring.jpa.open-in-view to disable this warning
2025-11-04T19:52:16.229-03:00  WARN 15516 --- [proyecto-venta] [main] .s.s.UserDetailsServiceAutoConfiguration : 

Using generated security password: 9eb99741-df06-477d-ae3e-da6c2054a8e4

This generated password is for development use only. Your security configuration must be updated before running your application in production.

2025-11-04T19:52:16.237-03:00  INFO 15516 --- [proyecto-venta] [main] r$InitializeUserDetailsManagerConfigurer : Global AuthenticationManager configured with UserDetailsService bean with name inMemoryUserDetailsManager
2025-11-04T19:52:18.054-03:00  INFO 15516 --- [proyecto-venta] [main] o.s.cloud.commons.util.InetUtils         : Cannot determine local hostname
2025-11-04T19:52:19.082-03:00  INFO 15516 --- [proyecto-venta] [main] o.s.cloud.commons.util.InetUtils         : Cannot determine local hostname
2025-11-04T19:52:19.105-03:00  INFO 15516 --- [proyecto-venta] [main] DiscoveryClientOptionalArgsConfiguration : Eureka HTTP Client uses RestTemplate.
2025-11-04T19:52:19.147-03:00  WARN 15516 --- [proyecto-venta] [main] iguration$LoadBalancerCaffeineWarnLogger : Spring Cloud LoadBalancer is currently working with the default cache. While this cache implementation is useful for development and tests, it's recommended to use Caffeine cache in production.You can switch to using Caffeine cache, by adding it and org.springframework.cache.caffeine.CaffeineCacheManager to the classpath.
2025-11-04T19:52:19.195-03:00  INFO 15516 --- [proyecto-venta] [main] o.s.c.n.eureka.InstanceInfoFactory       : Setting initial instance status as: STARTING
2025-11-04T19:52:19.217-03:00  INFO 15516 --- [proyecto-venta] [main] com.netflix.discovery.DiscoveryClient    : Initializing Eureka in region us-east-1
2025-11-04T19:52:19.221-03:00  INFO 15516 --- [proyecto-venta] [main] c.n.d.s.r.aws.ConfigClusterResolver      : Resolving eureka endpoints via configuration
2025-11-04T19:52:19.230-03:00  INFO 15516 --- [proyecto-venta] [main] com.netflix.discovery.DiscoveryClient    : Disable delta property : false
2025-11-04T19:52:19.230-03:00  INFO 15516 --- [proyecto-venta] [main] com.netflix.discovery.DiscoveryClient    : Single vip registry refresh property : null
2025-11-04T19:52:19.230-03:00  INFO 15516 --- [proyecto-venta] [main] com.netflix.discovery.DiscoveryClient    : Force full registry fetch : false
2025-11-04T19:52:19.230-03:00  INFO 15516 --- [proyecto-venta] [main] com.netflix.discovery.DiscoveryClient    : Application is null : false
2025-11-04T19:52:19.230-03:00  INFO 15516 --- [proyecto-venta] [main] com.netflix.discovery.DiscoveryClient    : Registered Applications size is zero : true
2025-11-04T19:52:19.230-03:00  INFO 15516 --- [proyecto-venta] [main] com.netflix.discovery.DiscoveryClient    : Application version is -1: true
2025-11-04T19:52:19.230-03:00  INFO 15516 --- [proyecto-venta] [main] com.netflix.discovery.DiscoveryClient    : Getting all instance registry info from the eureka server
2025-11-04T19:52:19.552-03:00  INFO 15516 --- [proyecto-venta] [main] com.netflix.discovery.DiscoveryClient    : The response status is 200
2025-11-04T19:52:19.553-03:00  INFO 15516 --- [proyecto-venta] [main] com.netflix.discovery.DiscoveryClient    : Starting heartbeat executor: renew interval is: 30
2025-11-04T19:52:19.555-03:00  INFO 15516 --- [proyecto-venta] [main] c.n.discovery.InstanceInfoReplicator     : InstanceInfoReplicator onDemand update allowed rate per min is 4
2025-11-04T19:52:19.557-03:00  INFO 15516 --- [proyecto-venta] [main] com.netflix.discovery.DiscoveryClient    : Discovery Client initialized at timestamp 1762296739556 with initial instances count: 2
2025-11-04T19:52:19.562-03:00  INFO 15516 --- [proyecto-venta] [main] o.s.c.n.e.s.EurekaServiceRegistry        : Registering application PROYECTO-VENTA with eureka with status UP
2025-11-04T19:52:19.563-03:00  INFO 15516 --- [proyecto-venta] [main] com.netflix.discovery.DiscoveryClient    : Saw local status change event StatusChangeEvent [timestamp=1762296739563, current=UP, previous=STARTING]
2025-11-04T19:52:19.564-03:00  INFO 15516 --- [proyecto-venta] [DiscoveryClient-InstanceInfoReplicator-%d] com.netflix.discovery.DiscoveryClient    : DiscoveryClient_PROYECTO-VENTA/localhost:proyecto-venta:8081: registering service...
2025-11-04T19:52:19.587-03:00  INFO 15516 --- [proyecto-venta] [main] o.s.b.w.embedded.tomcat.TomcatWebServer  : Tomcat started on port 8081 (http) with context path '/'
2025-11-04T19:52:19.588-03:00  INFO 15516 --- [proyecto-venta] [main] .s.c.n.e.s.EurekaAutoServiceRegistration : Updating port to 8081
2025-11-04T19:52:19.610-03:00  INFO 15516 --- [proyecto-venta] [DiscoveryClient-InstanceInfoReplicator-%d] com.netflix.discovery.DiscoveryClient    : DiscoveryClient_PROYECTO-VENTA/localhost:proyecto-venta:8081 - registration status: 204
2025-11-04T19:52:20.591-03:00  INFO 15516 --- [proyecto-venta] [main] o.s.cloud.commons.util.InetUtils         : Cannot determine local hostname
2025-11-04T19:52:20.602-03:00  INFO 15516 --- [proyecto-venta] [main] c.d.p.ProyectoVentaApplication           : Started ProyectoVentaApplication in 15.364 seconds (process running for 16.107)
2025-11-04T19:52:41.998-03:00  INFO 15516 --- [proyecto-venta] [http-nio-8081-exec-1] o.a.c.c.C.[Tomcat].[localhost].[/]       : Initializing Spring DispatcherServlet 'dispatcherServlet'
2025-11-04T19:52:41.998-03:00  INFO 15516 --- [proyecto-venta] [http-nio-8081-exec-1] o.s.web.servlet.DispatcherServlet        : Initializing Servlet 'dispatcherServlet'
2025-11-04T19:52:42.000-03:00  INFO 15516 --- [proyecto-venta] [http-nio-8081-exec-1] o.s.web.servlet.DispatcherServlet        : Completed initialization in 1 ms
2025-11-04T19:52:42.081-03:00  INFO 15516 --- [proyecto-venta] [http-nio-8081-exec-1] c.d.p.a.controller.ProductoController    : GET /productos/2
2025-11-04T19:52:42.470-03:00 DEBUG 15516 --- [proyecto-venta] [http-nio-8081-exec-1] com.distri.cache                         : [CACHE GET] sd key=api_producto_2
2025-11-04T19:52:42.684-03:00  INFO 15516 --- [proyecto-venta] [http-nio-8081-exec-1] c.d.p.apis.service.ProductoService       : Buscando producto con id 2
2025-11-04T19:52:43.001-03:00 DEBUG 15516 --- [proyecto-venta] [http-nio-8081-exec-1] c.d.p.apis.service.ProductoService       : Producto con id 2 encontrado
2025-11-04T19:52:43.205-03:00 DEBUG 15516 --- [proyecto-venta] [http-nio-8081-exec-1] com.distri.cache                         : [CACHE PUT] sd key=api_producto_2
2025-11-04T19:53:09.482-03:00  INFO 15516 --- [proyecto-venta] [http-nio-8081-exec-2] c.d.p.apis.controller.VentaController    : GET /ventas/3
2025-11-04T19:53:09.482-03:00 DEBUG 15516 --- [proyecto-venta] [http-nio-8081-exec-2] com.distri.cache                         : [CACHE GET] sd key=api_venta_3
2025-11-04T19:53:09.675-03:00 DEBUG 15516 --- [proyecto-venta] [http-nio-8081-exec-2] c.d.p.apis.service.VentaService          : Buscando venta por id=3
2025-11-04T19:53:09.926-03:00 DEBUG 15516 --- [proyecto-venta] [http-nio-8081-exec-2] c.d.p.apis.service.VentaService          : Venta encontrada: com.distri.proyectoVenta.apis.entities.venta.Venta@207bfcc1
2025-11-04T19:53:10.132-03:00 DEBUG 15516 --- [proyecto-venta] [http-nio-8081-exec-2] com.distri.cache                         : [CACHE PUT] sd key=api_venta_3
2025-11-04T19:53:34.052-03:00  INFO 15516 --- [proyecto-venta] [http-nio-8081-exec-3] c.d.p.apis.controller.VentaController    : GET /ventas/3
2025-11-04T19:53:34.060-03:00 DEBUG 15516 --- [proyecto-venta] [http-nio-8081-exec-3] com.distri.cache                         : [CACHE GET] sd key=api_venta_3
2025-11-04T19:57:19.232-03:00  INFO 15516 --- [proyecto-venta] [AsyncResolver-bootstrap-executor-%d] c.n.d.s.r.aws.ConfigClusterResolver      : Resolving eureka endpoints via configuration
2025-11-04T20:02:19.235-03:00  INFO 15516 --- [proyecto-venta] [AsyncResolver-bootstrap-executor-%d] c.n.d.s.r.aws.ConfigClusterResolver      : Resolving eureka endpoints via configuration
2025-11-04T20:06:24.891-03:00  INFO 15516 --- [proyecto-venta] [http-nio-8081-exec-5] c.d.p.apis.controller.VentaController    : GET /ventas/6
2025-11-04T20:06:24.892-03:00 DEBUG 15516 --- [proyecto-venta] [http-nio-8081-exec-5] com.distri.cache                         : [CACHE GET] sd key=api_venta_6
2025-11-04T20:06:26.343-03:00 DEBUG 15516 --- [proyecto-venta] [http-nio-8081-exec-5] c.d.p.apis.service.VentaService          : Buscando venta por id=6
2025-11-04T20:06:26.561-03:00 ERROR 15516 --- [proyecto-venta] [http-nio-8081-exec-5] c.d.p.apis.service.VentaService          : Venta no encontrada: 6
2025-11-04T20:06:35.025-03:00  INFO 15516 --- [proyecto-venta] [http-nio-8081-exec-6] c.d.p.apis.controller.VentaController    : GET /ventas/3
2025-11-04T20:06:35.026-03:00 DEBUG 15516 --- [proyecto-venta] [http-nio-8081-exec-6] com.distri.cache                         : [CACHE GET] sd key=api_venta_3
2025-11-04T20:06:35.224-03:00 DEBUG 15516 --- [proyecto-venta] [http-nio-8081-exec-6] c.d.p.apis.service.VentaService          : Buscando venta por id=3
2025-11-04T20:06:35.419-03:00 DEBUG 15516 --- [proyecto-venta] [http-nio-8081-exec-6] c.d.p.apis.service.VentaService          : Venta encontrada: com.distri.proyectoVenta.apis.entities.venta.Venta@1c738681
2025-11-04T20:06:35.609-03:00 DEBUG 15516 --- [proyecto-venta] [http-nio-8081-exec-6] com.distri.cache                         : [CACHE PUT] sd key=api_venta_3
2025-11-04T20:06:58.679-03:00  INFO 15516 --- [proyecto-venta] [http-nio-8081-exec-7] c.d.p.a.controller.ProductoController    : GET /productos/2
2025-11-04T20:06:58.680-03:00 DEBUG 15516 --- [proyecto-venta] [http-nio-8081-exec-7] com.distri.cache                         : [CACHE GET] sd key=api_producto_2
2025-11-04T20:06:58.875-03:00  INFO 15516 --- [proyecto-venta] [http-nio-8081-exec-7] c.d.p.apis.service.ProductoService       : Buscando producto con id 2
2025-11-04T20:06:59.073-03:00 DEBUG 15516 --- [proyecto-venta] [http-nio-8081-exec-7] c.d.p.apis.service.ProductoService       : Producto con id 2 encontrado
2025-11-04T20:06:59.273-03:00 DEBUG 15516 --- [proyecto-venta] [http-nio-8081-exec-7] com.distri.cache                         : [CACHE PUT] sd key=api_producto_2
2025-11-04T20:07:19.236-03:00  INFO 15516 --- [proyecto-venta] [AsyncResolver-bootstrap-executor-%d] c.n.d.s.r.aws.ConfigClusterResolver      : Resolving eureka endpoints via configuration
2025-11-04T20:07:24.193-03:00  INFO 15516 --- [proyecto-venta] [http-nio-8081-exec-8] c.d.p.apis.controller.ClienteController  : GET /clientes?page=0&size=10 q=null
2025-11-04T20:07:24.387-03:00  INFO 15516 --- [proyecto-venta] [http-nio-8081-exec-8] c.d.p.apis.service.ClienteService        : Listado de clientes con filtro='null', página=0, tamaño=10
2025-11-04T20:07:24.844-03:00 DEBUG 15516 --- [proyecto-venta] [http-nio-8081-exec-8] c.d.p.apis.service.ClienteService        : Cantidad de clientes encontrados: 15
2025-11-04T20:07:25.043-03:00  WARN 15516 --- [proyecto-venta] [http-nio-8081-exec-8] ration$PageModule$WarningLoggingModifier : Serializing PageImpl instances as-is is not supported, meaning that there is no guarantee about the stability of the resulting JSON structure!
	For a stable JSON structure, please use Spring Data's PagedModel (globally via @EnableSpringDataWebSupport(pageSerializationMode = VIA_DTO))
	or Spring HATEOAS and Spring Data's PagedResourcesAssembler as documented in https://docs.spring.io/spring-data/commons/reference/repositories/core-extensions.html#core.web.pageables.

2025-11-04T20:07:41.961-03:00  INFO 15516 --- [proyecto-venta] [http-nio-8081-exec-9] c.d.p.apis.controller.ClienteController  : GET /clientes/1
2025-11-04T20:07:41.962-03:00 DEBUG 15516 --- [proyecto-venta] [http-nio-8081-exec-9] com.distri.cache                         : [CACHE GET] sd key=api_cliente_1
2025-11-04T20:07:42.162-03:00  INFO 15516 --- [proyecto-venta] [http-nio-8081-exec-9] c.d.p.apis.service.ClienteService        : Buscando cliente por ID: 1
2025-11-04T20:07:42.354-03:00 DEBUG 15516 --- [proyecto-venta] [http-nio-8081-exec-9] c.d.p.apis.service.ClienteService        : Cliente con ID: Constructora Ñandutí S.A. encontrado
2025-11-04T20:07:42.546-03:00 DEBUG 15516 --- [proyecto-venta] [http-nio-8081-exec-9] com.distri.cache                         : [CACHE PUT] sd key=api_cliente_1
2025-11-04T20:07:57.400-03:00  INFO 15516 --- [proyecto-venta] [http-nio-8081-exec-10] c.d.p.a.controller.CategoriaController   : GET /categorias/12
2025-11-04T20:07:57.401-03:00 DEBUG 15516 --- [proyecto-venta] [http-nio-8081-exec-10] com.distri.cache                         : [CACHE GET] sd key=api_categoria_12
2025-11-04T20:07:57.597-03:00  INFO 15516 --- [proyecto-venta] [http-nio-8081-exec-10] c.d.p.apis.service.CategoriaService      : Buscando categoria con id=12
2025-11-04T20:07:57.802-03:00  INFO 15516 --- [proyecto-venta] [http-nio-8081-exec-10] c.d.p.apis.service.CategoriaService      : Categoria encontrada: Plomeria
2025-11-04T20:07:57.998-03:00 DEBUG 15516 --- [proyecto-venta] [http-nio-8081-exec-10] com.distri.cache                         : [CACHE PUT] sd key=api_categoria_12
2025-11-04T20:08:13.805-03:00  INFO 15516 --- [proyecto-venta] [http-nio-8081-exec-1] c.d.p.a.controller.ProveedorController   : GET /proveedores/2
2025-11-04T20:08:13.806-03:00 DEBUG 15516 --- [proyecto-venta] [http-nio-8081-exec-1] com.distri.cache                         : [CACHE GET] sd key=api_proveedor_2
2025-11-04T20:08:15.221-03:00  INFO 15516 --- [proyecto-venta] [http-nio-8081-exec-1] c.d.p.apis.service.ProveedorService      : Buscando Proveedor con ID: 2
2025-11-04T20:08:15.413-03:00 DEBUG 15516 --- [proyecto-venta] [http-nio-8081-exec-1] c.d.p.apis.service.ProveedorService      : Proveedor encontrado con ID: 2 y nombre Carlos
2025-11-04T20:08:15.618-03:00 DEBUG 15516 --- [proyecto-venta] [http-nio-8081-exec-1] com.distri.cache                         : [CACHE PUT] sd key=api_proveedor_2
2025-11-04T20:08:18.258-03:00  INFO 15516 --- [proyecto-venta] [http-nio-8081-exec-2] c.d.p.a.controller.ProveedorController   : GET /proveedores/2
2025-11-04T20:08:18.261-03:00 DEBUG 15516 --- [proyecto-venta] [http-nio-8081-exec-2] com.distri.cache                         : [CACHE GET] sd key=api_proveedor_2
2025-11-04T20:09:14.685-03:00  INFO 15516 --- [proyecto-venta] [SpringApplicationShutdownHook] o.s.c.n.e.s.EurekaServiceRegistry        : Unregistering application PROYECTO-VENTA with eureka with status DOWN
2025-11-04T20:09:14.686-03:00  INFO 15516 --- [proyecto-venta] [SpringApplicationShutdownHook] com.netflix.discovery.DiscoveryClient    : Saw local status change event StatusChangeEvent [timestamp=1762297754686, current=DOWN, previous=UP]
2025-11-04T20:09:14.686-03:00  INFO 15516 --- [proyecto-venta] [DiscoveryClient-InstanceInfoReplicator-%d] com.netflix.discovery.DiscoveryClient    : DiscoveryClient_PROYECTO-VENTA/localhost:proyecto-venta:8081: registering service...
2025-11-04T20:09:14.690-03:00  INFO 15516 --- [proyecto-venta] [SpringApplicationShutdownHook] o.s.b.w.e.tomcat.GracefulShutdown        : Commencing graceful shutdown. Waiting for active requests to complete
2025-11-04T20:09:14.695-03:00  INFO 15516 --- [proyecto-venta] [DiscoveryClient-InstanceInfoReplicator-%d] com.netflix.discovery.DiscoveryClient    : DiscoveryClient_PROYECTO-VENTA/localhost:proyecto-venta:8081 - registration status: 204
2025-11-04T20:09:14.699-03:00  INFO 15516 --- [proyecto-venta] [tomcat-shutdown] o.s.b.w.e.tomcat.GracefulShutdown        : Graceful shutdown complete
2025-11-04T20:09:14.716-03:00  INFO 15516 --- [proyecto-venta] [SpringApplicationShutdownHook] j.LocalContainerEntityManagerFactoryBean : Closing JPA EntityManagerFactory for persistence unit 'default'
2025-11-04T20:09:14.718-03:00  INFO 15516 --- [proyecto-venta] [SpringApplicationShutdownHook] com.zaxxer.hikari.HikariDataSource       : venta-pool - Shutdown initiated...
2025-11-04T20:09:14.719-03:00  INFO 15516 --- [proyecto-venta] [SpringApplicationShutdownHook] com.zaxxer.hikari.HikariDataSource       : venta-pool - Shutdown completed.
2025-11-04T20:09:14.719-03:00  INFO 15516 --- [proyecto-venta] [SpringApplicationShutdownHook] com.netflix.discovery.DiscoveryClient    : Shutting down DiscoveryClient ...
2025-11-04T20:09:17.722-03:00  INFO 15516 --- [proyecto-venta] [SpringApplicationShutdownHook] com.netflix.discovery.DiscoveryClient    : Unregistering ...
2025-11-04T20:09:17.728-03:00  INFO 15516 --- [proyecto-venta] [SpringApplicationShutdownHook] com.netflix.discovery.DiscoveryClient    : DiscoveryClient_PROYECTO-VENTA/localhost:proyecto-venta:8081 - deregister  status: 200
2025-11-04T20:09:17.729-03:00  INFO 15516 --- [proyecto-venta] [SpringApplicationShutdownHook] com.netflix.discovery.DiscoveryClient    : Completed shut down of DiscoveryClient
