2025-10-29T18:24:06.158-03:00  INFO 7268 --- [main] c.d.p.ProyectoDistriApplication          : Starting ProyectoDistriApplication using Java 24 with PID 7268 (C:\Users\Usuario\IdeaProjects\Distri\SistemaWebYDistribuido\ProyectoDistri\target\classes started by Usuario in C:\Users\Usuario\IdeaProjects\Distri\SistemaWebYDistribuido)
2025-10-29T18:24:06.160-03:00  INFO 7268 --- [main] c.d.p.ProyectoDistriApplication          : No active profile set, falling back to 1 default profile: "default"
2025-10-29T18:24:06.884-03:00  INFO 7268 --- [main] .s.d.r.c.RepositoryConfigurationDelegate : Bootstrapping Spring Data JPA repositories in DEFAULT mode.
2025-10-29T18:24:06.965-03:00  INFO 7268 --- [main] .s.d.r.c.RepositoryConfigurationDelegate : Finished Spring Data repository scanning in 72 ms. Found 7 JPA repository interfaces.
2025-10-29T18:24:07.352-03:00  INFO 7268 --- [main] o.s.b.w.embedded.tomcat.TomcatWebServer  : Tomcat initialized with port 8082 (http)
2025-10-29T18:24:07.365-03:00  INFO 7268 --- [main] o.apache.catalina.core.StandardService   : Starting service [Tomcat]
2025-10-29T18:24:07.365-03:00  INFO 7268 --- [main] o.apache.catalina.core.StandardEngine    : Starting Servlet engine: [Apache Tomcat/10.1.44]
2025-10-29T18:24:07.415-03:00  INFO 7268 --- [main] o.a.c.c.C.[Tomcat].[localhost].[/]       : Initializing Spring embedded WebApplicationContext
2025-10-29T18:24:07.415-03:00  INFO 7268 --- [main] w.s.c.ServletWebServerApplicationContext : Root WebApplicationContext: initialization completed in 1214 ms
2025-10-29T18:24:07.537-03:00  INFO 7268 --- [main] com.zaxxer.hikari.HikariDataSource       : HikariPool-1 - Starting...
2025-10-29T18:24:09.699-03:00  INFO 7268 --- [main] com.zaxxer.hikari.pool.HikariPool        : HikariPool-1 - Added connection org.postgresql.jdbc.PgConnection@54ccb3
2025-10-29T18:24:09.701-03:00  INFO 7268 --- [main] com.zaxxer.hikari.HikariDataSource       : HikariPool-1 - Start completed.
2025-10-29T18:24:10.980-03:00  INFO 7268 --- [main] liquibase.database                       : Set default schema name to public
2025-10-29T18:24:12.076-03:00  INFO 7268 --- [main] liquibase.changelog                      : Reading from public.databasechangelog
2025-10-29T18:24:14.140-03:00  INFO 7268 --- [main] liquibase.ui                             : Database is up to date, no changesets to execute
2025-10-29T18:24:14.331-03:00  INFO 7268 --- [main] liquibase.changelog                      : Reading from public.databasechangelog
2025-10-29T18:24:14.553-03:00  INFO 7268 --- [main] liquibase.util                           : UPDATE SUMMARY
2025-10-29T18:24:14.553-03:00  INFO 7268 --- [main] liquibase.util                           : Run:                          0
2025-10-29T18:24:14.553-03:00  INFO 7268 --- [main] liquibase.util                           : Previously run:              21
2025-10-29T18:24:14.553-03:00  INFO 7268 --- [main] liquibase.util                           : Filtered out:                 0
2025-10-29T18:24:14.553-03:00  INFO 7268 --- [main] liquibase.util                           : -------------------------------
2025-10-29T18:24:14.553-03:00  INFO 7268 --- [main] liquibase.util                           : Total change sets:           21
2025-10-29T18:24:14.554-03:00  INFO 7268 --- [main] liquibase.util                           : Update summary generated
2025-10-29T18:24:14.556-03:00  INFO 7268 --- [main] liquibase.command                        : Command execution complete
2025-10-29T18:24:16.321-03:00  INFO 7268 --- [main] o.hibernate.jpa.internal.util.LogHelper  : HHH000204: Processing PersistenceUnitInfo [name: default]
2025-10-29T18:24:16.366-03:00  INFO 7268 --- [main] org.hibernate.Version                    : HHH000412: Hibernate ORM core version 6.6.26.Final
2025-10-29T18:24:16.396-03:00  INFO 7268 --- [main] o.h.c.internal.RegionFactoryInitiator    : HHH000026: Second-level cache disabled
2025-10-29T18:24:16.646-03:00  INFO 7268 --- [main] o.s.o.j.p.SpringPersistenceUnitInfo      : No LoadTimeWeaver setup: ignoring JPA class transformer
2025-10-29T18:24:17.299-03:00  INFO 7268 --- [main] org.hibernate.orm.connections.pooling    : HHH10001005: Database info:
	Database JDBC URL [Connecting through datasource 'HikariDataSource (HikariPool-1)']
	Database driver: undefined/unknown
	Database version: 17.6
	Autocommit mode: undefined/unknown
	Isolation level: undefined/unknown
	Minimum pool size: undefined/unknown
	Maximum pool size: undefined/unknown
2025-10-29T18:24:18.212-03:00  INFO 7268 --- [main] o.h.e.t.j.p.i.JtaPlatformInitiator       : HHH000489: No JTA platform available (set 'hibernate.transaction.jta.platform' to enable JTA platform integration)
2025-10-29T18:24:18.215-03:00  INFO 7268 --- [main] j.LocalContainerEntityManagerFactoryBean : Initialized JPA EntityManagerFactory for persistence unit 'default'
2025-10-29T18:24:18.570-03:00  INFO 7268 --- [main] o.s.d.j.r.query.QueryEnhancerFactory     : Hibernate is in classpath; If applicable, HQL parser will be used.
2025-10-29T18:24:19.101-03:00  WARN 7268 --- [main] JpaBaseConfiguration$JpaWebConfiguration : spring.jpa.open-in-view is enabled by default. Therefore, database queries may be performed during view rendering. Explicitly configure spring.jpa.open-in-view to disable this warning
2025-10-29T18:24:19.485-03:00  INFO 7268 --- [main] o.s.b.w.embedded.tomcat.TomcatWebServer  : Tomcat started on port 8082 (http) with context path '/'
2025-10-29T18:24:19.492-03:00  INFO 7268 --- [main] c.d.p.ProyectoDistriApplication          : Started ProyectoDistriApplication in 13.764 seconds (process running for 14.852)
2025-10-29T18:24:36.945-03:00  INFO 7268 --- [SpringApplicationShutdownHook] o.s.b.w.e.tomcat.GracefulShutdown        : Commencing graceful shutdown. Waiting for active requests to complete
2025-10-29T18:24:36.948-03:00  INFO 7268 --- [tomcat-shutdown] o.s.b.w.e.tomcat.GracefulShutdown        : Graceful shutdown complete
2025-10-29T18:24:36.953-03:00  INFO 7268 --- [SpringApplicationShutdownHook] j.LocalContainerEntityManagerFactoryBean : Closing JPA EntityManagerFactory for persistence unit 'default'
2025-10-29T18:24:36.954-03:00  INFO 7268 --- [SpringApplicationShutdownHook] com.zaxxer.hikari.HikariDataSource       : HikariPool-1 - Shutdown initiated...
2025-10-29T18:24:38.291-03:00  INFO 7268 --- [SpringApplicationShutdownHook] com.zaxxer.hikari.HikariDataSource       : HikariPool-1 - Shutdown completed.
2025-10-29T18:25:55.522-03:00  INFO 11880 --- [main] c.d.p.ProyectoDistriApplication          : Starting ProyectoDistriApplication using Java 24 with PID 11880 (C:\Users\Usuario\IdeaProjects\Distri\SistemaWebYDistribuido\ProyectoDistri\target\classes started by Usuario in C:\Users\Usuario\IdeaProjects\Distri\SistemaWebYDistribuido)
2025-10-29T18:25:55.524-03:00  INFO 11880 --- [main] c.d.p.ProyectoDistriApplication          : No active profile set, falling back to 1 default profile: "default"
2025-10-29T18:25:56.283-03:00  INFO 11880 --- [main] .s.d.r.c.RepositoryConfigurationDelegate : Bootstrapping Spring Data JPA repositories in DEFAULT mode.
2025-10-29T18:25:56.391-03:00  INFO 11880 --- [main] .s.d.r.c.RepositoryConfigurationDelegate : Finished Spring Data repository scanning in 100 ms. Found 7 JPA repository interfaces.
2025-10-29T18:25:56.776-03:00  INFO 11880 --- [main] o.s.b.w.embedded.tomcat.TomcatWebServer  : Tomcat initialized with port 8082 (http)
2025-10-29T18:25:56.787-03:00  INFO 11880 --- [main] o.apache.catalina.core.StandardService   : Starting service [Tomcat]
2025-10-29T18:25:56.787-03:00  INFO 11880 --- [main] o.apache.catalina.core.StandardEngine    : Starting Servlet engine: [Apache Tomcat/10.1.44]
2025-10-29T18:25:56.837-03:00  INFO 11880 --- [main] o.a.c.c.C.[Tomcat].[localhost].[/]       : Initializing Spring embedded WebApplicationContext
2025-10-29T18:25:56.837-03:00  INFO 11880 --- [main] w.s.c.ServletWebServerApplicationContext : Root WebApplicationContext: initialization completed in 1273 ms
2025-10-29T18:25:56.956-03:00  INFO 11880 --- [main] com.zaxxer.hikari.HikariDataSource       : HikariPool-1 - Starting...
2025-10-29T18:25:59.046-03:00  INFO 11880 --- [main] com.zaxxer.hikari.pool.HikariPool        : HikariPool-1 - Added connection org.postgresql.jdbc.PgConnection@2abc55c4
2025-10-29T18:25:59.048-03:00  INFO 11880 --- [main] com.zaxxer.hikari.HikariDataSource       : HikariPool-1 - Start completed.
2025-10-29T18:26:00.313-03:00  INFO 11880 --- [main] liquibase.database                       : Set default schema name to public
2025-10-29T18:26:01.379-03:00  INFO 11880 --- [main] liquibase.changelog                      : Reading from public.databasechangelog
2025-10-29T18:26:03.419-03:00  INFO 11880 --- [main] liquibase.ui                             : Database is up to date, no changesets to execute
2025-10-29T18:26:03.608-03:00  INFO 11880 --- [main] liquibase.changelog                      : Reading from public.databasechangelog
2025-10-29T18:26:03.809-03:00  INFO 11880 --- [main] liquibase.util                           : UPDATE SUMMARY
2025-10-29T18:26:03.809-03:00  INFO 11880 --- [main] liquibase.util                           : Run:                          0
2025-10-29T18:26:03.809-03:00  INFO 11880 --- [main] liquibase.util                           : Previously run:              21
2025-10-29T18:26:03.809-03:00  INFO 11880 --- [main] liquibase.util                           : Filtered out:                 0
2025-10-29T18:26:03.809-03:00  INFO 11880 --- [main] liquibase.util                           : -------------------------------
2025-10-29T18:26:03.809-03:00  INFO 11880 --- [main] liquibase.util                           : Total change sets:           21
2025-10-29T18:26:03.810-03:00  INFO 11880 --- [main] liquibase.util                           : Update summary generated
2025-10-29T18:26:03.812-03:00  INFO 11880 --- [main] liquibase.command                        : Command execution complete
2025-10-29T18:26:05.519-03:00  INFO 11880 --- [main] o.hibernate.jpa.internal.util.LogHelper  : HHH000204: Processing PersistenceUnitInfo [name: default]
2025-10-29T18:26:05.564-03:00  INFO 11880 --- [main] org.hibernate.Version                    : HHH000412: Hibernate ORM core version 6.6.26.Final
2025-10-29T18:26:05.592-03:00  INFO 11880 --- [main] o.h.c.internal.RegionFactoryInitiator    : HHH000026: Second-level cache disabled
2025-10-29T18:26:05.847-03:00  INFO 11880 --- [main] o.s.o.j.p.SpringPersistenceUnitInfo      : No LoadTimeWeaver setup: ignoring JPA class transformer
2025-10-29T18:26:06.488-03:00  INFO 11880 --- [main] org.hibernate.orm.connections.pooling    : HHH10001005: Database info:
	Database JDBC URL [Connecting through datasource 'HikariDataSource (HikariPool-1)']
	Database driver: undefined/unknown
	Database version: 17.6
	Autocommit mode: undefined/unknown
	Isolation level: undefined/unknown
	Minimum pool size: undefined/unknown
	Maximum pool size: undefined/unknown
2025-10-29T18:26:07.435-03:00  INFO 11880 --- [main] o.h.e.t.j.p.i.JtaPlatformInitiator       : HHH000489: No JTA platform available (set 'hibernate.transaction.jta.platform' to enable JTA platform integration)
2025-10-29T18:26:07.438-03:00  INFO 11880 --- [main] j.LocalContainerEntityManagerFactoryBean : Initialized JPA EntityManagerFactory for persistence unit 'default'
2025-10-29T18:26:07.805-03:00  INFO 11880 --- [main] o.s.d.j.r.query.QueryEnhancerFactory     : Hibernate is in classpath; If applicable, HQL parser will be used.
2025-10-29T18:26:08.337-03:00  WARN 11880 --- [main] JpaBaseConfiguration$JpaWebConfiguration : spring.jpa.open-in-view is enabled by default. Therefore, database queries may be performed during view rendering. Explicitly configure spring.jpa.open-in-view to disable this warning
2025-10-29T18:26:08.699-03:00  INFO 11880 --- [main] o.s.b.w.embedded.tomcat.TomcatWebServer  : Tomcat started on port 8082 (http) with context path '/'
2025-10-29T18:26:08.706-03:00  INFO 11880 --- [main] c.d.p.ProyectoDistriApplication          : Started ProyectoDistriApplication in 13.687 seconds (process running for 14.311)
2025-10-29T18:28:55.160-03:00  INFO 11880 --- [SpringApplicationShutdownHook] o.s.b.w.e.tomcat.GracefulShutdown        : Commencing graceful shutdown. Waiting for active requests to complete
2025-10-29T18:28:55.163-03:00  INFO 11880 --- [tomcat-shutdown] o.s.b.w.e.tomcat.GracefulShutdown        : Graceful shutdown complete
2025-10-29T18:28:55.167-03:00  INFO 11880 --- [SpringApplicationShutdownHook] j.LocalContainerEntityManagerFactoryBean : Closing JPA EntityManagerFactory for persistence unit 'default'
2025-10-29T18:28:55.169-03:00  INFO 11880 --- [SpringApplicationShutdownHook] com.zaxxer.hikari.HikariDataSource       : HikariPool-1 - Shutdown initiated...
2025-10-29T18:28:56.508-03:00  INFO 11880 --- [SpringApplicationShutdownHook] com.zaxxer.hikari.HikariDataSource       : HikariPool-1 - Shutdown completed.
2025-10-29T18:29:04.001-03:00  INFO 11476 --- [main] c.d.p.ProyectoDistriApplication          : Starting ProyectoDistriApplication using Java 24 with PID 11476 (C:\Users\Usuario\IdeaProjects\Distri\SistemaWebYDistribuido\ProyectoDistri\target\classes started by Usuario in C:\Users\Usuario\IdeaProjects\Distri\SistemaWebYDistribuido)
2025-10-29T18:29:04.003-03:00  INFO 11476 --- [main] c.d.p.ProyectoDistriApplication          : No active profile set, falling back to 1 default profile: "default"
2025-10-29T18:29:04.698-03:00  INFO 11476 --- [main] .s.d.r.c.RepositoryConfigurationDelegate : Bootstrapping Spring Data JPA repositories in DEFAULT mode.
2025-10-29T18:29:04.775-03:00  INFO 11476 --- [main] .s.d.r.c.RepositoryConfigurationDelegate : Finished Spring Data repository scanning in 63 ms. Found 7 JPA repository interfaces.
2025-10-29T18:29:05.144-03:00  INFO 11476 --- [main] o.s.b.w.embedded.tomcat.TomcatWebServer  : Tomcat initialized with port 8082 (http)
2025-10-29T18:29:05.156-03:00  INFO 11476 --- [main] o.apache.catalina.core.StandardService   : Starting service [Tomcat]
2025-10-29T18:29:05.156-03:00  INFO 11476 --- [main] o.apache.catalina.core.StandardEngine    : Starting Servlet engine: [Apache Tomcat/10.1.44]
2025-10-29T18:29:05.207-03:00  INFO 11476 --- [main] o.a.c.c.C.[Tomcat].[localhost].[/]       : Initializing Spring embedded WebApplicationContext
2025-10-29T18:29:05.208-03:00  INFO 11476 --- [main] w.s.c.ServletWebServerApplicationContext : Root WebApplicationContext: initialization completed in 1167 ms
2025-10-29T18:29:05.330-03:00  INFO 11476 --- [main] com.zaxxer.hikari.HikariDataSource       : HikariPool-1 - Starting...
2025-10-29T18:29:07.343-03:00  INFO 11476 --- [main] com.zaxxer.hikari.pool.HikariPool        : HikariPool-1 - Added connection org.postgresql.jdbc.PgConnection@7ea71fc2
2025-10-29T18:29:07.345-03:00  INFO 11476 --- [main] com.zaxxer.hikari.HikariDataSource       : HikariPool-1 - Start completed.
2025-10-29T18:29:08.595-03:00  INFO 11476 --- [main] liquibase.database                       : Set default schema name to public
2025-10-29T18:29:09.659-03:00  INFO 11476 --- [main] liquibase.changelog                      : Reading from public.databasechangelog
2025-10-29T18:29:11.663-03:00  INFO 11476 --- [main] liquibase.ui                             : Database is up to date, no changesets to execute
2025-10-29T18:29:11.853-03:00  INFO 11476 --- [main] liquibase.changelog                      : Reading from public.databasechangelog
2025-10-29T18:29:12.053-03:00  INFO 11476 --- [main] liquibase.util                           : UPDATE SUMMARY
2025-10-29T18:29:12.053-03:00  INFO 11476 --- [main] liquibase.util                           : Run:                          0
2025-10-29T18:29:12.054-03:00  INFO 11476 --- [main] liquibase.util                           : Previously run:              21
2025-10-29T18:29:12.054-03:00  INFO 11476 --- [main] liquibase.util                           : Filtered out:                 0
2025-10-29T18:29:12.054-03:00  INFO 11476 --- [main] liquibase.util                           : -------------------------------
2025-10-29T18:29:12.054-03:00  INFO 11476 --- [main] liquibase.util                           : Total change sets:           21
2025-10-29T18:29:12.055-03:00  INFO 11476 --- [main] liquibase.util                           : Update summary generated
2025-10-29T18:29:12.056-03:00  INFO 11476 --- [main] liquibase.command                        : Command execution complete
2025-10-29T18:29:13.800-03:00  INFO 11476 --- [main] o.hibernate.jpa.internal.util.LogHelper  : HHH000204: Processing PersistenceUnitInfo [name: default]
2025-10-29T18:29:13.847-03:00  INFO 11476 --- [main] org.hibernate.Version                    : HHH000412: Hibernate ORM core version 6.6.26.Final
2025-10-29T18:29:13.876-03:00  INFO 11476 --- [main] o.h.c.internal.RegionFactoryInitiator    : HHH000026: Second-level cache disabled
2025-10-29T18:29:14.129-03:00  INFO 11476 --- [main] o.s.o.j.p.SpringPersistenceUnitInfo      : No LoadTimeWeaver setup: ignoring JPA class transformer
2025-10-29T18:29:14.763-03:00  INFO 11476 --- [main] org.hibernate.orm.connections.pooling    : HHH10001005: Database info:
	Database JDBC URL [Connecting through datasource 'HikariDataSource (HikariPool-1)']
	Database driver: undefined/unknown
	Database version: 17.6
	Autocommit mode: undefined/unknown
	Isolation level: undefined/unknown
	Minimum pool size: undefined/unknown
	Maximum pool size: undefined/unknown
2025-10-29T18:29:15.669-03:00  INFO 11476 --- [main] o.h.e.t.j.p.i.JtaPlatformInitiator       : HHH000489: No JTA platform available (set 'hibernate.transaction.jta.platform' to enable JTA platform integration)
2025-10-29T18:29:15.672-03:00  INFO 11476 --- [main] j.LocalContainerEntityManagerFactoryBean : Initialized JPA EntityManagerFactory for persistence unit 'default'
2025-10-29T18:29:16.028-03:00  INFO 11476 --- [main] o.s.d.j.r.query.QueryEnhancerFactory     : Hibernate is in classpath; If applicable, HQL parser will be used.
2025-10-29T18:29:16.548-03:00  WARN 11476 --- [main] JpaBaseConfiguration$JpaWebConfiguration : spring.jpa.open-in-view is enabled by default. Therefore, database queries may be performed during view rendering. Explicitly configure spring.jpa.open-in-view to disable this warning
2025-10-29T18:29:16.925-03:00  INFO 11476 --- [main] o.s.b.w.embedded.tomcat.TomcatWebServer  : Tomcat started on port 8082 (http) with context path '/'
2025-10-29T18:29:16.932-03:00  INFO 11476 --- [main] c.d.p.ProyectoDistriApplication          : Started ProyectoDistriApplication in 13.357 seconds (process running for 13.874)
2025-10-29T18:31:26.822-03:00  INFO 11476 --- [SpringApplicationShutdownHook] o.s.b.w.e.tomcat.GracefulShutdown        : Commencing graceful shutdown. Waiting for active requests to complete
2025-10-29T18:31:26.826-03:00  INFO 11476 --- [tomcat-shutdown] o.s.b.w.e.tomcat.GracefulShutdown        : Graceful shutdown complete
2025-10-29T18:31:26.829-03:00  INFO 11476 --- [SpringApplicationShutdownHook] j.LocalContainerEntityManagerFactoryBean : Closing JPA EntityManagerFactory for persistence unit 'default'
2025-10-29T18:31:26.831-03:00  INFO 11476 --- [SpringApplicationShutdownHook] com.zaxxer.hikari.HikariDataSource       : HikariPool-1 - Shutdown initiated...
2025-10-29T18:31:28.186-03:00  INFO 11476 --- [SpringApplicationShutdownHook] com.zaxxer.hikari.HikariDataSource       : HikariPool-1 - Shutdown completed.
2025-10-29T18:42:31.860-03:00  INFO 14300 --- [Proyecto-Venta] [main] c.d.p.ProyectoVentaApplication           : Starting ProyectoVentaApplication using Java 24 with PID 14300 (C:\Users\Usuario\IdeaProjects\Distri\SistemaWebYDistribuido\Proyecto-Venta\target\classes started by Usuario in C:\Users\Usuario\IdeaProjects\Distri\SistemaWebYDistribuido)
2025-10-29T18:42:31.862-03:00  INFO 14300 --- [Proyecto-Venta] [main] c.d.p.ProyectoVentaApplication           : No active profile set, falling back to 1 default profile: "default"
2025-10-29T18:42:32.615-03:00  INFO 14300 --- [Proyecto-Venta] [main] .s.d.r.c.RepositoryConfigurationDelegate : Bootstrapping Spring Data JPA repositories in DEFAULT mode.
2025-10-29T18:42:32.691-03:00  INFO 14300 --- [Proyecto-Venta] [main] .s.d.r.c.RepositoryConfigurationDelegate : Finished Spring Data repository scanning in 68 ms. Found 8 JPA repository interfaces.
2025-10-29T18:42:33.073-03:00  INFO 14300 --- [Proyecto-Venta] [main] o.s.b.w.embedded.tomcat.TomcatWebServer  : Tomcat initialized with port 8081 (http)
2025-10-29T18:42:33.085-03:00  INFO 14300 --- [Proyecto-Venta] [main] o.apache.catalina.core.StandardService   : Starting service [Tomcat]
2025-10-29T18:42:33.086-03:00  INFO 14300 --- [Proyecto-Venta] [main] o.apache.catalina.core.StandardEngine    : Starting Servlet engine: [Apache Tomcat/10.1.44]
2025-10-29T18:42:33.136-03:00  INFO 14300 --- [Proyecto-Venta] [main] o.a.c.c.C.[Tomcat].[localhost].[/]       : Initializing Spring embedded WebApplicationContext
2025-10-29T18:42:33.136-03:00  INFO 14300 --- [Proyecto-Venta] [main] w.s.c.ServletWebServerApplicationContext : Root WebApplicationContext: initialization completed in 1233 ms
2025-10-29T18:42:33.263-03:00  INFO 14300 --- [Proyecto-Venta] [main] com.zaxxer.hikari.HikariDataSource       : HikariPool-1 - Starting...
2025-10-29T18:42:35.333-03:00  INFO 14300 --- [Proyecto-Venta] [main] com.zaxxer.hikari.pool.HikariPool        : HikariPool-1 - Added connection org.postgresql.jdbc.PgConnection@7ec3a8bd
2025-10-29T18:42:35.335-03:00  INFO 14300 --- [Proyecto-Venta] [main] com.zaxxer.hikari.HikariDataSource       : HikariPool-1 - Start completed.
2025-10-29T18:42:36.577-03:00  INFO 14300 --- [Proyecto-Venta] [main] liquibase.database                       : Set default schema name to public
2025-10-29T18:42:37.644-03:00  INFO 14300 --- [Proyecto-Venta] [main] liquibase.changelog                      : Reading from public.databasechangelog
2025-10-29T18:42:39.632-03:00  INFO 14300 --- [Proyecto-Venta] [main] liquibase.ui                             : Database is up to date, no changesets to execute
2025-10-29T18:42:39.819-03:00  INFO 14300 --- [Proyecto-Venta] [main] liquibase.changelog                      : Reading from public.databasechangelog
2025-10-29T18:42:40.017-03:00  INFO 14300 --- [Proyecto-Venta] [main] liquibase.util                           : UPDATE SUMMARY
2025-10-29T18:42:40.017-03:00  INFO 14300 --- [Proyecto-Venta] [main] liquibase.util                           : Run:                          0
2025-10-29T18:42:40.017-03:00  INFO 14300 --- [Proyecto-Venta] [main] liquibase.util                           : Previously run:              21
2025-10-29T18:42:40.017-03:00  INFO 14300 --- [Proyecto-Venta] [main] liquibase.util                           : Filtered out:                 0
2025-10-29T18:42:40.018-03:00  INFO 14300 --- [Proyecto-Venta] [main] liquibase.util                           : -------------------------------
2025-10-29T18:42:40.018-03:00  INFO 14300 --- [Proyecto-Venta] [main] liquibase.util                           : Total change sets:           21
2025-10-29T18:42:40.019-03:00  INFO 14300 --- [Proyecto-Venta] [main] liquibase.util                           : Update summary generated
2025-10-29T18:42:40.020-03:00  INFO 14300 --- [Proyecto-Venta] [main] liquibase.command                        : Command execution complete
2025-10-29T18:42:41.792-03:00  INFO 14300 --- [Proyecto-Venta] [main] o.hibernate.jpa.internal.util.LogHelper  : HHH000204: Processing PersistenceUnitInfo [name: default]
2025-10-29T18:42:41.839-03:00  INFO 14300 --- [Proyecto-Venta] [main] org.hibernate.Version                    : HHH000412: Hibernate ORM core version 6.6.26.Final
2025-10-29T18:42:41.869-03:00  INFO 14300 --- [Proyecto-Venta] [main] o.h.c.internal.RegionFactoryInitiator    : HHH000026: Second-level cache disabled
2025-10-29T18:42:42.134-03:00  INFO 14300 --- [Proyecto-Venta] [main] o.s.o.j.p.SpringPersistenceUnitInfo      : No LoadTimeWeaver setup: ignoring JPA class transformer
2025-10-29T18:42:42.766-03:00  INFO 14300 --- [Proyecto-Venta] [main] org.hibernate.orm.connections.pooling    : HHH10001005: Database info:
	Database JDBC URL [Connecting through datasource 'HikariDataSource (HikariPool-1)']
	Database driver: undefined/unknown
	Database version: 17.6
	Autocommit mode: undefined/unknown
	Isolation level: undefined/unknown
	Minimum pool size: undefined/unknown
	Maximum pool size: undefined/unknown
2025-10-29T18:42:43.752-03:00  INFO 14300 --- [Proyecto-Venta] [main] o.h.e.t.j.p.i.JtaPlatformInitiator       : HHH000489: No JTA platform available (set 'hibernate.transaction.jta.platform' to enable JTA platform integration)
2025-10-29T18:42:43.755-03:00  INFO 14300 --- [Proyecto-Venta] [main] j.LocalContainerEntityManagerFactoryBean : Initialized JPA EntityManagerFactory for persistence unit 'default'
2025-10-29T18:42:44.093-03:00  INFO 14300 --- [Proyecto-Venta] [main] o.s.d.j.r.query.QueryEnhancerFactory     : Hibernate is in classpath; If applicable, HQL parser will be used.
2025-10-29T18:42:44.667-03:00  WARN 14300 --- [Proyecto-Venta] [main] JpaBaseConfiguration$JpaWebConfiguration : spring.jpa.open-in-view is enabled by default. Therefore, database queries may be performed during view rendering. Explicitly configure spring.jpa.open-in-view to disable this warning
2025-10-29T18:42:45.066-03:00  INFO 14300 --- [Proyecto-Venta] [main] o.s.b.w.embedded.tomcat.TomcatWebServer  : Tomcat started on port 8081 (http) with context path '/'
2025-10-29T18:42:45.075-03:00  INFO 14300 --- [Proyecto-Venta] [main] c.d.p.ProyectoVentaApplication           : Started ProyectoVentaApplication in 13.648 seconds (process running for 14.176)
2025-10-29T18:44:00.496-03:00  INFO 14300 --- [Proyecto-Venta] [SpringApplicationShutdownHook] o.s.b.w.e.tomcat.GracefulShutdown        : Commencing graceful shutdown. Waiting for active requests to complete
2025-10-29T18:44:00.499-03:00  INFO 14300 --- [Proyecto-Venta] [tomcat-shutdown] o.s.b.w.e.tomcat.GracefulShutdown        : Graceful shutdown complete
2025-10-29T18:44:00.503-03:00  INFO 14300 --- [Proyecto-Venta] [SpringApplicationShutdownHook] j.LocalContainerEntityManagerFactoryBean : Closing JPA EntityManagerFactory for persistence unit 'default'
2025-10-29T18:44:00.504-03:00  INFO 14300 --- [Proyecto-Venta] [SpringApplicationShutdownHook] com.zaxxer.hikari.HikariDataSource       : HikariPool-1 - Shutdown initiated...
2025-10-29T18:49:38.786-03:00  INFO 14000 --- [Proyecto-Venta] [main] c.d.p.ProyectoVentaApplication           : Starting ProyectoVentaApplication using Java 24 with PID 14000 (C:\Users\Usuario\IdeaProjects\Distri\SistemaWebYDistribuido\Proyecto-Venta\target\classes started by Usuario in C:\Users\Usuario\IdeaProjects\Distri\SistemaWebYDistribuido)
2025-10-29T18:49:38.788-03:00  INFO 14000 --- [Proyecto-Venta] [main] c.d.p.ProyectoVentaApplication           : No active profile set, falling back to 1 default profile: "default"
2025-10-29T18:49:39.539-03:00  INFO 14000 --- [Proyecto-Venta] [main] .s.d.r.c.RepositoryConfigurationDelegate : Bootstrapping Spring Data JPA repositories in DEFAULT mode.
2025-10-29T18:49:39.616-03:00  INFO 14000 --- [Proyecto-Venta] [main] .s.d.r.c.RepositoryConfigurationDelegate : Finished Spring Data repository scanning in 68 ms. Found 8 JPA repository interfaces.
2025-10-29T18:49:40.000-03:00  INFO 14000 --- [Proyecto-Venta] [main] o.s.b.w.embedded.tomcat.TomcatWebServer  : Tomcat initialized with port 8081 (http)
2025-10-29T18:49:40.020-03:00  INFO 14000 --- [Proyecto-Venta] [main] o.apache.catalina.core.StandardService   : Starting service [Tomcat]
2025-10-29T18:49:40.020-03:00  INFO 14000 --- [Proyecto-Venta] [main] o.apache.catalina.core.StandardEngine    : Starting Servlet engine: [Apache Tomcat/10.1.44]
2025-10-29T18:49:40.071-03:00  INFO 14000 --- [Proyecto-Venta] [main] o.a.c.c.C.[Tomcat].[localhost].[/]       : Initializing Spring embedded WebApplicationContext
2025-10-29T18:49:40.071-03:00  INFO 14000 --- [Proyecto-Venta] [main] w.s.c.ServletWebServerApplicationContext : Root WebApplicationContext: initialization completed in 1243 ms
2025-10-29T18:49:40.192-03:00  INFO 14000 --- [Proyecto-Venta] [main] com.zaxxer.hikari.HikariDataSource       : HikariPool-1 - Starting...
2025-10-29T18:49:42.227-03:00  INFO 14000 --- [Proyecto-Venta] [main] com.zaxxer.hikari.pool.HikariPool        : HikariPool-1 - Added connection org.postgresql.jdbc.PgConnection@42cf6349
2025-10-29T18:49:42.228-03:00  INFO 14000 --- [Proyecto-Venta] [main] com.zaxxer.hikari.HikariDataSource       : HikariPool-1 - Start completed.
2025-10-29T18:49:43.486-03:00  INFO 14000 --- [Proyecto-Venta] [main] liquibase.database                       : Set default schema name to public
2025-10-29T18:49:44.525-03:00  INFO 14000 --- [Proyecto-Venta] [main] liquibase.changelog                      : Reading from public.databasechangelog
2025-10-29T18:49:46.512-03:00  INFO 14000 --- [Proyecto-Venta] [main] liquibase.ui                             : Database is up to date, no changesets to execute
2025-10-29T18:49:46.700-03:00  INFO 14000 --- [Proyecto-Venta] [main] liquibase.changelog                      : Reading from public.databasechangelog
2025-10-29T18:49:46.899-03:00  INFO 14000 --- [Proyecto-Venta] [main] liquibase.util                           : UPDATE SUMMARY
2025-10-29T18:49:46.899-03:00  INFO 14000 --- [Proyecto-Venta] [main] liquibase.util                           : Run:                          0
2025-10-29T18:49:46.899-03:00  INFO 14000 --- [Proyecto-Venta] [main] liquibase.util                           : Previously run:              21
2025-10-29T18:49:46.899-03:00  INFO 14000 --- [Proyecto-Venta] [main] liquibase.util                           : Filtered out:                 0
2025-10-29T18:49:46.900-03:00  INFO 14000 --- [Proyecto-Venta] [main] liquibase.util                           : -------------------------------
2025-10-29T18:49:46.900-03:00  INFO 14000 --- [Proyecto-Venta] [main] liquibase.util                           : Total change sets:           21
2025-10-29T18:49:46.900-03:00  INFO 14000 --- [Proyecto-Venta] [main] liquibase.util                           : Update summary generated
2025-10-29T18:49:46.901-03:00  INFO 14000 --- [Proyecto-Venta] [main] liquibase.command                        : Command execution complete
2025-10-29T18:49:48.649-03:00  INFO 14000 --- [Proyecto-Venta] [main] o.hibernate.jpa.internal.util.LogHelper  : HHH000204: Processing PersistenceUnitInfo [name: default]
2025-10-29T18:49:48.698-03:00  INFO 14000 --- [Proyecto-Venta] [main] org.hibernate.Version                    : HHH000412: Hibernate ORM core version 6.6.26.Final
2025-10-29T18:49:48.729-03:00  INFO 14000 --- [Proyecto-Venta] [main] o.h.c.internal.RegionFactoryInitiator    : HHH000026: Second-level cache disabled
2025-10-29T18:49:48.991-03:00  INFO 14000 --- [Proyecto-Venta] [main] o.s.o.j.p.SpringPersistenceUnitInfo      : No LoadTimeWeaver setup: ignoring JPA class transformer
2025-10-29T18:49:49.625-03:00  INFO 14000 --- [Proyecto-Venta] [main] org.hibernate.orm.connections.pooling    : HHH10001005: Database info:
	Database JDBC URL [Connecting through datasource 'HikariDataSource (HikariPool-1)']
	Database driver: undefined/unknown
	Database version: 17.6
	Autocommit mode: undefined/unknown
	Isolation level: undefined/unknown
	Minimum pool size: undefined/unknown
	Maximum pool size: undefined/unknown
2025-10-29T18:49:50.590-03:00  INFO 14000 --- [Proyecto-Venta] [main] o.h.e.t.j.p.i.JtaPlatformInitiator       : HHH000489: No JTA platform available (set 'hibernate.transaction.jta.platform' to enable JTA platform integration)
2025-10-29T18:49:50.592-03:00  INFO 14000 --- [Proyecto-Venta] [main] j.LocalContainerEntityManagerFactoryBean : Initialized JPA EntityManagerFactory for persistence unit 'default'
2025-10-29T18:49:50.944-03:00  INFO 14000 --- [Proyecto-Venta] [main] o.s.d.j.r.query.QueryEnhancerFactory     : Hibernate is in classpath; If applicable, HQL parser will be used.
2025-10-29T18:49:51.521-03:00  WARN 14000 --- [Proyecto-Venta] [main] JpaBaseConfiguration$JpaWebConfiguration : spring.jpa.open-in-view is enabled by default. Therefore, database queries may be performed during view rendering. Explicitly configure spring.jpa.open-in-view to disable this warning
2025-10-29T18:49:51.918-03:00  INFO 14000 --- [Proyecto-Venta] [main] o.s.b.w.embedded.tomcat.TomcatWebServer  : Tomcat started on port 8081 (http) with context path '/'
2025-10-29T18:49:51.924-03:00  INFO 14000 --- [Proyecto-Venta] [main] c.d.p.ProyectoVentaApplication           : Started ProyectoVentaApplication in 13.577 seconds (process running for 14.144)
2025-10-29T18:50:48.642-03:00  INFO 14000 --- [Proyecto-Venta] [http-nio-8081-exec-1] o.a.c.c.C.[Tomcat].[localhost].[/]       : Initializing Spring DispatcherServlet 'dispatcherServlet'
2025-10-29T18:50:48.642-03:00  INFO 14000 --- [Proyecto-Venta] [http-nio-8081-exec-1] o.s.web.servlet.DispatcherServlet        : Initializing Servlet 'dispatcherServlet'
2025-10-29T18:50:48.643-03:00  INFO 14000 --- [Proyecto-Venta] [http-nio-8081-exec-1] o.s.web.servlet.DispatcherServlet        : Completed initialization in 0 ms
2025-10-29T18:51:44.364-03:00  INFO 14000 --- [Proyecto-Venta] [http-nio-8081-exec-4] o.springdoc.api.AbstractOpenApiResource  : Init duration for springdoc-openapi is: 485 ms
2025-10-29T19:04:11.121-03:00  INFO 14000 --- [Proyecto-Venta] [SpringApplicationShutdownHook] o.s.b.w.e.tomcat.GracefulShutdown        : Commencing graceful shutdown. Waiting for active requests to complete
2025-10-29T19:04:11.123-03:00  INFO 14000 --- [Proyecto-Venta] [tomcat-shutdown] o.s.b.w.e.tomcat.GracefulShutdown        : Graceful shutdown complete
2025-10-29T19:04:11.126-03:00  INFO 14000 --- [Proyecto-Venta] [SpringApplicationShutdownHook] j.LocalContainerEntityManagerFactoryBean : Closing JPA EntityManagerFactory for persistence unit 'default'
2025-10-29T19:04:11.128-03:00  INFO 14000 --- [Proyecto-Venta] [SpringApplicationShutdownHook] com.zaxxer.hikari.HikariDataSource       : HikariPool-1 - Shutdown initiated...
2025-10-29T19:53:21.692-03:00  INFO 14560 --- [Proyecto-Venta] [main] c.d.p.ProyectoVentaApplication           : Starting ProyectoVentaApplication using Java 24 with PID 14560 (C:\Users\Usuario\IdeaProjects\Distri\SistemaWebYDistribuido\Proyecto-Venta\target\classes started by Usuario in C:\Users\Usuario\IdeaProjects\Distri\SistemaWebYDistribuido)
2025-10-29T19:53:21.694-03:00  INFO 14560 --- [Proyecto-Venta] [main] c.d.p.ProyectoVentaApplication           : No active profile set, falling back to 1 default profile: "default"
2025-10-29T19:53:22.557-03:00  INFO 14560 --- [Proyecto-Venta] [main] .s.d.r.c.RepositoryConfigurationDelegate : Bootstrapping Spring Data JPA repositories in DEFAULT mode.
2025-10-29T19:53:22.720-03:00  INFO 14560 --- [Proyecto-Venta] [main] .s.d.r.c.RepositoryConfigurationDelegate : Finished Spring Data repository scanning in 155 ms. Found 8 JPA repository interfaces.
2025-10-29T19:53:22.865-03:00  INFO 14560 --- [Proyecto-Venta] [main] o.s.cloud.context.scope.GenericScope     : BeanFactory id=22aa7d76-e3bd-3a18-8c2d-306486e2dc17
2025-10-29T19:53:23.197-03:00  INFO 14560 --- [Proyecto-Venta] [main] o.s.b.w.embedded.tomcat.TomcatWebServer  : Tomcat initialized with port 8081 (http)
2025-10-29T19:53:23.210-03:00  INFO 14560 --- [Proyecto-Venta] [main] o.apache.catalina.core.StandardService   : Starting service [Tomcat]
2025-10-29T19:53:23.210-03:00  INFO 14560 --- [Proyecto-Venta] [main] o.apache.catalina.core.StandardEngine    : Starting Servlet engine: [Apache Tomcat/10.1.44]
2025-10-29T19:53:23.272-03:00  INFO 14560 --- [Proyecto-Venta] [main] o.a.c.c.C.[Tomcat].[localhost].[/]       : Initializing Spring embedded WebApplicationContext
2025-10-29T19:53:23.272-03:00  INFO 14560 --- [Proyecto-Venta] [main] w.s.c.ServletWebServerApplicationContext : Root WebApplicationContext: initialization completed in 1540 ms
2025-10-29T19:53:23.416-03:00  INFO 14560 --- [Proyecto-Venta] [main] com.zaxxer.hikari.HikariDataSource       : HikariPool-1 - Starting...
2025-10-29T19:53:25.466-03:00  INFO 14560 --- [Proyecto-Venta] [main] com.zaxxer.hikari.pool.HikariPool        : HikariPool-1 - Added connection org.postgresql.jdbc.PgConnection@12c76d6e
2025-10-29T19:53:25.468-03:00  INFO 14560 --- [Proyecto-Venta] [main] com.zaxxer.hikari.HikariDataSource       : HikariPool-1 - Start completed.
2025-10-29T19:53:26.728-03:00  INFO 14560 --- [Proyecto-Venta] [main] liquibase.database                       : Set default schema name to public
2025-10-29T19:53:27.783-03:00  INFO 14560 --- [Proyecto-Venta] [main] liquibase.changelog                      : Reading from public.databasechangelog
2025-10-29T19:53:29.782-03:00  INFO 14560 --- [Proyecto-Venta] [main] liquibase.ui                             : Database is up to date, no changesets to execute
2025-10-29T19:53:29.970-03:00  INFO 14560 --- [Proyecto-Venta] [main] liquibase.changelog                      : Reading from public.databasechangelog
2025-10-29T19:53:30.166-03:00  INFO 14560 --- [Proyecto-Venta] [main] liquibase.util                           : UPDATE SUMMARY
2025-10-29T19:53:30.166-03:00  INFO 14560 --- [Proyecto-Venta] [main] liquibase.util                           : Run:                          0
2025-10-29T19:53:30.166-03:00  INFO 14560 --- [Proyecto-Venta] [main] liquibase.util                           : Previously run:              21
2025-10-29T19:53:30.166-03:00  INFO 14560 --- [Proyecto-Venta] [main] liquibase.util                           : Filtered out:                 0
2025-10-29T19:53:30.166-03:00  INFO 14560 --- [Proyecto-Venta] [main] liquibase.util                           : -------------------------------
2025-10-29T19:53:30.166-03:00  INFO 14560 --- [Proyecto-Venta] [main] liquibase.util                           : Total change sets:           21
2025-10-29T19:53:30.167-03:00  INFO 14560 --- [Proyecto-Venta] [main] liquibase.util                           : Update summary generated
2025-10-29T19:53:30.168-03:00  INFO 14560 --- [Proyecto-Venta] [main] liquibase.command                        : Command execution complete
2025-10-29T19:53:31.900-03:00  INFO 14560 --- [Proyecto-Venta] [main] o.hibernate.jpa.internal.util.LogHelper  : HHH000204: Processing PersistenceUnitInfo [name: default]
2025-10-29T19:53:31.948-03:00  INFO 14560 --- [Proyecto-Venta] [main] org.hibernate.Version                    : HHH000412: Hibernate ORM core version 6.6.26.Final
2025-10-29T19:53:31.979-03:00  INFO 14560 --- [Proyecto-Venta] [main] o.h.c.internal.RegionFactoryInitiator    : HHH000026: Second-level cache disabled
2025-10-29T19:53:32.243-03:00  INFO 14560 --- [Proyecto-Venta] [main] o.s.o.j.p.SpringPersistenceUnitInfo      : No LoadTimeWeaver setup: ignoring JPA class transformer
2025-10-29T19:53:32.886-03:00  INFO 14560 --- [Proyecto-Venta] [main] org.hibernate.orm.connections.pooling    : HHH10001005: Database info:
	Database JDBC URL [Connecting through datasource 'HikariDataSource (HikariPool-1)']
	Database driver: undefined/unknown
	Database version: 17.6
	Autocommit mode: undefined/unknown
	Isolation level: undefined/unknown
	Minimum pool size: undefined/unknown
	Maximum pool size: undefined/unknown
2025-10-29T19:53:33.847-03:00  INFO 14560 --- [Proyecto-Venta] [main] o.h.e.t.j.p.i.JtaPlatformInitiator       : HHH000489: No JTA platform available (set 'hibernate.transaction.jta.platform' to enable JTA platform integration)
2025-10-29T19:53:33.850-03:00  INFO 14560 --- [Proyecto-Venta] [main] j.LocalContainerEntityManagerFactoryBean : Initialized JPA EntityManagerFactory for persistence unit 'default'
2025-10-29T19:53:34.198-03:00  INFO 14560 --- [Proyecto-Venta] [main] o.s.d.j.r.query.QueryEnhancerFactory     : Hibernate is in classpath; If applicable, HQL parser will be used.
2025-10-29T19:53:34.793-03:00  WARN 14560 --- [Proyecto-Venta] [main] JpaBaseConfiguration$JpaWebConfiguration : spring.jpa.open-in-view is enabled by default. Therefore, database queries may be performed during view rendering. Explicitly configure spring.jpa.open-in-view to disable this warning
2025-10-29T19:53:36.244-03:00  INFO 14560 --- [Proyecto-Venta] [main] o.s.cloud.commons.util.InetUtils         : Cannot determine local hostname
2025-10-29T19:53:37.265-03:00  INFO 14560 --- [Proyecto-Venta] [main] o.s.cloud.commons.util.InetUtils         : Cannot determine local hostname
2025-10-29T19:53:37.289-03:00  INFO 14560 --- [Proyecto-Venta] [main] DiscoveryClientOptionalArgsConfiguration : Eureka HTTP Client uses RestTemplate.
2025-10-29T19:53:37.325-03:00  WARN 14560 --- [Proyecto-Venta] [main] ConfigServletWebServerApplicationContext : Exception encountered during context initialization - cancelling refresh attempt: org.springframework.beans.factory.BeanCreationException: Error creating bean with name 'compositeCompatibilityVerifier' defined in class path resource [org/springframework/cloud/configuration/CompatibilityVerifierAutoConfiguration.class]: Failed to instantiate [org.springframework.cloud.configuration.CompositeCompatibilityVerifier]: Factory method 'compositeCompatibilityVerifier' threw exception with message: Spring Cloud/ Spring Boot version compatibility checks have failed: [[VerificationResult@2360414f description = 'Spring Boot [3.5.5] is not compatible with this Spring Cloud release train', action = 'Change Spring Boot version to one of the following versions [3.2.x, 3.3.x] .
You can find the latest Spring Boot versions here [https://spring.io/projects/spring-boot#learn]. 
If you want to learn more about the Spring Cloud Release train compatibility, you can visit this page [https://spring.io/projects/spring-cloud#overview] and check the [Release Trains] section.
If you want to disable this check, just set the property [spring.cloud.compatibility-verifier.enabled=false]']]
2025-10-29T19:53:37.327-03:00  INFO 14560 --- [Proyecto-Venta] [main] j.LocalContainerEntityManagerFactoryBean : Closing JPA EntityManagerFactory for persistence unit 'default'
2025-10-29T19:53:37.329-03:00  INFO 14560 --- [Proyecto-Venta] [main] com.zaxxer.hikari.HikariDataSource       : HikariPool-1 - Shutdown initiated...
2025-10-29T19:53:39.229-03:00  INFO 14560 --- [Proyecto-Venta] [main] com.zaxxer.hikari.HikariDataSource       : HikariPool-1 - Shutdown completed.
2025-10-29T19:53:39.231-03:00  INFO 14560 --- [Proyecto-Venta] [main] o.apache.catalina.core.StandardService   : Stopping service [Tomcat]
2025-10-29T19:53:39.243-03:00  INFO 14560 --- [Proyecto-Venta] [main] .s.b.a.l.ConditionEvaluationReportLogger : 

Error starting ApplicationContext. To display the condition evaluation report re-run your application with 'debug' enabled.
2025-10-29T19:53:39.259-03:00 ERROR 14560 --- [Proyecto-Venta] [main] o.s.b.d.LoggingFailureAnalysisReporter   : 

***************************
APPLICATION FAILED TO START
***************************

Description:

Your project setup is incompatible with our requirements due to following reasons:

- Spring Boot [3.5.5] is not compatible with this Spring Cloud release train


Action:

Consider applying the following actions:

- Change Spring Boot version to one of the following versions [3.2.x, 3.3.x] .
You can find the latest Spring Boot versions here [https://spring.io/projects/spring-boot#learn]. 
If you want to learn more about the Spring Cloud Release train compatibility, you can visit this page [https://spring.io/projects/spring-cloud#overview] and check the [Release Trains] section.
If you want to disable this check, just set the property [spring.cloud.compatibility-verifier.enabled=false]


2025-10-29T19:57:17.856-03:00  INFO 14776 --- [Proyecto-Venta] [main] c.d.p.ProyectoVentaApplication           : Starting ProyectoVentaApplication using Java 24 with PID 14776 (C:\Users\Usuario\IdeaProjects\Distri\SistemaWebYDistribuido\Proyecto-Venta\target\classes started by Usuario in C:\Users\Usuario\IdeaProjects\Distri\SistemaWebYDistribuido)
2025-10-29T19:57:17.858-03:00  INFO 14776 --- [Proyecto-Venta] [main] c.d.p.ProyectoVentaApplication           : No active profile set, falling back to 1 default profile: "default"
2025-10-29T19:57:18.590-03:00  INFO 14776 --- [Proyecto-Venta] [main] .s.d.r.c.RepositoryConfigurationDelegate : Bootstrapping Spring Data JPA repositories in DEFAULT mode.
2025-10-29T19:57:18.666-03:00  INFO 14776 --- [Proyecto-Venta] [main] .s.d.r.c.RepositoryConfigurationDelegate : Finished Spring Data repository scanning in 67 ms. Found 8 JPA repository interfaces.
2025-10-29T19:57:19.040-03:00  INFO 14776 --- [Proyecto-Venta] [main] o.s.b.w.embedded.tomcat.TomcatWebServer  : Tomcat initialized with port 8081 (http)
2025-10-29T19:57:19.053-03:00  INFO 14776 --- [Proyecto-Venta] [main] o.apache.catalina.core.StandardService   : Starting service [Tomcat]
2025-10-29T19:57:19.053-03:00  INFO 14776 --- [Proyecto-Venta] [main] o.apache.catalina.core.StandardEngine    : Starting Servlet engine: [Apache Tomcat/10.1.44]
2025-10-29T19:57:19.104-03:00  INFO 14776 --- [Proyecto-Venta] [main] o.a.c.c.C.[Tomcat].[localhost].[/]       : Initializing Spring embedded WebApplicationContext
2025-10-29T19:57:19.105-03:00  INFO 14776 --- [Proyecto-Venta] [main] w.s.c.ServletWebServerApplicationContext : Root WebApplicationContext: initialization completed in 1204 ms
2025-10-29T19:57:19.229-03:00  INFO 14776 --- [Proyecto-Venta] [main] com.zaxxer.hikari.HikariDataSource       : HikariPool-1 - Starting...
2025-10-29T19:57:21.332-03:00  INFO 14776 --- [Proyecto-Venta] [main] com.zaxxer.hikari.pool.HikariPool        : HikariPool-1 - Added connection org.postgresql.jdbc.PgConnection@79cb8ffa
2025-10-29T19:57:21.334-03:00  INFO 14776 --- [Proyecto-Venta] [main] com.zaxxer.hikari.HikariDataSource       : HikariPool-1 - Start completed.
2025-10-29T19:57:22.618-03:00  INFO 14776 --- [Proyecto-Venta] [main] liquibase.database                       : Set default schema name to public
2025-10-29T19:57:23.702-03:00  INFO 14776 --- [Proyecto-Venta] [main] liquibase.changelog                      : Reading from public.databasechangelog
2025-10-29T19:57:25.746-03:00  INFO 14776 --- [Proyecto-Venta] [main] liquibase.ui                             : Database is up to date, no changesets to execute
2025-10-29T19:57:25.935-03:00  INFO 14776 --- [Proyecto-Venta] [main] liquibase.changelog                      : Reading from public.databasechangelog
2025-10-29T19:57:26.154-03:00  INFO 14776 --- [Proyecto-Venta] [main] liquibase.util                           : UPDATE SUMMARY
2025-10-29T19:57:26.155-03:00  INFO 14776 --- [Proyecto-Venta] [main] liquibase.util                           : Run:                          0
2025-10-29T19:57:26.155-03:00  INFO 14776 --- [Proyecto-Venta] [main] liquibase.util                           : Previously run:              21
2025-10-29T19:57:26.155-03:00  INFO 14776 --- [Proyecto-Venta] [main] liquibase.util                           : Filtered out:                 0
2025-10-29T19:57:26.155-03:00  INFO 14776 --- [Proyecto-Venta] [main] liquibase.util                           : -------------------------------
2025-10-29T19:57:26.155-03:00  INFO 14776 --- [Proyecto-Venta] [main] liquibase.util                           : Total change sets:           21
2025-10-29T19:57:26.156-03:00  INFO 14776 --- [Proyecto-Venta] [main] liquibase.util                           : Update summary generated
2025-10-29T19:57:26.157-03:00  INFO 14776 --- [Proyecto-Venta] [main] liquibase.command                        : Command execution complete
2025-10-29T19:57:27.906-03:00  INFO 14776 --- [Proyecto-Venta] [main] o.hibernate.jpa.internal.util.LogHelper  : HHH000204: Processing PersistenceUnitInfo [name: default]
2025-10-29T19:57:27.954-03:00  INFO 14776 --- [Proyecto-Venta] [main] org.hibernate.Version                    : HHH000412: Hibernate ORM core version 6.6.26.Final
2025-10-29T19:57:27.984-03:00  INFO 14776 --- [Proyecto-Venta] [main] o.h.c.internal.RegionFactoryInitiator    : HHH000026: Second-level cache disabled
2025-10-29T19:57:28.246-03:00  INFO 14776 --- [Proyecto-Venta] [main] o.s.o.j.p.SpringPersistenceUnitInfo      : No LoadTimeWeaver setup: ignoring JPA class transformer
2025-10-29T19:57:28.909-03:00  INFO 14776 --- [Proyecto-Venta] [main] org.hibernate.orm.connections.pooling    : HHH10001005: Database info:
	Database JDBC URL [Connecting through datasource 'HikariDataSource (HikariPool-1)']
	Database driver: undefined/unknown
	Database version: 17.6
	Autocommit mode: undefined/unknown
	Isolation level: undefined/unknown
	Minimum pool size: undefined/unknown
	Maximum pool size: undefined/unknown
2025-10-29T19:57:29.843-03:00  INFO 14776 --- [Proyecto-Venta] [main] o.h.e.t.j.p.i.JtaPlatformInitiator       : HHH000489: No JTA platform available (set 'hibernate.transaction.jta.platform' to enable JTA platform integration)
2025-10-29T19:57:29.846-03:00  INFO 14776 --- [Proyecto-Venta] [main] j.LocalContainerEntityManagerFactoryBean : Initialized JPA EntityManagerFactory for persistence unit 'default'
2025-10-29T19:57:30.182-03:00  INFO 14776 --- [Proyecto-Venta] [main] o.s.d.j.r.query.QueryEnhancerFactory     : Hibernate is in classpath; If applicable, HQL parser will be used.
2025-10-29T19:57:30.751-03:00  WARN 14776 --- [Proyecto-Venta] [main] JpaBaseConfiguration$JpaWebConfiguration : spring.jpa.open-in-view is enabled by default. Therefore, database queries may be performed during view rendering. Explicitly configure spring.jpa.open-in-view to disable this warning
2025-10-29T19:57:31.148-03:00  INFO 14776 --- [Proyecto-Venta] [main] o.s.b.w.embedded.tomcat.TomcatWebServer  : Tomcat started on port 8081 (http) with context path '/'
2025-10-29T19:57:31.154-03:00  INFO 14776 --- [Proyecto-Venta] [main] c.d.p.ProyectoVentaApplication           : Started ProyectoVentaApplication in 13.733 seconds (process running for 14.347)
2025-10-29T19:58:54.499-03:00  INFO 14776 --- [Proyecto-Venta] [SpringApplicationShutdownHook] o.s.b.w.e.tomcat.GracefulShutdown        : Commencing graceful shutdown. Waiting for active requests to complete
2025-10-29T19:58:54.506-03:00  INFO 14776 --- [Proyecto-Venta] [tomcat-shutdown] o.s.b.w.e.tomcat.GracefulShutdown        : Graceful shutdown complete
2025-10-29T19:58:54.516-03:00  INFO 14776 --- [Proyecto-Venta] [SpringApplicationShutdownHook] j.LocalContainerEntityManagerFactoryBean : Closing JPA EntityManagerFactory for persistence unit 'default'
2025-10-29T19:58:54.518-03:00  INFO 14776 --- [Proyecto-Venta] [SpringApplicationShutdownHook] com.zaxxer.hikari.HikariDataSource       : HikariPool-1 - Shutdown initiated...
2025-10-29T19:58:56.432-03:00  INFO 14776 --- [Proyecto-Venta] [SpringApplicationShutdownHook] com.zaxxer.hikari.HikariDataSource       : HikariPool-1 - Shutdown completed.
2025-10-29T20:04:37.075-03:00  INFO 10136 --- [Proyecto-Venta] [main] c.d.p.ProyectoVentaApplication           : Starting ProyectoVentaApplication using Java 24 with PID 10136 (C:\Users\Usuario\IdeaProjects\Distri\SistemaWebYDistribuido\Proyecto-Venta\target\classes started by Usuario in C:\Users\Usuario\IdeaProjects\Distri\SistemaWebYDistribuido)
2025-10-29T20:04:37.077-03:00  INFO 10136 --- [Proyecto-Venta] [main] c.d.p.ProyectoVentaApplication           : No active profile set, falling back to 1 default profile: "default"
2025-10-29T20:04:37.811-03:00  INFO 10136 --- [Proyecto-Venta] [main] .s.d.r.c.RepositoryConfigurationDelegate : Bootstrapping Spring Data JPA repositories in DEFAULT mode.
2025-10-29T20:04:37.894-03:00  INFO 10136 --- [Proyecto-Venta] [main] .s.d.r.c.RepositoryConfigurationDelegate : Finished Spring Data repository scanning in 68 ms. Found 8 JPA repository interfaces.
2025-10-29T20:04:38.279-03:00  INFO 10136 --- [Proyecto-Venta] [main] o.s.b.w.embedded.tomcat.TomcatWebServer  : Tomcat initialized with port 8081 (http)
2025-10-29T20:04:38.291-03:00  INFO 10136 --- [Proyecto-Venta] [main] o.apache.catalina.core.StandardService   : Starting service [Tomcat]
2025-10-29T20:04:38.291-03:00  INFO 10136 --- [Proyecto-Venta] [main] o.apache.catalina.core.StandardEngine    : Starting Servlet engine: [Apache Tomcat/10.1.44]
2025-10-29T20:04:38.344-03:00  INFO 10136 --- [Proyecto-Venta] [main] o.a.c.c.C.[Tomcat].[localhost].[/]       : Initializing Spring embedded WebApplicationContext
2025-10-29T20:04:38.345-03:00  INFO 10136 --- [Proyecto-Venta] [main] w.s.c.ServletWebServerApplicationContext : Root WebApplicationContext: initialization completed in 1228 ms
2025-10-29T20:04:38.470-03:00  INFO 10136 --- [Proyecto-Venta] [main] com.zaxxer.hikari.HikariDataSource       : HikariPool-1 - Starting...
2025-10-29T20:04:40.517-03:00  INFO 10136 --- [Proyecto-Venta] [main] com.zaxxer.hikari.pool.HikariPool        : HikariPool-1 - Added connection org.postgresql.jdbc.PgConnection@47fb7ec9
2025-10-29T20:04:40.518-03:00  INFO 10136 --- [Proyecto-Venta] [main] com.zaxxer.hikari.HikariDataSource       : HikariPool-1 - Start completed.
2025-10-29T20:04:41.774-03:00  INFO 10136 --- [Proyecto-Venta] [main] liquibase.database                       : Set default schema name to public
2025-10-29T20:04:42.833-03:00  INFO 10136 --- [Proyecto-Venta] [main] liquibase.changelog                      : Reading from public.databasechangelog
2025-10-29T20:04:44.810-03:00  INFO 10136 --- [Proyecto-Venta] [main] liquibase.ui                             : Database is up to date, no changesets to execute
2025-10-29T20:04:45.003-03:00  INFO 10136 --- [Proyecto-Venta] [main] liquibase.changelog                      : Reading from public.databasechangelog
2025-10-29T20:04:45.195-03:00  INFO 10136 --- [Proyecto-Venta] [main] liquibase.util                           : UPDATE SUMMARY
2025-10-29T20:04:45.195-03:00  INFO 10136 --- [Proyecto-Venta] [main] liquibase.util                           : Run:                          0
2025-10-29T20:04:45.195-03:00  INFO 10136 --- [Proyecto-Venta] [main] liquibase.util                           : Previously run:              21
2025-10-29T20:04:45.195-03:00  INFO 10136 --- [Proyecto-Venta] [main] liquibase.util                           : Filtered out:                 0
2025-10-29T20:04:45.195-03:00  INFO 10136 --- [Proyecto-Venta] [main] liquibase.util                           : -------------------------------
2025-10-29T20:04:45.195-03:00  INFO 10136 --- [Proyecto-Venta] [main] liquibase.util                           : Total change sets:           21
2025-10-29T20:04:45.196-03:00  INFO 10136 --- [Proyecto-Venta] [main] liquibase.util                           : Update summary generated
2025-10-29T20:04:45.197-03:00  INFO 10136 --- [Proyecto-Venta] [main] liquibase.command                        : Command execution complete
2025-10-29T20:04:46.970-03:00  INFO 10136 --- [Proyecto-Venta] [main] o.hibernate.jpa.internal.util.LogHelper  : HHH000204: Processing PersistenceUnitInfo [name: default]
2025-10-29T20:04:47.018-03:00  INFO 10136 --- [Proyecto-Venta] [main] org.hibernate.Version                    : HHH000412: Hibernate ORM core version 6.6.26.Final
2025-10-29T20:04:47.048-03:00  INFO 10136 --- [Proyecto-Venta] [main] o.h.c.internal.RegionFactoryInitiator    : HHH000026: Second-level cache disabled
2025-10-29T20:04:47.311-03:00  INFO 10136 --- [Proyecto-Venta] [main] o.s.o.j.p.SpringPersistenceUnitInfo      : No LoadTimeWeaver setup: ignoring JPA class transformer
2025-10-29T20:04:47.935-03:00  INFO 10136 --- [Proyecto-Venta] [main] org.hibernate.orm.connections.pooling    : HHH10001005: Database info:
	Database JDBC URL [Connecting through datasource 'HikariDataSource (HikariPool-1)']
	Database driver: undefined/unknown
	Database version: 17.6
	Autocommit mode: undefined/unknown
	Isolation level: undefined/unknown
	Minimum pool size: undefined/unknown
	Maximum pool size: undefined/unknown
2025-10-29T20:04:48.874-03:00  INFO 10136 --- [Proyecto-Venta] [main] o.h.e.t.j.p.i.JtaPlatformInitiator       : HHH000489: No JTA platform available (set 'hibernate.transaction.jta.platform' to enable JTA platform integration)
2025-10-29T20:04:48.876-03:00  INFO 10136 --- [Proyecto-Venta] [main] j.LocalContainerEntityManagerFactoryBean : Initialized JPA EntityManagerFactory for persistence unit 'default'
2025-10-29T20:04:49.217-03:00  INFO 10136 --- [Proyecto-Venta] [main] o.s.d.j.r.query.QueryEnhancerFactory     : Hibernate is in classpath; If applicable, HQL parser will be used.
2025-10-29T20:04:49.792-03:00  WARN 10136 --- [Proyecto-Venta] [main] JpaBaseConfiguration$JpaWebConfiguration : spring.jpa.open-in-view is enabled by default. Therefore, database queries may be performed during view rendering. Explicitly configure spring.jpa.open-in-view to disable this warning
2025-10-29T20:04:50.197-03:00  INFO 10136 --- [Proyecto-Venta] [main] o.s.b.w.embedded.tomcat.TomcatWebServer  : Tomcat started on port 8081 (http) with context path '/'
2025-10-29T20:04:50.204-03:00  INFO 10136 --- [Proyecto-Venta] [main] c.d.p.ProyectoVentaApplication           : Started ProyectoVentaApplication in 13.584 seconds (process running for 14.119)
2025-10-29T20:05:25.720-03:00  INFO 10136 --- [Proyecto-Venta] [SpringApplicationShutdownHook] o.s.b.w.e.tomcat.GracefulShutdown        : Commencing graceful shutdown. Waiting for active requests to complete
2025-10-29T20:05:25.725-03:00  INFO 10136 --- [Proyecto-Venta] [tomcat-shutdown] o.s.b.w.e.tomcat.GracefulShutdown        : Graceful shutdown complete
2025-10-29T20:05:25.728-03:00  INFO 10136 --- [Proyecto-Venta] [SpringApplicationShutdownHook] j.LocalContainerEntityManagerFactoryBean : Closing JPA EntityManagerFactory for persistence unit 'default'
2025-10-29T20:05:25.730-03:00  INFO 10136 --- [Proyecto-Venta] [SpringApplicationShutdownHook] com.zaxxer.hikari.HikariDataSource       : HikariPool-1 - Shutdown initiated...
2025-10-29T20:05:27.064-03:00  INFO 10136 --- [Proyecto-Venta] [SpringApplicationShutdownHook] com.zaxxer.hikari.HikariDataSource       : HikariPool-1 - Shutdown completed.
2025-10-29T20:06:04.623-03:00  INFO 1532 --- [Proyecto-Venta] [main] c.d.p.ProyectoVentaApplication           : Starting ProyectoVentaApplication using Java 24 with PID 1532 (C:\Users\Usuario\IdeaProjects\Distri\SistemaWebYDistribuido\Proyecto-Venta\target\classes started by Usuario in C:\Users\Usuario\IdeaProjects\Distri\SistemaWebYDistribuido)
2025-10-29T20:06:04.625-03:00  INFO 1532 --- [Proyecto-Venta] [main] c.d.p.ProyectoVentaApplication           : No active profile set, falling back to 1 default profile: "default"
2025-10-29T20:06:05.349-03:00  INFO 1532 --- [Proyecto-Venta] [main] .s.d.r.c.RepositoryConfigurationDelegate : Bootstrapping Spring Data JPA repositories in DEFAULT mode.
2025-10-29T20:06:05.434-03:00  INFO 1532 --- [Proyecto-Venta] [main] .s.d.r.c.RepositoryConfigurationDelegate : Finished Spring Data repository scanning in 76 ms. Found 8 JPA repository interfaces.
2025-10-29T20:06:05.819-03:00  INFO 1532 --- [Proyecto-Venta] [main] o.s.b.w.embedded.tomcat.TomcatWebServer  : Tomcat initialized with port 8081 (http)
2025-10-29T20:06:05.832-03:00  INFO 1532 --- [Proyecto-Venta] [main] o.apache.catalina.core.StandardService   : Starting service [Tomcat]
2025-10-29T20:06:05.832-03:00  INFO 1532 --- [Proyecto-Venta] [main] o.apache.catalina.core.StandardEngine    : Starting Servlet engine: [Apache Tomcat/10.1.44]
2025-10-29T20:06:05.887-03:00  INFO 1532 --- [Proyecto-Venta] [main] o.a.c.c.C.[Tomcat].[localhost].[/]       : Initializing Spring embedded WebApplicationContext
2025-10-29T20:06:05.887-03:00  INFO 1532 --- [Proyecto-Venta] [main] w.s.c.ServletWebServerApplicationContext : Root WebApplicationContext: initialization completed in 1223 ms
2025-10-29T20:06:06.010-03:00  INFO 1532 --- [Proyecto-Venta] [main] com.zaxxer.hikari.HikariDataSource       : HikariPool-1 - Starting...
2025-10-29T20:06:08.083-03:00  INFO 1532 --- [Proyecto-Venta] [main] com.zaxxer.hikari.pool.HikariPool        : HikariPool-1 - Added connection org.postgresql.jdbc.PgConnection@79cb8ffa
2025-10-29T20:06:08.085-03:00  INFO 1532 --- [Proyecto-Venta] [main] com.zaxxer.hikari.HikariDataSource       : HikariPool-1 - Start completed.
2025-10-29T20:06:09.336-03:00  INFO 1532 --- [Proyecto-Venta] [main] liquibase.database                       : Set default schema name to public
2025-10-29T20:06:10.395-03:00  INFO 1532 --- [Proyecto-Venta] [main] liquibase.changelog                      : Reading from public.databasechangelog
2025-10-29T20:06:12.380-03:00  INFO 1532 --- [Proyecto-Venta] [main] liquibase.ui                             : Database is up to date, no changesets to execute
2025-10-29T20:06:12.567-03:00  INFO 1532 --- [Proyecto-Venta] [main] liquibase.changelog                      : Reading from public.databasechangelog
2025-10-29T20:06:12.765-03:00  INFO 1532 --- [Proyecto-Venta] [main] liquibase.util                           : UPDATE SUMMARY
2025-10-29T20:06:12.765-03:00  INFO 1532 --- [Proyecto-Venta] [main] liquibase.util                           : Run:                          0
2025-10-29T20:06:12.765-03:00  INFO 1532 --- [Proyecto-Venta] [main] liquibase.util                           : Previously run:              21
2025-10-29T20:06:12.765-03:00  INFO 1532 --- [Proyecto-Venta] [main] liquibase.util                           : Filtered out:                 0
2025-10-29T20:06:12.765-03:00  INFO 1532 --- [Proyecto-Venta] [main] liquibase.util                           : -------------------------------
2025-10-29T20:06:12.765-03:00  INFO 1532 --- [Proyecto-Venta] [main] liquibase.util                           : Total change sets:           21
2025-10-29T20:06:12.766-03:00  INFO 1532 --- [Proyecto-Venta] [main] liquibase.util                           : Update summary generated
2025-10-29T20:06:12.767-03:00  INFO 1532 --- [Proyecto-Venta] [main] liquibase.command                        : Command execution complete
2025-10-29T20:06:14.419-03:00  INFO 1532 --- [Proyecto-Venta] [main] o.hibernate.jpa.internal.util.LogHelper  : HHH000204: Processing PersistenceUnitInfo [name: default]
2025-10-29T20:06:14.467-03:00  INFO 1532 --- [Proyecto-Venta] [main] org.hibernate.Version                    : HHH000412: Hibernate ORM core version 6.6.26.Final
2025-10-29T20:06:14.497-03:00  INFO 1532 --- [Proyecto-Venta] [main] o.h.c.internal.RegionFactoryInitiator    : HHH000026: Second-level cache disabled
2025-10-29T20:06:14.764-03:00  INFO 1532 --- [Proyecto-Venta] [main] o.s.o.j.p.SpringPersistenceUnitInfo      : No LoadTimeWeaver setup: ignoring JPA class transformer
2025-10-29T20:06:15.414-03:00  INFO 1532 --- [Proyecto-Venta] [main] org.hibernate.orm.connections.pooling    : HHH10001005: Database info:
	Database JDBC URL [Connecting through datasource 'HikariDataSource (HikariPool-1)']
	Database driver: undefined/unknown
	Database version: 17.6
	Autocommit mode: undefined/unknown
	Isolation level: undefined/unknown
	Minimum pool size: undefined/unknown
	Maximum pool size: undefined/unknown
2025-10-29T20:06:16.418-03:00  INFO 1532 --- [Proyecto-Venta] [main] o.h.e.t.j.p.i.JtaPlatformInitiator       : HHH000489: No JTA platform available (set 'hibernate.transaction.jta.platform' to enable JTA platform integration)
2025-10-29T20:06:16.421-03:00  INFO 1532 --- [Proyecto-Venta] [main] j.LocalContainerEntityManagerFactoryBean : Initialized JPA EntityManagerFactory for persistence unit 'default'
2025-10-29T20:06:16.778-03:00  INFO 1532 --- [Proyecto-Venta] [main] o.s.d.j.r.query.QueryEnhancerFactory     : Hibernate is in classpath; If applicable, HQL parser will be used.
2025-10-29T20:06:17.370-03:00  WARN 1532 --- [Proyecto-Venta] [main] JpaBaseConfiguration$JpaWebConfiguration : spring.jpa.open-in-view is enabled by default. Therefore, database queries may be performed during view rendering. Explicitly configure spring.jpa.open-in-view to disable this warning
2025-10-29T20:06:17.839-03:00  INFO 1532 --- [Proyecto-Venta] [main] o.s.b.w.embedded.tomcat.TomcatWebServer  : Tomcat started on port 8081 (http) with context path '/'
2025-10-29T20:06:17.846-03:00  INFO 1532 --- [Proyecto-Venta] [main] c.d.p.ProyectoVentaApplication           : Started ProyectoVentaApplication in 13.668 seconds (process running for 14.217)
2025-10-29T20:07:08.246-03:00  INFO 1532 --- [Proyecto-Venta] [SpringApplicationShutdownHook] o.s.b.w.e.tomcat.GracefulShutdown        : Commencing graceful shutdown. Waiting for active requests to complete
2025-10-29T20:07:08.255-03:00  INFO 1532 --- [Proyecto-Venta] [tomcat-shutdown] o.s.b.w.e.tomcat.GracefulShutdown        : Graceful shutdown complete
2025-10-29T20:07:08.260-03:00  INFO 1532 --- [Proyecto-Venta] [SpringApplicationShutdownHook] j.LocalContainerEntityManagerFactoryBean : Closing JPA EntityManagerFactory for persistence unit 'default'
2025-10-29T20:07:08.262-03:00  INFO 1532 --- [Proyecto-Venta] [SpringApplicationShutdownHook] com.zaxxer.hikari.HikariDataSource       : HikariPool-1 - Shutdown initiated...
2025-10-29T20:07:09.588-03:00  INFO 1532 --- [Proyecto-Venta] [SpringApplicationShutdownHook] com.zaxxer.hikari.HikariDataSource       : HikariPool-1 - Shutdown completed.
2025-10-29T20:09:27.046-03:00  INFO 14904 --- [Proyecto-Venta] [main] c.d.p.ProyectoVentaApplication           : Starting ProyectoVentaApplication using Java 24 with PID 14904 (C:\Users\Usuario\IdeaProjects\Distri\SistemaWebYDistribuido\Proyecto-Venta\target\classes started by Usuario in C:\Users\Usuario\IdeaProjects\Distri\SistemaWebYDistribuido)
2025-10-29T20:09:27.047-03:00  INFO 14904 --- [Proyecto-Venta] [main] c.d.p.ProyectoVentaApplication           : No active profile set, falling back to 1 default profile: "default"
2025-10-29T20:09:27.817-03:00  INFO 14904 --- [Proyecto-Venta] [main] .s.d.r.c.RepositoryConfigurationDelegate : Bootstrapping Spring Data JPA repositories in DEFAULT mode.
2025-10-29T20:09:27.986-03:00  INFO 14904 --- [Proyecto-Venta] [main] .s.d.r.c.RepositoryConfigurationDelegate : Finished Spring Data repository scanning in 160 ms. Found 8 JPA repository interfaces.
2025-10-29T20:09:28.138-03:00  INFO 14904 --- [Proyecto-Venta] [main] o.s.cloud.context.scope.GenericScope     : BeanFactory id=22aa7d76-e3bd-3a18-8c2d-306486e2dc17
2025-10-29T20:09:28.471-03:00  INFO 14904 --- [Proyecto-Venta] [main] o.s.b.w.embedded.tomcat.TomcatWebServer  : Tomcat initialized with port 8081 (http)
2025-10-29T20:09:28.485-03:00  INFO 14904 --- [Proyecto-Venta] [main] o.apache.catalina.core.StandardService   : Starting service [Tomcat]
2025-10-29T20:09:28.486-03:00  INFO 14904 --- [Proyecto-Venta] [main] o.apache.catalina.core.StandardEngine    : Starting Servlet engine: [Apache Tomcat/10.1.44]
2025-10-29T20:09:28.553-03:00  INFO 14904 --- [Proyecto-Venta] [main] o.a.c.c.C.[Tomcat].[localhost].[/]       : Initializing Spring embedded WebApplicationContext
2025-10-29T20:09:28.554-03:00  INFO 14904 --- [Proyecto-Venta] [main] w.s.c.ServletWebServerApplicationContext : Root WebApplicationContext: initialization completed in 1467 ms
2025-10-29T20:09:28.713-03:00  INFO 14904 --- [Proyecto-Venta] [main] com.zaxxer.hikari.HikariDataSource       : HikariPool-1 - Starting...
2025-10-29T20:09:30.772-03:00  INFO 14904 --- [Proyecto-Venta] [main] com.zaxxer.hikari.pool.HikariPool        : HikariPool-1 - Added connection org.postgresql.jdbc.PgConnection@41143873
2025-10-29T20:09:30.774-03:00  INFO 14904 --- [Proyecto-Venta] [main] com.zaxxer.hikari.HikariDataSource       : HikariPool-1 - Start completed.
2025-10-29T20:09:32.016-03:00  INFO 14904 --- [Proyecto-Venta] [main] liquibase.database                       : Set default schema name to public
2025-10-29T20:09:33.076-03:00  INFO 14904 --- [Proyecto-Venta] [main] liquibase.changelog                      : Reading from public.databasechangelog
2025-10-29T20:09:35.087-03:00  INFO 14904 --- [Proyecto-Venta] [main] liquibase.ui                             : Database is up to date, no changesets to execute
2025-10-29T20:09:35.275-03:00  INFO 14904 --- [Proyecto-Venta] [main] liquibase.changelog                      : Reading from public.databasechangelog
2025-10-29T20:09:35.483-03:00  INFO 14904 --- [Proyecto-Venta] [main] liquibase.util                           : UPDATE SUMMARY
2025-10-29T20:09:35.483-03:00  INFO 14904 --- [Proyecto-Venta] [main] liquibase.util                           : Run:                          0
2025-10-29T20:09:35.483-03:00  INFO 14904 --- [Proyecto-Venta] [main] liquibase.util                           : Previously run:              21
2025-10-29T20:09:35.483-03:00  INFO 14904 --- [Proyecto-Venta] [main] liquibase.util                           : Filtered out:                 0
2025-10-29T20:09:35.483-03:00  INFO 14904 --- [Proyecto-Venta] [main] liquibase.util                           : -------------------------------
2025-10-29T20:09:35.484-03:00  INFO 14904 --- [Proyecto-Venta] [main] liquibase.util                           : Total change sets:           21
2025-10-29T20:09:35.484-03:00  INFO 14904 --- [Proyecto-Venta] [main] liquibase.util                           : Update summary generated
2025-10-29T20:09:35.485-03:00  INFO 14904 --- [Proyecto-Venta] [main] liquibase.command                        : Command execution complete
2025-10-29T20:09:37.146-03:00  INFO 14904 --- [Proyecto-Venta] [main] o.hibernate.jpa.internal.util.LogHelper  : HHH000204: Processing PersistenceUnitInfo [name: default]
2025-10-29T20:09:37.195-03:00  INFO 14904 --- [Proyecto-Venta] [main] org.hibernate.Version                    : HHH000412: Hibernate ORM core version 6.6.26.Final
2025-10-29T20:09:37.229-03:00  INFO 14904 --- [Proyecto-Venta] [main] o.h.c.internal.RegionFactoryInitiator    : HHH000026: Second-level cache disabled
2025-10-29T20:09:37.495-03:00  INFO 14904 --- [Proyecto-Venta] [main] o.s.o.j.p.SpringPersistenceUnitInfo      : No LoadTimeWeaver setup: ignoring JPA class transformer
2025-10-29T20:09:38.117-03:00  INFO 14904 --- [Proyecto-Venta] [main] org.hibernate.orm.connections.pooling    : HHH10001005: Database info:
	Database JDBC URL [Connecting through datasource 'HikariDataSource (HikariPool-1)']
	Database driver: undefined/unknown
	Database version: 17.6
	Autocommit mode: undefined/unknown
	Isolation level: undefined/unknown
	Minimum pool size: undefined/unknown
	Maximum pool size: undefined/unknown
2025-10-29T20:09:39.088-03:00  INFO 14904 --- [Proyecto-Venta] [main] o.h.e.t.j.p.i.JtaPlatformInitiator       : HHH000489: No JTA platform available (set 'hibernate.transaction.jta.platform' to enable JTA platform integration)
2025-10-29T20:09:39.091-03:00  INFO 14904 --- [Proyecto-Venta] [main] j.LocalContainerEntityManagerFactoryBean : Initialized JPA EntityManagerFactory for persistence unit 'default'
2025-10-29T20:09:39.438-03:00  INFO 14904 --- [Proyecto-Venta] [main] o.s.d.j.r.query.QueryEnhancerFactory     : Hibernate is in classpath; If applicable, HQL parser will be used.
2025-10-29T20:09:40.030-03:00  WARN 14904 --- [Proyecto-Venta] [main] JpaBaseConfiguration$JpaWebConfiguration : spring.jpa.open-in-view is enabled by default. Therefore, database queries may be performed during view rendering. Explicitly configure spring.jpa.open-in-view to disable this warning
2025-10-29T20:09:41.481-03:00  INFO 14904 --- [Proyecto-Venta] [main] o.s.cloud.commons.util.InetUtils         : Cannot determine local hostname
2025-10-29T20:09:42.500-03:00  INFO 14904 --- [Proyecto-Venta] [main] o.s.cloud.commons.util.InetUtils         : Cannot determine local hostname
2025-10-29T20:09:42.516-03:00  INFO 14904 --- [Proyecto-Venta] [main] DiscoveryClientOptionalArgsConfiguration : Eureka HTTP Client uses RestTemplate.
2025-10-29T20:09:42.553-03:00  WARN 14904 --- [Proyecto-Venta] [main] ConfigServletWebServerApplicationContext : Exception encountered during context initialization - cancelling refresh attempt: org.springframework.beans.factory.BeanCreationException: Error creating bean with name 'compositeCompatibilityVerifier' defined in class path resource [org/springframework/cloud/configuration/CompatibilityVerifierAutoConfiguration.class]: Failed to instantiate [org.springframework.cloud.configuration.CompositeCompatibilityVerifier]: Factory method 'compositeCompatibilityVerifier' threw exception with message: Spring Cloud/ Spring Boot version compatibility checks have failed: [[VerificationResult@41d101d4 description = 'Spring Boot [3.5.5] is not compatible with this Spring Cloud release train', action = 'Change Spring Boot version to one of the following versions [3.2.x, 3.3.x] .
You can find the latest Spring Boot versions here [https://spring.io/projects/spring-boot#learn]. 
If you want to learn more about the Spring Cloud Release train compatibility, you can visit this page [https://spring.io/projects/spring-cloud#overview] and check the [Release Trains] section.
If you want to disable this check, just set the property [spring.cloud.compatibility-verifier.enabled=false]']]
2025-10-29T20:09:42.556-03:00  INFO 14904 --- [Proyecto-Venta] [main] j.LocalContainerEntityManagerFactoryBean : Closing JPA EntityManagerFactory for persistence unit 'default'
2025-10-29T20:09:42.559-03:00  INFO 14904 --- [Proyecto-Venta] [main] com.zaxxer.hikari.HikariDataSource       : HikariPool-1 - Shutdown initiated...
2025-10-29T20:09:43.880-03:00  INFO 14904 --- [Proyecto-Venta] [main] com.zaxxer.hikari.HikariDataSource       : HikariPool-1 - Shutdown completed.
2025-10-29T20:09:43.883-03:00  INFO 14904 --- [Proyecto-Venta] [main] o.apache.catalina.core.StandardService   : Stopping service [Tomcat]
2025-10-29T20:09:43.893-03:00  INFO 14904 --- [Proyecto-Venta] [main] .s.b.a.l.ConditionEvaluationReportLogger : 

Error starting ApplicationContext. To display the condition evaluation report re-run your application with 'debug' enabled.
2025-10-29T20:09:43.908-03:00 ERROR 14904 --- [Proyecto-Venta] [main] o.s.b.d.LoggingFailureAnalysisReporter   : 

***************************
APPLICATION FAILED TO START
***************************

Description:

Your project setup is incompatible with our requirements due to following reasons:

- Spring Boot [3.5.5] is not compatible with this Spring Cloud release train


Action:

Consider applying the following actions:

- Change Spring Boot version to one of the following versions [3.2.x, 3.3.x] .
You can find the latest Spring Boot versions here [https://spring.io/projects/spring-boot#learn]. 
If you want to learn more about the Spring Cloud Release train compatibility, you can visit this page [https://spring.io/projects/spring-cloud#overview] and check the [Release Trains] section.
If you want to disable this check, just set the property [spring.cloud.compatibility-verifier.enabled=false]


2025-10-29T20:11:33.313-03:00  INFO 2888 --- [Proyecto-Venta] [main] c.d.p.ProyectoVentaApplication           : Starting ProyectoVentaApplication using Java 24 with PID 2888 (C:\Users\Usuario\IdeaProjects\Distri\SistemaWebYDistribuido\Proyecto-Venta\target\classes started by Usuario in C:\Users\Usuario\IdeaProjects\Distri\SistemaWebYDistribuido)
2025-10-29T20:11:33.315-03:00  INFO 2888 --- [Proyecto-Venta] [main] c.d.p.ProyectoVentaApplication           : No active profile set, falling back to 1 default profile: "default"
2025-10-29T20:11:34.086-03:00  INFO 2888 --- [Proyecto-Venta] [main] .s.d.r.c.RepositoryConfigurationDelegate : Bootstrapping Spring Data JPA repositories in DEFAULT mode.
2025-10-29T20:11:34.247-03:00  INFO 2888 --- [Proyecto-Venta] [main] .s.d.r.c.RepositoryConfigurationDelegate : Finished Spring Data repository scanning in 153 ms. Found 8 JPA repository interfaces.
2025-10-29T20:11:34.399-03:00  INFO 2888 --- [Proyecto-Venta] [main] o.s.cloud.context.scope.GenericScope     : BeanFactory id=22aa7d76-e3bd-3a18-8c2d-306486e2dc17
2025-10-29T20:11:34.782-03:00  INFO 2888 --- [Proyecto-Venta] [main] o.s.b.w.embedded.tomcat.TomcatWebServer  : Tomcat initialized with port 8081 (http)
2025-10-29T20:11:34.795-03:00  INFO 2888 --- [Proyecto-Venta] [main] o.apache.catalina.core.StandardService   : Starting service [Tomcat]
2025-10-29T20:11:34.796-03:00  INFO 2888 --- [Proyecto-Venta] [main] o.apache.catalina.core.StandardEngine    : Starting Servlet engine: [Apache Tomcat/10.1.44]
2025-10-29T20:11:34.858-03:00  INFO 2888 --- [Proyecto-Venta] [main] o.a.c.c.C.[Tomcat].[localhost].[/]       : Initializing Spring embedded WebApplicationContext
2025-10-29T20:11:34.859-03:00  INFO 2888 --- [Proyecto-Venta] [main] w.s.c.ServletWebServerApplicationContext : Root WebApplicationContext: initialization completed in 1504 ms
2025-10-29T20:11:34.994-03:00  INFO 2888 --- [Proyecto-Venta] [main] com.zaxxer.hikari.HikariDataSource       : HikariPool-1 - Starting...
2025-10-29T20:11:37.046-03:00  INFO 2888 --- [Proyecto-Venta] [main] com.zaxxer.hikari.pool.HikariPool        : HikariPool-1 - Added connection org.postgresql.jdbc.PgConnection@23396fc0
2025-10-29T20:11:37.047-03:00  INFO 2888 --- [Proyecto-Venta] [main] com.zaxxer.hikari.HikariDataSource       : HikariPool-1 - Start completed.
2025-10-29T20:11:38.315-03:00  INFO 2888 --- [Proyecto-Venta] [main] liquibase.database                       : Set default schema name to public
2025-10-29T20:11:39.382-03:00  INFO 2888 --- [Proyecto-Venta] [main] liquibase.changelog                      : Reading from public.databasechangelog
2025-10-29T20:11:41.391-03:00  INFO 2888 --- [Proyecto-Venta] [main] liquibase.ui                             : Database is up to date, no changesets to execute
2025-10-29T20:11:41.581-03:00  INFO 2888 --- [Proyecto-Venta] [main] liquibase.changelog                      : Reading from public.databasechangelog
2025-10-29T20:11:41.781-03:00  INFO 2888 --- [Proyecto-Venta] [main] liquibase.util                           : UPDATE SUMMARY
2025-10-29T20:11:41.781-03:00  INFO 2888 --- [Proyecto-Venta] [main] liquibase.util                           : Run:                          0
2025-10-29T20:11:41.781-03:00  INFO 2888 --- [Proyecto-Venta] [main] liquibase.util                           : Previously run:              21
2025-10-29T20:11:41.781-03:00  INFO 2888 --- [Proyecto-Venta] [main] liquibase.util                           : Filtered out:                 0
2025-10-29T20:11:41.781-03:00  INFO 2888 --- [Proyecto-Venta] [main] liquibase.util                           : -------------------------------
2025-10-29T20:11:41.781-03:00  INFO 2888 --- [Proyecto-Venta] [main] liquibase.util                           : Total change sets:           21
2025-10-29T20:11:41.781-03:00  INFO 2888 --- [Proyecto-Venta] [main] liquibase.util                           : Update summary generated
2025-10-29T20:11:41.782-03:00  INFO 2888 --- [Proyecto-Venta] [main] liquibase.command                        : Command execution complete
2025-10-29T20:11:43.484-03:00  INFO 2888 --- [Proyecto-Venta] [main] o.hibernate.jpa.internal.util.LogHelper  : HHH000204: Processing PersistenceUnitInfo [name: default]
2025-10-29T20:11:43.531-03:00  INFO 2888 --- [Proyecto-Venta] [main] org.hibernate.Version                    : HHH000412: Hibernate ORM core version 6.6.26.Final
2025-10-29T20:11:43.562-03:00  INFO 2888 --- [Proyecto-Venta] [main] o.h.c.internal.RegionFactoryInitiator    : HHH000026: Second-level cache disabled
2025-10-29T20:11:43.821-03:00  INFO 2888 --- [Proyecto-Venta] [main] o.s.o.j.p.SpringPersistenceUnitInfo      : No LoadTimeWeaver setup: ignoring JPA class transformer
2025-10-29T20:11:44.465-03:00  INFO 2888 --- [Proyecto-Venta] [main] org.hibernate.orm.connections.pooling    : HHH10001005: Database info:
	Database JDBC URL [Connecting through datasource 'HikariDataSource (HikariPool-1)']
	Database driver: undefined/unknown
	Database version: 17.6
	Autocommit mode: undefined/unknown
	Isolation level: undefined/unknown
	Minimum pool size: undefined/unknown
	Maximum pool size: undefined/unknown
2025-10-29T20:11:45.466-03:00  INFO 2888 --- [Proyecto-Venta] [main] o.h.e.t.j.p.i.JtaPlatformInitiator       : HHH000489: No JTA platform available (set 'hibernate.transaction.jta.platform' to enable JTA platform integration)
2025-10-29T20:11:45.469-03:00  INFO 2888 --- [Proyecto-Venta] [main] j.LocalContainerEntityManagerFactoryBean : Initialized JPA EntityManagerFactory for persistence unit 'default'
2025-10-29T20:11:45.817-03:00  INFO 2888 --- [Proyecto-Venta] [main] o.s.d.j.r.query.QueryEnhancerFactory     : Hibernate is in classpath; If applicable, HQL parser will be used.
2025-10-29T20:11:46.414-03:00  WARN 2888 --- [Proyecto-Venta] [main] JpaBaseConfiguration$JpaWebConfiguration : spring.jpa.open-in-view is enabled by default. Therefore, database queries may be performed during view rendering. Explicitly configure spring.jpa.open-in-view to disable this warning
2025-10-29T20:11:47.866-03:00  INFO 2888 --- [Proyecto-Venta] [main] o.s.cloud.commons.util.InetUtils         : Cannot determine local hostname
2025-10-29T20:11:48.884-03:00  INFO 2888 --- [Proyecto-Venta] [main] o.s.cloud.commons.util.InetUtils         : Cannot determine local hostname
2025-10-29T20:11:48.899-03:00  INFO 2888 --- [Proyecto-Venta] [main] DiscoveryClientOptionalArgsConfiguration : Eureka HTTP Client uses RestTemplate.
2025-10-29T20:11:48.927-03:00  WARN 2888 --- [Proyecto-Venta] [main] ConfigServletWebServerApplicationContext : Exception encountered during context initialization - cancelling refresh attempt: org.springframework.beans.factory.BeanCreationException: Error creating bean with name 'compositeCompatibilityVerifier' defined in class path resource [org/springframework/cloud/configuration/CompatibilityVerifierAutoConfiguration.class]: Failed to instantiate [org.springframework.cloud.configuration.CompositeCompatibilityVerifier]: Factory method 'compositeCompatibilityVerifier' threw exception with message: Spring Cloud/ Spring Boot version compatibility checks have failed: [[VerificationResult@1c584c7f description = 'Spring Boot [3.5.5] is not compatible with this Spring Cloud release train', action = 'Change Spring Boot version to one of the following versions [3.2.x, 3.3.x] .
You can find the latest Spring Boot versions here [https://spring.io/projects/spring-boot#learn]. 
If you want to learn more about the Spring Cloud Release train compatibility, you can visit this page [https://spring.io/projects/spring-cloud#overview] and check the [Release Trains] section.
If you want to disable this check, just set the property [spring.cloud.compatibility-verifier.enabled=false]']]
2025-10-29T20:11:48.929-03:00  INFO 2888 --- [Proyecto-Venta] [main] j.LocalContainerEntityManagerFactoryBean : Closing JPA EntityManagerFactory for persistence unit 'default'
2025-10-29T20:11:48.931-03:00  INFO 2888 --- [Proyecto-Venta] [main] com.zaxxer.hikari.HikariDataSource       : HikariPool-1 - Shutdown initiated...
2025-10-29T20:11:50.279-03:00  INFO 2888 --- [Proyecto-Venta] [main] com.zaxxer.hikari.HikariDataSource       : HikariPool-1 - Shutdown completed.
2025-10-29T20:11:50.280-03:00  INFO 2888 --- [Proyecto-Venta] [main] o.apache.catalina.core.StandardService   : Stopping service [Tomcat]
2025-10-29T20:11:50.290-03:00  INFO 2888 --- [Proyecto-Venta] [main] .s.b.a.l.ConditionEvaluationReportLogger : 

Error starting ApplicationContext. To display the condition evaluation report re-run your application with 'debug' enabled.
2025-10-29T20:11:50.304-03:00 ERROR 2888 --- [Proyecto-Venta] [main] o.s.b.d.LoggingFailureAnalysisReporter   : 

***************************
APPLICATION FAILED TO START
***************************

Description:

Your project setup is incompatible with our requirements due to following reasons:

- Spring Boot [3.5.5] is not compatible with this Spring Cloud release train


Action:

Consider applying the following actions:

- Change Spring Boot version to one of the following versions [3.2.x, 3.3.x] .
You can find the latest Spring Boot versions here [https://spring.io/projects/spring-boot#learn]. 
If you want to learn more about the Spring Cloud Release train compatibility, you can visit this page [https://spring.io/projects/spring-cloud#overview] and check the [Release Trains] section.
If you want to disable this check, just set the property [spring.cloud.compatibility-verifier.enabled=false]


2025-10-29T20:14:40.214-03:00  INFO 15332 --- [Proyecto-Venta] [main] c.d.p.ProyectoVentaApplication           : Starting ProyectoVentaApplication using Java 24 with PID 15332 (C:\Users\Usuario\IdeaProjects\Distri\SistemaWebYDistribuido\Proyecto-Venta\target\classes started by Usuario in C:\Users\Usuario\IdeaProjects\Distri\SistemaWebYDistribuido)
2025-10-29T20:14:40.216-03:00  INFO 15332 --- [Proyecto-Venta] [main] c.d.p.ProyectoVentaApplication           : No active profile set, falling back to 1 default profile: "default"
2025-10-29T20:14:40.988-03:00  INFO 15332 --- [Proyecto-Venta] [main] .s.d.r.c.RepositoryConfigurationDelegate : Bootstrapping Spring Data JPA repositories in DEFAULT mode.
2025-10-29T20:14:41.152-03:00  INFO 15332 --- [Proyecto-Venta] [main] .s.d.r.c.RepositoryConfigurationDelegate : Finished Spring Data repository scanning in 156 ms. Found 8 JPA repository interfaces.
2025-10-29T20:14:41.300-03:00  INFO 15332 --- [Proyecto-Venta] [main] o.s.cloud.context.scope.GenericScope     : BeanFactory id=22aa7d76-e3bd-3a18-8c2d-306486e2dc17
2025-10-29T20:14:41.631-03:00  INFO 15332 --- [Proyecto-Venta] [main] o.s.b.w.embedded.tomcat.TomcatWebServer  : Tomcat initialized with port 8081 (http)
2025-10-29T20:14:41.645-03:00  INFO 15332 --- [Proyecto-Venta] [main] o.apache.catalina.core.StandardService   : Starting service [Tomcat]
2025-10-29T20:14:41.646-03:00  INFO 15332 --- [Proyecto-Venta] [main] o.apache.catalina.core.StandardEngine    : Starting Servlet engine: [Apache Tomcat/10.1.44]
2025-10-29T20:14:41.714-03:00  INFO 15332 --- [Proyecto-Venta] [main] o.a.c.c.C.[Tomcat].[localhost].[/]       : Initializing Spring embedded WebApplicationContext
2025-10-29T20:14:41.714-03:00  INFO 15332 --- [Proyecto-Venta] [main] w.s.c.ServletWebServerApplicationContext : Root WebApplicationContext: initialization completed in 1459 ms
2025-10-29T20:14:41.858-03:00  INFO 15332 --- [Proyecto-Venta] [main] com.zaxxer.hikari.HikariDataSource       : HikariPool-1 - Starting...
2025-10-29T20:14:43.908-03:00  INFO 15332 --- [Proyecto-Venta] [main] com.zaxxer.hikari.pool.HikariPool        : HikariPool-1 - Added connection org.postgresql.jdbc.PgConnection@65e620b0
2025-10-29T20:14:43.910-03:00  INFO 15332 --- [Proyecto-Venta] [main] com.zaxxer.hikari.HikariDataSource       : HikariPool-1 - Start completed.
2025-10-29T20:14:45.201-03:00  INFO 15332 --- [Proyecto-Venta] [main] liquibase.database                       : Set default schema name to public
2025-10-29T20:14:46.321-03:00  INFO 15332 --- [Proyecto-Venta] [main] liquibase.changelog                      : Reading from public.databasechangelog
2025-10-29T20:14:48.323-03:00  INFO 15332 --- [Proyecto-Venta] [main] liquibase.ui                             : Database is up to date, no changesets to execute
2025-10-29T20:14:48.506-03:00  INFO 15332 --- [Proyecto-Venta] [main] liquibase.changelog                      : Reading from public.databasechangelog
2025-10-29T20:14:48.710-03:00  INFO 15332 --- [Proyecto-Venta] [main] liquibase.util                           : UPDATE SUMMARY
2025-10-29T20:14:48.710-03:00  INFO 15332 --- [Proyecto-Venta] [main] liquibase.util                           : Run:                          0
2025-10-29T20:14:48.710-03:00  INFO 15332 --- [Proyecto-Venta] [main] liquibase.util                           : Previously run:              21
2025-10-29T20:14:48.710-03:00  INFO 15332 --- [Proyecto-Venta] [main] liquibase.util                           : Filtered out:                 0
2025-10-29T20:14:48.710-03:00  INFO 15332 --- [Proyecto-Venta] [main] liquibase.util                           : -------------------------------
2025-10-29T20:14:48.710-03:00  INFO 15332 --- [Proyecto-Venta] [main] liquibase.util                           : Total change sets:           21
2025-10-29T20:14:48.711-03:00  INFO 15332 --- [Proyecto-Venta] [main] liquibase.util                           : Update summary generated
2025-10-29T20:14:48.712-03:00  INFO 15332 --- [Proyecto-Venta] [main] liquibase.command                        : Command execution complete
2025-10-29T20:14:50.375-03:00  INFO 15332 --- [Proyecto-Venta] [main] o.hibernate.jpa.internal.util.LogHelper  : HHH000204: Processing PersistenceUnitInfo [name: default]
2025-10-29T20:14:50.422-03:00  INFO 15332 --- [Proyecto-Venta] [main] org.hibernate.Version                    : HHH000412: Hibernate ORM core version 6.6.26.Final
2025-10-29T20:14:50.454-03:00  INFO 15332 --- [Proyecto-Venta] [main] o.h.c.internal.RegionFactoryInitiator    : HHH000026: Second-level cache disabled
2025-10-29T20:14:50.723-03:00  INFO 15332 --- [Proyecto-Venta] [main] o.s.o.j.p.SpringPersistenceUnitInfo      : No LoadTimeWeaver setup: ignoring JPA class transformer
2025-10-29T20:14:51.349-03:00  INFO 15332 --- [Proyecto-Venta] [main] org.hibernate.orm.connections.pooling    : HHH10001005: Database info:
	Database JDBC URL [Connecting through datasource 'HikariDataSource (HikariPool-1)']
	Database driver: undefined/unknown
	Database version: 17.6
	Autocommit mode: undefined/unknown
	Isolation level: undefined/unknown
	Minimum pool size: undefined/unknown
	Maximum pool size: undefined/unknown
2025-10-29T20:14:52.314-03:00  INFO 15332 --- [Proyecto-Venta] [main] o.h.e.t.j.p.i.JtaPlatformInitiator       : HHH000489: No JTA platform available (set 'hibernate.transaction.jta.platform' to enable JTA platform integration)
2025-10-29T20:14:52.317-03:00  INFO 15332 --- [Proyecto-Venta] [main] j.LocalContainerEntityManagerFactoryBean : Initialized JPA EntityManagerFactory for persistence unit 'default'
2025-10-29T20:14:52.671-03:00  INFO 15332 --- [Proyecto-Venta] [main] o.s.d.j.r.query.QueryEnhancerFactory     : Hibernate is in classpath; If applicable, HQL parser will be used.
2025-10-29T20:14:53.261-03:00  WARN 15332 --- [Proyecto-Venta] [main] JpaBaseConfiguration$JpaWebConfiguration : spring.jpa.open-in-view is enabled by default. Therefore, database queries may be performed during view rendering. Explicitly configure spring.jpa.open-in-view to disable this warning
2025-10-29T20:14:54.716-03:00  INFO 15332 --- [Proyecto-Venta] [main] o.s.cloud.commons.util.InetUtils         : Cannot determine local hostname
2025-10-29T20:14:55.739-03:00  INFO 15332 --- [Proyecto-Venta] [main] o.s.cloud.commons.util.InetUtils         : Cannot determine local hostname
2025-10-29T20:14:55.755-03:00  INFO 15332 --- [Proyecto-Venta] [main] DiscoveryClientOptionalArgsConfiguration : Eureka HTTP Client uses RestTemplate.
2025-10-29T20:14:55.783-03:00  WARN 15332 --- [Proyecto-Venta] [main] ConfigServletWebServerApplicationContext : Exception encountered during context initialization - cancelling refresh attempt: org.springframework.beans.factory.BeanCreationException: Error creating bean with name 'compositeCompatibilityVerifier' defined in class path resource [org/springframework/cloud/configuration/CompatibilityVerifierAutoConfiguration.class]: Failed to instantiate [org.springframework.cloud.configuration.CompositeCompatibilityVerifier]: Factory method 'compositeCompatibilityVerifier' threw exception with message: Spring Cloud/ Spring Boot version compatibility checks have failed: [[VerificationResult@18b9acd1 description = 'Spring Boot [3.5.5] is not compatible with this Spring Cloud release train', action = 'Change Spring Boot version to one of the following versions [3.2.x, 3.3.x] .
You can find the latest Spring Boot versions here [https://spring.io/projects/spring-boot#learn]. 
If you want to learn more about the Spring Cloud Release train compatibility, you can visit this page [https://spring.io/projects/spring-cloud#overview] and check the [Release Trains] section.
If you want to disable this check, just set the property [spring.cloud.compatibility-verifier.enabled=false]']]
2025-10-29T20:14:55.786-03:00  INFO 15332 --- [Proyecto-Venta] [main] j.LocalContainerEntityManagerFactoryBean : Closing JPA EntityManagerFactory for persistence unit 'default'
2025-10-29T20:14:55.788-03:00  INFO 15332 --- [Proyecto-Venta] [main] com.zaxxer.hikari.HikariDataSource       : HikariPool-1 - Shutdown initiated...
2025-10-29T20:14:57.123-03:00  INFO 15332 --- [Proyecto-Venta] [main] com.zaxxer.hikari.HikariDataSource       : HikariPool-1 - Shutdown completed.
2025-10-29T20:14:57.125-03:00  INFO 15332 --- [Proyecto-Venta] [main] o.apache.catalina.core.StandardService   : Stopping service [Tomcat]
2025-10-29T20:14:57.134-03:00  INFO 15332 --- [Proyecto-Venta] [main] .s.b.a.l.ConditionEvaluationReportLogger : 

Error starting ApplicationContext. To display the condition evaluation report re-run your application with 'debug' enabled.
2025-10-29T20:14:57.150-03:00 ERROR 15332 --- [Proyecto-Venta] [main] o.s.b.d.LoggingFailureAnalysisReporter   : 

***************************
APPLICATION FAILED TO START
***************************

Description:

Your project setup is incompatible with our requirements due to following reasons:

- Spring Boot [3.5.5] is not compatible with this Spring Cloud release train


Action:

Consider applying the following actions:

- Change Spring Boot version to one of the following versions [3.2.x, 3.3.x] .
You can find the latest Spring Boot versions here [https://spring.io/projects/spring-boot#learn]. 
If you want to learn more about the Spring Cloud Release train compatibility, you can visit this page [https://spring.io/projects/spring-cloud#overview] and check the [Release Trains] section.
If you want to disable this check, just set the property [spring.cloud.compatibility-verifier.enabled=false]


2025-10-29T20:19:54.785-03:00  INFO 4004 --- [Proyecto-Venta] [main] c.d.p.ProyectoVentaApplication           : Starting ProyectoVentaApplication using Java 24 with PID 4004 (C:\Users\Usuario\IdeaProjects\Distri\SistemaWebYDistribuido\Proyecto-Venta\target\classes started by Usuario in C:\Users\Usuario\IdeaProjects\Distri\SistemaWebYDistribuido)
2025-10-29T20:19:54.787-03:00  INFO 4004 --- [Proyecto-Venta] [main] c.d.p.ProyectoVentaApplication           : No active profile set, falling back to 1 default profile: "default"
2025-10-29T20:19:55.553-03:00  INFO 4004 --- [Proyecto-Venta] [main] .s.d.r.c.RepositoryConfigurationDelegate : Bootstrapping Spring Data JPA repositories in DEFAULT mode.
2025-10-29T20:19:55.718-03:00  INFO 4004 --- [Proyecto-Venta] [main] .s.d.r.c.RepositoryConfigurationDelegate : Finished Spring Data repository scanning in 157 ms. Found 8 JPA repository interfaces.
2025-10-29T20:19:55.860-03:00  INFO 4004 --- [Proyecto-Venta] [main] o.s.cloud.context.scope.GenericScope     : BeanFactory id=22aa7d76-e3bd-3a18-8c2d-306486e2dc17
2025-10-29T20:19:56.189-03:00  INFO 4004 --- [Proyecto-Venta] [main] o.s.b.w.embedded.tomcat.TomcatWebServer  : Tomcat initialized with port 8081 (http)
2025-10-29T20:19:56.202-03:00  INFO 4004 --- [Proyecto-Venta] [main] o.apache.catalina.core.StandardService   : Starting service [Tomcat]
2025-10-29T20:19:56.202-03:00  INFO 4004 --- [Proyecto-Venta] [main] o.apache.catalina.core.StandardEngine    : Starting Servlet engine: [Apache Tomcat/10.1.44]
2025-10-29T20:19:56.290-03:00  INFO 4004 --- [Proyecto-Venta] [main] o.a.c.c.C.[Tomcat].[localhost].[/]       : Initializing Spring embedded WebApplicationContext
2025-10-29T20:19:56.290-03:00  INFO 4004 --- [Proyecto-Venta] [main] w.s.c.ServletWebServerApplicationContext : Root WebApplicationContext: initialization completed in 1467 ms
2025-10-29T20:19:56.439-03:00  INFO 4004 --- [Proyecto-Venta] [main] com.zaxxer.hikari.HikariDataSource       : HikariPool-1 - Starting...
2025-10-29T20:19:58.502-03:00  INFO 4004 --- [Proyecto-Venta] [main] com.zaxxer.hikari.pool.HikariPool        : HikariPool-1 - Added connection org.postgresql.jdbc.PgConnection@12c76d6e
2025-10-29T20:19:58.504-03:00  INFO 4004 --- [Proyecto-Venta] [main] com.zaxxer.hikari.HikariDataSource       : HikariPool-1 - Start completed.
2025-10-29T20:19:59.775-03:00  INFO 4004 --- [Proyecto-Venta] [main] liquibase.database                       : Set default schema name to public
2025-10-29T20:20:00.855-03:00  INFO 4004 --- [Proyecto-Venta] [main] liquibase.changelog                      : Reading from public.databasechangelog
2025-10-29T20:20:02.920-03:00  INFO 4004 --- [Proyecto-Venta] [main] liquibase.ui                             : Database is up to date, no changesets to execute
2025-10-29T20:20:03.110-03:00  INFO 4004 --- [Proyecto-Venta] [main] liquibase.changelog                      : Reading from public.databasechangelog
2025-10-29T20:20:03.311-03:00  INFO 4004 --- [Proyecto-Venta] [main] liquibase.util                           : UPDATE SUMMARY
2025-10-29T20:20:03.311-03:00  INFO 4004 --- [Proyecto-Venta] [main] liquibase.util                           : Run:                          0
2025-10-29T20:20:03.311-03:00  INFO 4004 --- [Proyecto-Venta] [main] liquibase.util                           : Previously run:              21
2025-10-29T20:20:03.311-03:00  INFO 4004 --- [Proyecto-Venta] [main] liquibase.util                           : Filtered out:                 0
2025-10-29T20:20:03.311-03:00  INFO 4004 --- [Proyecto-Venta] [main] liquibase.util                           : -------------------------------
2025-10-29T20:20:03.311-03:00  INFO 4004 --- [Proyecto-Venta] [main] liquibase.util                           : Total change sets:           21
2025-10-29T20:20:03.312-03:00  INFO 4004 --- [Proyecto-Venta] [main] liquibase.util                           : Update summary generated
2025-10-29T20:20:03.313-03:00  INFO 4004 --- [Proyecto-Venta] [main] liquibase.command                        : Command execution complete
2025-10-29T20:20:05.047-03:00  INFO 4004 --- [Proyecto-Venta] [main] o.hibernate.jpa.internal.util.LogHelper  : HHH000204: Processing PersistenceUnitInfo [name: default]
2025-10-29T20:20:05.095-03:00  INFO 4004 --- [Proyecto-Venta] [main] org.hibernate.Version                    : HHH000412: Hibernate ORM core version 6.6.26.Final
2025-10-29T20:20:05.126-03:00  INFO 4004 --- [Proyecto-Venta] [main] o.h.c.internal.RegionFactoryInitiator    : HHH000026: Second-level cache disabled
2025-10-29T20:20:05.392-03:00  INFO 4004 --- [Proyecto-Venta] [main] o.s.o.j.p.SpringPersistenceUnitInfo      : No LoadTimeWeaver setup: ignoring JPA class transformer
2025-10-29T20:20:06.045-03:00  INFO 4004 --- [Proyecto-Venta] [main] org.hibernate.orm.connections.pooling    : HHH10001005: Database info:
	Database JDBC URL [Connecting through datasource 'HikariDataSource (HikariPool-1)']
	Database driver: undefined/unknown
	Database version: 17.6
	Autocommit mode: undefined/unknown
	Isolation level: undefined/unknown
	Minimum pool size: undefined/unknown
	Maximum pool size: undefined/unknown
2025-10-29T20:20:07.011-03:00  INFO 4004 --- [Proyecto-Venta] [main] o.h.e.t.j.p.i.JtaPlatformInitiator       : HHH000489: No JTA platform available (set 'hibernate.transaction.jta.platform' to enable JTA platform integration)
2025-10-29T20:20:07.014-03:00  INFO 4004 --- [Proyecto-Venta] [main] j.LocalContainerEntityManagerFactoryBean : Initialized JPA EntityManagerFactory for persistence unit 'default'
2025-10-29T20:20:07.361-03:00  INFO 4004 --- [Proyecto-Venta] [main] o.s.d.j.r.query.QueryEnhancerFactory     : Hibernate is in classpath; If applicable, HQL parser will be used.
2025-10-29T20:20:07.952-03:00  WARN 4004 --- [Proyecto-Venta] [main] JpaBaseConfiguration$JpaWebConfiguration : spring.jpa.open-in-view is enabled by default. Therefore, database queries may be performed during view rendering. Explicitly configure spring.jpa.open-in-view to disable this warning
2025-10-29T20:20:09.418-03:00  INFO 4004 --- [Proyecto-Venta] [main] o.s.cloud.commons.util.InetUtils         : Cannot determine local hostname
2025-10-29T20:20:10.438-03:00  INFO 4004 --- [Proyecto-Venta] [main] o.s.cloud.commons.util.InetUtils         : Cannot determine local hostname
2025-10-29T20:20:10.453-03:00  INFO 4004 --- [Proyecto-Venta] [main] DiscoveryClientOptionalArgsConfiguration : Eureka HTTP Client uses RestTemplate.
2025-10-29T20:20:10.481-03:00  WARN 4004 --- [Proyecto-Venta] [main] ConfigServletWebServerApplicationContext : Exception encountered during context initialization - cancelling refresh attempt: org.springframework.beans.factory.BeanCreationException: Error creating bean with name 'compositeCompatibilityVerifier' defined in class path resource [org/springframework/cloud/configuration/CompatibilityVerifierAutoConfiguration.class]: Failed to instantiate [org.springframework.cloud.configuration.CompositeCompatibilityVerifier]: Factory method 'compositeCompatibilityVerifier' threw exception with message: Spring Cloud/ Spring Boot version compatibility checks have failed: [[VerificationResult@86126ad description = 'Spring Boot [3.5.5] is not compatible with this Spring Cloud release train', action = 'Change Spring Boot version to one of the following versions [3.2.x, 3.3.x] .
You can find the latest Spring Boot versions here [https://spring.io/projects/spring-boot#learn]. 
If you want to learn more about the Spring Cloud Release train compatibility, you can visit this page [https://spring.io/projects/spring-cloud#overview] and check the [Release Trains] section.
If you want to disable this check, just set the property [spring.cloud.compatibility-verifier.enabled=false]']]
2025-10-29T20:20:10.489-03:00  INFO 4004 --- [Proyecto-Venta] [main] j.LocalContainerEntityManagerFactoryBean : Closing JPA EntityManagerFactory for persistence unit 'default'
2025-10-29T20:20:10.492-03:00  INFO 4004 --- [Proyecto-Venta] [main] com.zaxxer.hikari.HikariDataSource       : HikariPool-1 - Shutdown initiated...
2025-10-29T20:20:11.825-03:00  INFO 4004 --- [Proyecto-Venta] [main] com.zaxxer.hikari.HikariDataSource       : HikariPool-1 - Shutdown completed.
2025-10-29T20:20:11.827-03:00  INFO 4004 --- [Proyecto-Venta] [main] o.apache.catalina.core.StandardService   : Stopping service [Tomcat]
2025-10-29T20:20:11.837-03:00  INFO 4004 --- [Proyecto-Venta] [main] .s.b.a.l.ConditionEvaluationReportLogger : 

Error starting ApplicationContext. To display the condition evaluation report re-run your application with 'debug' enabled.
2025-10-29T20:20:11.851-03:00 ERROR 4004 --- [Proyecto-Venta] [main] o.s.b.d.LoggingFailureAnalysisReporter   : 

***************************
APPLICATION FAILED TO START
***************************

Description:

Your project setup is incompatible with our requirements due to following reasons:

- Spring Boot [3.5.5] is not compatible with this Spring Cloud release train


Action:

Consider applying the following actions:

- Change Spring Boot version to one of the following versions [3.2.x, 3.3.x] .
You can find the latest Spring Boot versions here [https://spring.io/projects/spring-boot#learn]. 
If you want to learn more about the Spring Cloud Release train compatibility, you can visit this page [https://spring.io/projects/spring-cloud#overview] and check the [Release Trains] section.
If you want to disable this check, just set the property [spring.cloud.compatibility-verifier.enabled=false]


2025-10-29T20:23:54.450-03:00  INFO 9516 --- [Proyecto-Venta] [main] c.d.p.ProyectoVentaApplication           : Starting ProyectoVentaApplication using Java 24 with PID 9516 (C:\Users\Usuario\IdeaProjects\Distri\SistemaWebYDistribuido\Proyecto-Venta\target\classes started by Usuario in C:\Users\Usuario\IdeaProjects\Distri\SistemaWebYDistribuido)
2025-10-29T20:23:54.452-03:00  INFO 9516 --- [Proyecto-Venta] [main] c.d.p.ProyectoVentaApplication           : No active profile set, falling back to 1 default profile: "default"
2025-10-29T20:23:55.217-03:00  INFO 9516 --- [Proyecto-Venta] [main] .s.d.r.c.RepositoryConfigurationDelegate : Bootstrapping Spring Data JPA repositories in DEFAULT mode.
2025-10-29T20:23:55.385-03:00  INFO 9516 --- [Proyecto-Venta] [main] .s.d.r.c.RepositoryConfigurationDelegate : Finished Spring Data repository scanning in 157 ms. Found 8 JPA repository interfaces.
2025-10-29T20:23:55.530-03:00  INFO 9516 --- [Proyecto-Venta] [main] o.s.cloud.context.scope.GenericScope     : BeanFactory id=22aa7d76-e3bd-3a18-8c2d-306486e2dc17
2025-10-29T20:23:55.858-03:00  INFO 9516 --- [Proyecto-Venta] [main] o.s.b.w.embedded.tomcat.TomcatWebServer  : Tomcat initialized with port 8081 (http)
2025-10-29T20:23:55.871-03:00  INFO 9516 --- [Proyecto-Venta] [main] o.apache.catalina.core.StandardService   : Starting service [Tomcat]
2025-10-29T20:23:55.871-03:00  INFO 9516 --- [Proyecto-Venta] [main] o.apache.catalina.core.StandardEngine    : Starting Servlet engine: [Apache Tomcat/10.1.44]
2025-10-29T20:23:55.936-03:00  INFO 9516 --- [Proyecto-Venta] [main] o.a.c.c.C.[Tomcat].[localhost].[/]       : Initializing Spring embedded WebApplicationContext
2025-10-29T20:23:55.936-03:00  INFO 9516 --- [Proyecto-Venta] [main] w.s.c.ServletWebServerApplicationContext : Root WebApplicationContext: initialization completed in 1443 ms
2025-10-29T20:23:56.080-03:00  INFO 9516 --- [Proyecto-Venta] [main] com.zaxxer.hikari.HikariDataSource       : HikariPool-1 - Starting...
2025-10-29T20:23:58.181-03:00  INFO 9516 --- [Proyecto-Venta] [main] com.zaxxer.hikari.pool.HikariPool        : HikariPool-1 - Added connection org.postgresql.jdbc.PgConnection@8bc0696
2025-10-29T20:23:58.183-03:00  INFO 9516 --- [Proyecto-Venta] [main] com.zaxxer.hikari.HikariDataSource       : HikariPool-1 - Start completed.
2025-10-29T20:23:59.454-03:00  INFO 9516 --- [Proyecto-Venta] [main] liquibase.database                       : Set default schema name to public
2025-10-29T20:24:00.542-03:00  INFO 9516 --- [Proyecto-Venta] [main] liquibase.changelog                      : Reading from public.databasechangelog
2025-10-29T20:24:02.578-03:00  INFO 9516 --- [Proyecto-Venta] [main] liquibase.ui                             : Database is up to date, no changesets to execute
2025-10-29T20:24:02.776-03:00  INFO 9516 --- [Proyecto-Venta] [main] liquibase.changelog                      : Reading from public.databasechangelog
2025-10-29T20:24:02.990-03:00  INFO 9516 --- [Proyecto-Venta] [main] liquibase.util                           : UPDATE SUMMARY
2025-10-29T20:24:02.990-03:00  INFO 9516 --- [Proyecto-Venta] [main] liquibase.util                           : Run:                          0
2025-10-29T20:24:02.990-03:00  INFO 9516 --- [Proyecto-Venta] [main] liquibase.util                           : Previously run:              21
2025-10-29T20:24:02.990-03:00  INFO 9516 --- [Proyecto-Venta] [main] liquibase.util                           : Filtered out:                 0
2025-10-29T20:24:02.991-03:00  INFO 9516 --- [Proyecto-Venta] [main] liquibase.util                           : -------------------------------
2025-10-29T20:24:02.991-03:00  INFO 9516 --- [Proyecto-Venta] [main] liquibase.util                           : Total change sets:           21
2025-10-29T20:24:02.991-03:00  INFO 9516 --- [Proyecto-Venta] [main] liquibase.util                           : Update summary generated
2025-10-29T20:24:02.992-03:00  INFO 9516 --- [Proyecto-Venta] [main] liquibase.command                        : Command execution complete
2025-10-29T20:24:04.672-03:00  INFO 9516 --- [Proyecto-Venta] [main] o.hibernate.jpa.internal.util.LogHelper  : HHH000204: Processing PersistenceUnitInfo [name: default]
2025-10-29T20:24:04.719-03:00  INFO 9516 --- [Proyecto-Venta] [main] org.hibernate.Version                    : HHH000412: Hibernate ORM core version 6.6.26.Final
2025-10-29T20:24:04.751-03:00  INFO 9516 --- [Proyecto-Venta] [main] o.h.c.internal.RegionFactoryInitiator    : HHH000026: Second-level cache disabled
2025-10-29T20:24:05.020-03:00  INFO 9516 --- [Proyecto-Venta] [main] o.s.o.j.p.SpringPersistenceUnitInfo      : No LoadTimeWeaver setup: ignoring JPA class transformer
2025-10-29T20:24:05.652-03:00  INFO 9516 --- [Proyecto-Venta] [main] org.hibernate.orm.connections.pooling    : HHH10001005: Database info:
	Database JDBC URL [Connecting through datasource 'HikariDataSource (HikariPool-1)']
	Database driver: undefined/unknown
	Database version: 17.6
	Autocommit mode: undefined/unknown
	Isolation level: undefined/unknown
	Minimum pool size: undefined/unknown
	Maximum pool size: undefined/unknown
2025-10-29T20:24:06.615-03:00  INFO 9516 --- [Proyecto-Venta] [main] o.h.e.t.j.p.i.JtaPlatformInitiator       : HHH000489: No JTA platform available (set 'hibernate.transaction.jta.platform' to enable JTA platform integration)
2025-10-29T20:24:06.618-03:00  INFO 9516 --- [Proyecto-Venta] [main] j.LocalContainerEntityManagerFactoryBean : Initialized JPA EntityManagerFactory for persistence unit 'default'
2025-10-29T20:24:06.961-03:00  INFO 9516 --- [Proyecto-Venta] [main] o.s.d.j.r.query.QueryEnhancerFactory     : Hibernate is in classpath; If applicable, HQL parser will be used.
2025-10-29T20:24:07.551-03:00  WARN 9516 --- [Proyecto-Venta] [main] JpaBaseConfiguration$JpaWebConfiguration : spring.jpa.open-in-view is enabled by default. Therefore, database queries may be performed during view rendering. Explicitly configure spring.jpa.open-in-view to disable this warning
2025-10-29T20:24:09.011-03:00  INFO 9516 --- [Proyecto-Venta] [main] o.s.cloud.commons.util.InetUtils         : Cannot determine local hostname
2025-10-29T20:24:10.032-03:00  INFO 9516 --- [Proyecto-Venta] [main] o.s.cloud.commons.util.InetUtils         : Cannot determine local hostname
2025-10-29T20:24:10.055-03:00  INFO 9516 --- [Proyecto-Venta] [main] DiscoveryClientOptionalArgsConfiguration : Eureka HTTP Client uses RestTemplate.
2025-10-29T20:24:10.092-03:00  WARN 9516 --- [Proyecto-Venta] [main] ConfigServletWebServerApplicationContext : Exception encountered during context initialization - cancelling refresh attempt: org.springframework.beans.factory.BeanCreationException: Error creating bean with name 'compositeCompatibilityVerifier' defined in class path resource [org/springframework/cloud/configuration/CompatibilityVerifierAutoConfiguration.class]: Failed to instantiate [org.springframework.cloud.configuration.CompositeCompatibilityVerifier]: Factory method 'compositeCompatibilityVerifier' threw exception with message: Spring Cloud/ Spring Boot version compatibility checks have failed: [[VerificationResult@6d8948b2 description = 'Spring Boot [3.5.5] is not compatible with this Spring Cloud release train', action = 'Change Spring Boot version to one of the following versions [3.2.x, 3.3.x] .
You can find the latest Spring Boot versions here [https://spring.io/projects/spring-boot#learn]. 
If you want to learn more about the Spring Cloud Release train compatibility, you can visit this page [https://spring.io/projects/spring-cloud#overview] and check the [Release Trains] section.
If you want to disable this check, just set the property [spring.cloud.compatibility-verifier.enabled=false]']]
2025-10-29T20:24:10.095-03:00  INFO 9516 --- [Proyecto-Venta] [main] j.LocalContainerEntityManagerFactoryBean : Closing JPA EntityManagerFactory for persistence unit 'default'
2025-10-29T20:24:10.098-03:00  INFO 9516 --- [Proyecto-Venta] [main] com.zaxxer.hikari.HikariDataSource       : HikariPool-1 - Shutdown initiated...
2025-10-29T20:24:12.020-03:00  INFO 9516 --- [Proyecto-Venta] [main] com.zaxxer.hikari.HikariDataSource       : HikariPool-1 - Shutdown completed.
2025-10-29T20:24:12.023-03:00  INFO 9516 --- [Proyecto-Venta] [main] o.apache.catalina.core.StandardService   : Stopping service [Tomcat]
2025-10-29T20:24:12.032-03:00  INFO 9516 --- [Proyecto-Venta] [main] .s.b.a.l.ConditionEvaluationReportLogger : 

Error starting ApplicationContext. To display the condition evaluation report re-run your application with 'debug' enabled.
2025-10-29T20:24:12.048-03:00 ERROR 9516 --- [Proyecto-Venta] [main] o.s.b.d.LoggingFailureAnalysisReporter   : 

***************************
APPLICATION FAILED TO START
***************************

Description:

Your project setup is incompatible with our requirements due to following reasons:

- Spring Boot [3.5.5] is not compatible with this Spring Cloud release train


Action:

Consider applying the following actions:

- Change Spring Boot version to one of the following versions [3.2.x, 3.3.x] .
You can find the latest Spring Boot versions here [https://spring.io/projects/spring-boot#learn]. 
If you want to learn more about the Spring Cloud Release train compatibility, you can visit this page [https://spring.io/projects/spring-cloud#overview] and check the [Release Trains] section.
If you want to disable this check, just set the property [spring.cloud.compatibility-verifier.enabled=false]


2025-10-29T20:32:46.581-03:00  INFO 12668 --- [Proyecto-Venta] [main] c.d.p.ProyectoVentaApplication           : Starting ProyectoVentaApplication using Java 24 with PID 12668 (C:\Users\Usuario\IdeaProjects\Distri\SistemaWebYDistribuido\Proyecto-Venta\target\classes started by Usuario in C:\Users\Usuario\IdeaProjects\Distri\SistemaWebYDistribuido)
2025-10-29T20:32:46.582-03:00  INFO 12668 --- [Proyecto-Venta] [main] c.d.p.ProyectoVentaApplication           : No active profile set, falling back to 1 default profile: "default"
2025-10-29T20:32:47.375-03:00  INFO 12668 --- [Proyecto-Venta] [main] .s.d.r.c.RepositoryConfigurationDelegate : Bootstrapping Spring Data JPA repositories in DEFAULT mode.
2025-10-29T20:32:47.531-03:00  INFO 12668 --- [Proyecto-Venta] [main] .s.d.r.c.RepositoryConfigurationDelegate : Finished Spring Data repository scanning in 149 ms. Found 8 JPA repository interfaces.
2025-10-29T20:32:47.692-03:00  INFO 12668 --- [Proyecto-Venta] [main] o.s.cloud.context.scope.GenericScope     : BeanFactory id=01235d07-0bc7-3f81-a0a7-e4e7bced9c96
2025-10-29T20:32:48.030-03:00  INFO 12668 --- [Proyecto-Venta] [main] o.s.b.w.embedded.tomcat.TomcatWebServer  : Tomcat initialized with port 8081 (http)
2025-10-29T20:32:48.043-03:00  INFO 12668 --- [Proyecto-Venta] [main] o.apache.catalina.core.StandardService   : Starting service [Tomcat]
2025-10-29T20:32:48.043-03:00  INFO 12668 --- [Proyecto-Venta] [main] o.apache.catalina.core.StandardEngine    : Starting Servlet engine: [Apache Tomcat/10.1.44]
2025-10-29T20:32:48.108-03:00  INFO 12668 --- [Proyecto-Venta] [main] o.a.c.c.C.[Tomcat].[localhost].[/]       : Initializing Spring embedded WebApplicationContext
2025-10-29T20:32:48.108-03:00  INFO 12668 --- [Proyecto-Venta] [main] w.s.c.ServletWebServerApplicationContext : Root WebApplicationContext: initialization completed in 1489 ms
2025-10-29T20:32:48.234-03:00  INFO 12668 --- [Proyecto-Venta] [main] com.zaxxer.hikari.HikariDataSource       : HikariPool-1 - Starting...
2025-10-29T20:32:50.267-03:00  INFO 12668 --- [Proyecto-Venta] [main] com.zaxxer.hikari.pool.HikariPool        : HikariPool-1 - Added connection org.postgresql.jdbc.PgConnection@7848321e
2025-10-29T20:32:50.269-03:00  INFO 12668 --- [Proyecto-Venta] [main] com.zaxxer.hikari.HikariDataSource       : HikariPool-1 - Start completed.
2025-10-29T20:32:51.506-03:00  INFO 12668 --- [Proyecto-Venta] [main] liquibase.database                       : Set default schema name to public
2025-10-29T20:32:52.562-03:00  INFO 12668 --- [Proyecto-Venta] [main] liquibase.changelog                      : Reading from public.databasechangelog
2025-10-29T20:32:54.546-03:00  INFO 12668 --- [Proyecto-Venta] [main] liquibase.ui                             : Database is up to date, no changesets to execute
2025-10-29T20:32:54.738-03:00  INFO 12668 --- [Proyecto-Venta] [main] liquibase.changelog                      : Reading from public.databasechangelog
2025-10-29T20:32:54.936-03:00  INFO 12668 --- [Proyecto-Venta] [main] liquibase.util                           : UPDATE SUMMARY
2025-10-29T20:32:54.936-03:00  INFO 12668 --- [Proyecto-Venta] [main] liquibase.util                           : Run:                          0
2025-10-29T20:32:54.936-03:00  INFO 12668 --- [Proyecto-Venta] [main] liquibase.util                           : Previously run:              21
2025-10-29T20:32:54.936-03:00  INFO 12668 --- [Proyecto-Venta] [main] liquibase.util                           : Filtered out:                 0
2025-10-29T20:32:54.936-03:00  INFO 12668 --- [Proyecto-Venta] [main] liquibase.util                           : -------------------------------
2025-10-29T20:32:54.937-03:00  INFO 12668 --- [Proyecto-Venta] [main] liquibase.util                           : Total change sets:           21
2025-10-29T20:32:54.937-03:00  INFO 12668 --- [Proyecto-Venta] [main] liquibase.util                           : Update summary generated
2025-10-29T20:32:54.938-03:00  INFO 12668 --- [Proyecto-Venta] [main] liquibase.command                        : Command execution complete
2025-10-29T20:32:56.630-03:00  INFO 12668 --- [Proyecto-Venta] [main] o.hibernate.jpa.internal.util.LogHelper  : HHH000204: Processing PersistenceUnitInfo [name: default]
2025-10-29T20:32:56.679-03:00  INFO 12668 --- [Proyecto-Venta] [main] org.hibernate.Version                    : HHH000412: Hibernate ORM core version 6.6.26.Final
2025-10-29T20:32:56.709-03:00  INFO 12668 --- [Proyecto-Venta] [main] o.h.c.internal.RegionFactoryInitiator    : HHH000026: Second-level cache disabled
2025-10-29T20:32:56.970-03:00  INFO 12668 --- [Proyecto-Venta] [main] o.s.o.j.p.SpringPersistenceUnitInfo      : No LoadTimeWeaver setup: ignoring JPA class transformer
2025-10-29T20:32:57.599-03:00  INFO 12668 --- [Proyecto-Venta] [main] org.hibernate.orm.connections.pooling    : HHH10001005: Database info:
	Database JDBC URL [Connecting through datasource 'HikariDataSource (HikariPool-1)']
	Database driver: undefined/unknown
	Database version: 17.6
	Autocommit mode: undefined/unknown
	Isolation level: undefined/unknown
	Minimum pool size: undefined/unknown
	Maximum pool size: undefined/unknown
2025-10-29T20:32:58.565-03:00  INFO 12668 --- [Proyecto-Venta] [main] o.h.e.t.j.p.i.JtaPlatformInitiator       : HHH000489: No JTA platform available (set 'hibernate.transaction.jta.platform' to enable JTA platform integration)
2025-10-29T20:32:58.567-03:00  INFO 12668 --- [Proyecto-Venta] [main] j.LocalContainerEntityManagerFactoryBean : Initialized JPA EntityManagerFactory for persistence unit 'default'
2025-10-29T20:32:58.914-03:00  INFO 12668 --- [Proyecto-Venta] [main] o.s.d.j.r.query.QueryEnhancerFactory     : Hibernate is in classpath; If applicable, HQL parser will be used.
2025-10-29T20:32:59.518-03:00  WARN 12668 --- [Proyecto-Venta] [main] JpaBaseConfiguration$JpaWebConfiguration : spring.jpa.open-in-view is enabled by default. Therefore, database queries may be performed during view rendering. Explicitly configure spring.jpa.open-in-view to disable this warning
2025-10-29T20:33:01.057-03:00  INFO 12668 --- [Proyecto-Venta] [main] o.s.cloud.commons.util.InetUtils         : Cannot determine local hostname
2025-10-29T20:33:02.077-03:00  INFO 12668 --- [Proyecto-Venta] [main] o.s.cloud.commons.util.InetUtils         : Cannot determine local hostname
2025-10-29T20:33:02.095-03:00  INFO 12668 --- [Proyecto-Venta] [main] DiscoveryClientOptionalArgsConfiguration : Eureka HTTP Client uses RestTemplate.
2025-10-29T20:33:02.127-03:00  WARN 12668 --- [Proyecto-Venta] [main] iguration$LoadBalancerCaffeineWarnLogger : Spring Cloud LoadBalancer is currently working with the default cache. While this cache implementation is useful for development and tests, it's recommended to use Caffeine cache in production.You can switch to using Caffeine cache, by adding it and org.springframework.cache.caffeine.CaffeineCacheManager to the classpath.
2025-10-29T20:33:02.169-03:00  INFO 12668 --- [Proyecto-Venta] [main] o.s.c.n.eureka.InstanceInfoFactory       : Setting initial instance status as: STARTING
2025-10-29T20:33:02.191-03:00  INFO 12668 --- [Proyecto-Venta] [main] com.netflix.discovery.DiscoveryClient    : Initializing Eureka in region us-east-1
2025-10-29T20:33:02.194-03:00  INFO 12668 --- [Proyecto-Venta] [main] c.n.d.s.r.aws.ConfigClusterResolver      : Resolving eureka endpoints via configuration
2025-10-29T20:33:02.202-03:00  INFO 12668 --- [Proyecto-Venta] [main] com.netflix.discovery.DiscoveryClient    : Disable delta property : false
2025-10-29T20:33:02.202-03:00  INFO 12668 --- [Proyecto-Venta] [main] com.netflix.discovery.DiscoveryClient    : Single vip registry refresh property : null
2025-10-29T20:33:02.202-03:00  INFO 12668 --- [Proyecto-Venta] [main] com.netflix.discovery.DiscoveryClient    : Force full registry fetch : false
2025-10-29T20:33:02.202-03:00  INFO 12668 --- [Proyecto-Venta] [main] com.netflix.discovery.DiscoveryClient    : Application is null : false
2025-10-29T20:33:02.202-03:00  INFO 12668 --- [Proyecto-Venta] [main] com.netflix.discovery.DiscoveryClient    : Registered Applications size is zero : true
2025-10-29T20:33:02.202-03:00  INFO 12668 --- [Proyecto-Venta] [main] com.netflix.discovery.DiscoveryClient    : Application version is -1: true
2025-10-29T20:33:02.202-03:00  INFO 12668 --- [Proyecto-Venta] [main] com.netflix.discovery.DiscoveryClient    : Getting all instance registry info from the eureka server
2025-10-29T20:33:02.496-03:00  INFO 12668 --- [Proyecto-Venta] [main] com.netflix.discovery.DiscoveryClient    : The response status is 200
2025-10-29T20:33:02.498-03:00  INFO 12668 --- [Proyecto-Venta] [main] com.netflix.discovery.DiscoveryClient    : Starting heartbeat executor: renew interval is: 30
2025-10-29T20:33:02.500-03:00  INFO 12668 --- [Proyecto-Venta] [main] c.n.discovery.InstanceInfoReplicator     : InstanceInfoReplicator onDemand update allowed rate per min is 4
2025-10-29T20:33:02.501-03:00  INFO 12668 --- [Proyecto-Venta] [main] com.netflix.discovery.DiscoveryClient    : Discovery Client initialized at timestamp 1761780782500 with initial instances count: 1
2025-10-29T20:33:02.504-03:00  INFO 12668 --- [Proyecto-Venta] [main] o.s.c.n.e.s.EurekaServiceRegistry        : Registering application PROYECTO-VENTA with eureka with status UP
2025-10-29T20:33:02.505-03:00  INFO 12668 --- [Proyecto-Venta] [main] com.netflix.discovery.DiscoveryClient    : Saw local status change event StatusChangeEvent [timestamp=1761780782505, current=UP, previous=STARTING]
2025-10-29T20:33:02.506-03:00  INFO 12668 --- [Proyecto-Venta] [DiscoveryClient-InstanceInfoReplicator-%d] com.netflix.discovery.DiscoveryClient    : DiscoveryClient_PROYECTO-VENTA/localhost:Proyecto-Venta:8081: registering service...
2025-10-29T20:33:02.522-03:00  INFO 12668 --- [Proyecto-Venta] [main] o.s.b.w.embedded.tomcat.TomcatWebServer  : Tomcat started on port 8081 (http) with context path '/'
2025-10-29T20:33:02.523-03:00  INFO 12668 --- [Proyecto-Venta] [main] .s.c.n.e.s.EurekaAutoServiceRegistration : Updating port to 8081
2025-10-29T20:33:02.543-03:00  INFO 12668 --- [Proyecto-Venta] [DiscoveryClient-InstanceInfoReplicator-%d] com.netflix.discovery.DiscoveryClient    : DiscoveryClient_PROYECTO-VENTA/localhost:Proyecto-Venta:8081 - registration status: 204
2025-10-29T20:33:03.526-03:00  INFO 12668 --- [Proyecto-Venta] [main] o.s.cloud.commons.util.InetUtils         : Cannot determine local hostname
2025-10-29T20:33:03.534-03:00  INFO 12668 --- [Proyecto-Venta] [main] c.d.p.ProyectoVentaApplication           : Started ProyectoVentaApplication in 18.385 seconds (process running for 19.652)
2025-10-29T20:37:56.532-03:00  INFO 12668 --- [Proyecto-Venta] [SpringApplicationShutdownHook] o.s.c.n.e.s.EurekaServiceRegistry        : Unregistering application PROYECTO-VENTA with eureka with status DOWN
2025-10-29T20:37:56.532-03:00  INFO 12668 --- [Proyecto-Venta] [SpringApplicationShutdownHook] com.netflix.discovery.DiscoveryClient    : Saw local status change event StatusChangeEvent [timestamp=1761781076532, current=DOWN, previous=UP]
2025-10-29T20:37:56.532-03:00  INFO 12668 --- [Proyecto-Venta] [DiscoveryClient-InstanceInfoReplicator-%d] com.netflix.discovery.DiscoveryClient    : DiscoveryClient_PROYECTO-VENTA/localhost:Proyecto-Venta:8081: registering service...
2025-10-29T20:37:56.535-03:00  INFO 12668 --- [Proyecto-Venta] [SpringApplicationShutdownHook] o.s.b.w.e.tomcat.GracefulShutdown        : Commencing graceful shutdown. Waiting for active requests to complete
2025-10-29T20:37:56.539-03:00  INFO 12668 --- [Proyecto-Venta] [DiscoveryClient-InstanceInfoReplicator-%d] com.netflix.discovery.DiscoveryClient    : DiscoveryClient_PROYECTO-VENTA/localhost:Proyecto-Venta:8081 - registration status: 204
2025-10-29T20:37:56.543-03:00  INFO 12668 --- [Proyecto-Venta] [tomcat-shutdown] o.s.b.w.e.tomcat.GracefulShutdown        : Graceful shutdown complete
2025-10-29T20:37:56.548-03:00  INFO 12668 --- [Proyecto-Venta] [SpringApplicationShutdownHook] j.LocalContainerEntityManagerFactoryBean : Closing JPA EntityManagerFactory for persistence unit 'default'
2025-10-29T20:37:56.551-03:00  INFO 12668 --- [Proyecto-Venta] [SpringApplicationShutdownHook] com.zaxxer.hikari.HikariDataSource       : HikariPool-1 - Shutdown initiated...
2025-10-29T20:37:58.450-03:00  INFO 12668 --- [Proyecto-Venta] [SpringApplicationShutdownHook] com.zaxxer.hikari.HikariDataSource       : HikariPool-1 - Shutdown completed.
2025-10-29T20:37:58.451-03:00  INFO 12668 --- [Proyecto-Venta] [SpringApplicationShutdownHook] com.netflix.discovery.DiscoveryClient    : Shutting down DiscoveryClient ...
2025-10-29T20:38:01.452-03:00  INFO 12668 --- [Proyecto-Venta] [SpringApplicationShutdownHook] com.netflix.discovery.DiscoveryClient    : Unregistering ...
2025-10-29T20:38:01.476-03:00  INFO 12668 --- [Proyecto-Venta] [SpringApplicationShutdownHook] c.n.d.s.t.d.RedirectingEurekaHttpClient  : Request execution error. endpoint=DefaultEndpoint{ serviceUrl='http://localhost:8761/eureka/} exception=I/O error on DELETE request for "http://localhost:8761/eureka/apps/PROYECTO-VENTA/localhost:Proyecto-Venta:8081": Connect to http://localhost:8761 failed: Connection refused: getsockopt stacktrace=org.springframework.web.client.ResourceAccessException: I/O error on DELETE request for "http://localhost:8761/eureka/apps/PROYECTO-VENTA/localhost:Proyecto-Venta:8081": Connect to http://localhost:8761 failed: Connection refused: getsockopt
	at org.springframework.web.client.RestTemplate.createResourceAccessException(RestTemplate.java:926)
	at org.springframework.web.client.RestTemplate.doExecute(RestTemplate.java:906)
	at org.springframework.web.client.RestTemplate.execute(RestTemplate.java:841)
	at org.springframework.web.client.RestTemplate.exchange(RestTemplate.java:702)
	at org.springframework.cloud.netflix.eureka.http.RestTemplateEurekaHttpClient.cancel(RestTemplateEurekaHttpClient.java:100)
	at com.netflix.discovery.shared.transport.decorator.EurekaHttpClientDecorator$2.execute(EurekaHttpClientDecorator.java:74)
	at com.netflix.discovery.shared.transport.decorator.RedirectingEurekaHttpClient.execute(RedirectingEurekaHttpClient.java:91)
	at com.netflix.discovery.shared.transport.decorator.EurekaHttpClientDecorator.cancel(EurekaHttpClientDecorator.java:71)
	at com.netflix.discovery.shared.transport.decorator.EurekaHttpClientDecorator$2.execute(EurekaHttpClientDecorator.java:74)
	at com.netflix.discovery.shared.transport.decorator.RetryableEurekaHttpClient.execute(RetryableEurekaHttpClient.java:120)
	at com.netflix.discovery.shared.transport.decorator.EurekaHttpClientDecorator.cancel(EurekaHttpClientDecorator.java:71)
	at com.netflix.discovery.shared.transport.decorator.EurekaHttpClientDecorator$2.execute(EurekaHttpClientDecorator.java:74)
	at com.netflix.discovery.shared.transport.decorator.SessionedEurekaHttpClient.execute(SessionedEurekaHttpClient.java:76)
	at com.netflix.discovery.shared.transport.decorator.EurekaHttpClientDecorator.cancel(EurekaHttpClientDecorator.java:71)
	at com.netflix.discovery.DiscoveryClient.unregister(DiscoveryClient.java:919)
	at com.netflix.discovery.DiscoveryClient.shutdown(DiscoveryClient.java:900)
	at java.base/jdk.internal.reflect.DirectMethodHandleAccessor.invoke(DirectMethodHandleAccessor.java:104)
	at java.base/java.lang.reflect.Method.invoke(Method.java:565)
	at org.springframework.beans.factory.annotation.InitDestroyAnnotationBeanPostProcessor$LifecycleMethod.invoke(InitDestroyAnnotationBeanPostProcessor.java:457)
	at org.springframework.beans.factory.annotation.InitDestroyAnnotationBeanPostProcessor$LifecycleMetadata.invokeDestroyMethods(InitDestroyAnnotationBeanPostProcessor.java:415)
	at org.springframework.beans.factory.annotation.InitDestroyAnnotationBeanPostProcessor.postProcessBeforeDestruction(InitDestroyAnnotationBeanPostProcessor.java:239)
	at org.springframework.beans.factory.support.DisposableBeanAdapter.destroy(DisposableBeanAdapter.java:202)
	at org.springframework.beans.factory.support.DisposableBeanAdapter.run(DisposableBeanAdapter.java:195)
	at org.springframework.cloud.context.scope.GenericScope$BeanLifecycleWrapper.destroy(GenericScope.java:387)
	at org.springframework.cloud.context.scope.GenericScope.destroy(GenericScope.java:134)
	at org.springframework.beans.factory.support.DisposableBeanAdapter.destroy(DisposableBeanAdapter.java:211)
	at org.springframework.beans.factory.support.DefaultSingletonBeanRegistry.destroyBean(DefaultSingletonBeanRegistry.java:798)
	at org.springframework.beans.factory.support.DefaultSingletonBeanRegistry.destroySingleton(DefaultSingletonBeanRegistry.java:748)
	at org.springframework.beans.factory.support.DefaultListableBeanFactory.destroySingleton(DefaultListableBeanFactory.java:1481)
	at org.springframework.beans.factory.support.DefaultSingletonBeanRegistry.destroySingletons(DefaultSingletonBeanRegistry.java:707)
	at org.springframework.beans.factory.support.DefaultListableBeanFactory.destroySingletons(DefaultListableBeanFactory.java:1474)
	at org.springframework.context.support.AbstractApplicationContext.destroyBeans(AbstractApplicationContext.java:1219)
	at org.springframework.context.support.AbstractApplicationContext.doClose(AbstractApplicationContext.java:1180)
	at org.springframework.boot.web.servlet.context.ServletWebServerApplicationContext.doClose(ServletWebServerApplicationContext.java:179)
	at org.springframework.context.support.AbstractApplicationContext.close(AbstractApplicationContext.java:1126)
	at org.springframework.boot.SpringApplicationShutdownHook.closeAndWait(SpringApplicationShutdownHook.java:147)
	at java.base/java.lang.Iterable.forEach(Iterable.java:75)
	at org.springframework.boot.SpringApplicationShutdownHook.run(SpringApplicationShutdownHook.java:116)
	at java.base/java.lang.Thread.run(Thread.java:1447)
Caused by: org.apache.hc.client5.http.HttpHostConnectException: Connect to http://localhost:8761 failed: Connection refused: getsockopt
	at java.base/sun.nio.ch.Net.pollConnect(Native Method)
	at java.base/sun.nio.ch.Net.pollConnectNow(Net.java:628)
	at java.base/sun.nio.ch.NioSocketImpl.timedFinishConnect(NioSocketImpl.java:533)
	at java.base/sun.nio.ch.NioSocketImpl.connect(NioSocketImpl.java:583)
	at java.base/java.net.SocksSocketImpl.connect(SocksSocketImpl.java:282)
	at java.base/java.net.Socket.connect(Socket.java:665)
	at org.apache.hc.client5.http.impl.io.DefaultHttpClientConnectionOperator.connect(DefaultHttpClientConnectionOperator.java:205)
	at org.apache.hc.client5.http.impl.io.PoolingHttpClientConnectionManager.connect(PoolingHttpClientConnectionManager.java:490)
	at org.apache.hc.client5.http.impl.classic.InternalExecRuntime.connectEndpoint(InternalExecRuntime.java:164)
	at org.apache.hc.client5.http.impl.classic.InternalExecRuntime.connectEndpoint(InternalExecRuntime.java:174)
	at org.apache.hc.client5.http.impl.classic.ConnectExec.execute(ConnectExec.java:144)
	at org.apache.hc.client5.http.impl.classic.ExecChainElement.execute(ExecChainElement.java:51)
	at org.apache.hc.client5.http.impl.classic.ProtocolExec.execute(ProtocolExec.java:195)
	at org.apache.hc.client5.http.impl.classic.ExecChainElement.execute(ExecChainElement.java:51)
	at org.apache.hc.client5.http.impl.classic.ContentCompressionExec.execute(ContentCompressionExec.java:150)
	at org.apache.hc.client5.http.impl.classic.ExecChainElement.execute(ExecChainElement.java:51)
	at org.apache.hc.client5.http.impl.classic.HttpRequestRetryExec.execute(HttpRequestRetryExec.java:113)
	at org.apache.hc.client5.http.impl.classic.ExecChainElement.execute(ExecChainElement.java:51)
	at org.apache.hc.client5.http.impl.classic.RedirectExec.execute(RedirectExec.java:110)
	at org.apache.hc.client5.http.impl.classic.ExecChainElement.execute(ExecChainElement.java:51)
	at org.apache.hc.client5.http.impl.classic.InternalHttpClient.doExecute(InternalHttpClient.java:185)
	at org.apache.hc.client5.http.impl.classic.CloseableHttpClient.execute(CloseableHttpClient.java:87)
	at org.apache.hc.client5.http.impl.classic.CloseableHttpClient.execute(CloseableHttpClient.java:55)
	at org.apache.hc.client5.http.classic.HttpClient.executeOpen(HttpClient.java:183)
	at org.springframework.http.client.HttpComponentsClientHttpRequest.executeInternal(HttpComponentsClientHttpRequest.java:99)
	at org.springframework.http.client.AbstractStreamingClientHttpRequest.executeInternal(AbstractStreamingClientHttpRequest.java:71)
	at org.springframework.http.client.AbstractClientHttpRequest.execute(AbstractClientHttpRequest.java:81)
	at org.springframework.http.client.InterceptingClientHttpRequest$InterceptingRequestExecution.execute(InterceptingClientHttpRequest.java:117)
	at org.springframework.cloud.netflix.eureka.http.RestTemplateTransportClientFactory.lambda$restTemplate$2(RestTemplateTransportClientFactory.java:145)
	at org.springframework.http.client.InterceptingClientHttpRequest$InterceptingRequestExecution.execute(InterceptingClientHttpRequest.java:88)
	at org.springframework.http.client.InterceptingClientHttpRequest.executeInternal(InterceptingClientHttpRequest.java:72)
	at org.springframework.http.client.AbstractBufferingClientHttpRequest.executeInternal(AbstractBufferingClientHttpRequest.java:48)
	at org.springframework.http.client.AbstractClientHttpRequest.execute(AbstractClientHttpRequest.java:81)
	at org.springframework.web.client.RestTemplate.doExecute(RestTemplate.java:900)
	... 37 more

2025-10-29T20:38:01.477-03:00  WARN 12668 --- [Proyecto-Venta] [SpringApplicationShutdownHook] c.n.d.s.t.d.RetryableEurekaHttpClient    : Request execution failed with message: I/O error on DELETE request for "http://localhost:8761/eureka/apps/PROYECTO-VENTA/localhost:Proyecto-Venta:8081": Connect to http://localhost:8761 failed: Connection refused: getsockopt
2025-10-29T20:38:01.501-03:00  INFO 12668 --- [Proyecto-Venta] [SpringApplicationShutdownHook] c.n.d.s.t.d.RedirectingEurekaHttpClient  : Request execution error. endpoint=DefaultEndpoint{ serviceUrl='http://localhost:8761/eureka/}, exception=I/O error on DELETE request for "http://localhost:8761/eureka/apps/PROYECTO-VENTA/localhost:Proyecto-Venta:8081": Connect to http://localhost:8761 failed: Connection refused: getsockopt stacktrace=org.springframework.web.client.ResourceAccessException: I/O error on DELETE request for "http://localhost:8761/eureka/apps/PROYECTO-VENTA/localhost:Proyecto-Venta:8081": Connect to http://localhost:8761 failed: Connection refused: getsockopt
	at org.springframework.web.client.RestTemplate.createResourceAccessException(RestTemplate.java:926)
	at org.springframework.web.client.RestTemplate.doExecute(RestTemplate.java:906)
	at org.springframework.web.client.RestTemplate.execute(RestTemplate.java:841)
	at org.springframework.web.client.RestTemplate.exchange(RestTemplate.java:702)
	at org.springframework.cloud.netflix.eureka.http.RestTemplateEurekaHttpClient.cancel(RestTemplateEurekaHttpClient.java:100)
	at com.netflix.discovery.shared.transport.decorator.EurekaHttpClientDecorator$2.execute(EurekaHttpClientDecorator.java:74)
	at com.netflix.discovery.shared.transport.decorator.RedirectingEurekaHttpClient.executeOnNewServer(RedirectingEurekaHttpClient.java:121)
	at com.netflix.discovery.shared.transport.decorator.RedirectingEurekaHttpClient.execute(RedirectingEurekaHttpClient.java:80)
	at com.netflix.discovery.shared.transport.decorator.EurekaHttpClientDecorator.cancel(EurekaHttpClientDecorator.java:71)
	at com.netflix.discovery.shared.transport.decorator.EurekaHttpClientDecorator$2.execute(EurekaHttpClientDecorator.java:74)
	at com.netflix.discovery.shared.transport.decorator.RetryableEurekaHttpClient.execute(RetryableEurekaHttpClient.java:120)
	at com.netflix.discovery.shared.transport.decorator.EurekaHttpClientDecorator.cancel(EurekaHttpClientDecorator.java:71)
	at com.netflix.discovery.shared.transport.decorator.EurekaHttpClientDecorator$2.execute(EurekaHttpClientDecorator.java:74)
	at com.netflix.discovery.shared.transport.decorator.SessionedEurekaHttpClient.execute(SessionedEurekaHttpClient.java:76)
	at com.netflix.discovery.shared.transport.decorator.EurekaHttpClientDecorator.cancel(EurekaHttpClientDecorator.java:71)
	at com.netflix.discovery.DiscoveryClient.unregister(DiscoveryClient.java:919)
	at com.netflix.discovery.DiscoveryClient.shutdown(DiscoveryClient.java:900)
	at java.base/jdk.internal.reflect.DirectMethodHandleAccessor.invoke(DirectMethodHandleAccessor.java:104)
	at java.base/java.lang.reflect.Method.invoke(Method.java:565)
	at org.springframework.beans.factory.annotation.InitDestroyAnnotationBeanPostProcessor$LifecycleMethod.invoke(InitDestroyAnnotationBeanPostProcessor.java:457)
	at org.springframework.beans.factory.annotation.InitDestroyAnnotationBeanPostProcessor$LifecycleMetadata.invokeDestroyMethods(InitDestroyAnnotationBeanPostProcessor.java:415)
	at org.springframework.beans.factory.annotation.InitDestroyAnnotationBeanPostProcessor.postProcessBeforeDestruction(InitDestroyAnnotationBeanPostProcessor.java:239)
	at org.springframework.beans.factory.support.DisposableBeanAdapter.destroy(DisposableBeanAdapter.java:202)
	at org.springframework.beans.factory.support.DisposableBeanAdapter.run(DisposableBeanAdapter.java:195)
	at org.springframework.cloud.context.scope.GenericScope$BeanLifecycleWrapper.destroy(GenericScope.java:387)
	at org.springframework.cloud.context.scope.GenericScope.destroy(GenericScope.java:134)
	at org.springframework.beans.factory.support.DisposableBeanAdapter.destroy(DisposableBeanAdapter.java:211)
	at org.springframework.beans.factory.support.DefaultSingletonBeanRegistry.destroyBean(DefaultSingletonBeanRegistry.java:798)
	at org.springframework.beans.factory.support.DefaultSingletonBeanRegistry.destroySingleton(DefaultSingletonBeanRegistry.java:748)
	at org.springframework.beans.factory.support.DefaultListableBeanFactory.destroySingleton(DefaultListableBeanFactory.java:1481)
	at org.springframework.beans.factory.support.DefaultSingletonBeanRegistry.destroySingletons(DefaultSingletonBeanRegistry.java:707)
	at org.springframework.beans.factory.support.DefaultListableBeanFactory.destroySingletons(DefaultListableBeanFactory.java:1474)
	at org.springframework.context.support.AbstractApplicationContext.destroyBeans(AbstractApplicationContext.java:1219)
	at org.springframework.context.support.AbstractApplicationContext.doClose(AbstractApplicationContext.java:1180)
	at org.springframework.boot.web.servlet.context.ServletWebServerApplicationContext.doClose(ServletWebServerApplicationContext.java:179)
	at org.springframework.context.support.AbstractApplicationContext.close(AbstractApplicationContext.java:1126)
	at org.springframework.boot.SpringApplicationShutdownHook.closeAndWait(SpringApplicationShutdownHook.java:147)
	at java.base/java.lang.Iterable.forEach(Iterable.java:75)
	at org.springframework.boot.SpringApplicationShutdownHook.run(SpringApplicationShutdownHook.java:116)
	at java.base/java.lang.Thread.run(Thread.java:1447)
Caused by: org.apache.hc.client5.http.HttpHostConnectException: Connect to http://localhost:8761 failed: Connection refused: getsockopt
	at java.base/sun.nio.ch.Net.pollConnect(Native Method)
	at java.base/sun.nio.ch.Net.pollConnectNow(Net.java:628)
	at java.base/sun.nio.ch.NioSocketImpl.timedFinishConnect(NioSocketImpl.java:533)
	at java.base/sun.nio.ch.NioSocketImpl.connect(NioSocketImpl.java:583)
	at java.base/java.net.SocksSocketImpl.connect(SocksSocketImpl.java:282)
	at java.base/java.net.Socket.connect(Socket.java:665)
	at org.apache.hc.client5.http.impl.io.DefaultHttpClientConnectionOperator.connect(DefaultHttpClientConnectionOperator.java:205)
	at org.apache.hc.client5.http.impl.io.PoolingHttpClientConnectionManager.connect(PoolingHttpClientConnectionManager.java:490)
	at org.apache.hc.client5.http.impl.classic.InternalExecRuntime.connectEndpoint(InternalExecRuntime.java:164)
	at org.apache.hc.client5.http.impl.classic.InternalExecRuntime.connectEndpoint(InternalExecRuntime.java:174)
	at org.apache.hc.client5.http.impl.classic.ConnectExec.execute(ConnectExec.java:144)
	at org.apache.hc.client5.http.impl.classic.ExecChainElement.execute(ExecChainElement.java:51)
	at org.apache.hc.client5.http.impl.classic.ProtocolExec.execute(ProtocolExec.java:195)
	at org.apache.hc.client5.http.impl.classic.ExecChainElement.execute(ExecChainElement.java:51)
	at org.apache.hc.client5.http.impl.classic.ContentCompressionExec.execute(ContentCompressionExec.java:150)
	at org.apache.hc.client5.http.impl.classic.ExecChainElement.execute(ExecChainElement.java:51)
	at org.apache.hc.client5.http.impl.classic.HttpRequestRetryExec.execute(HttpRequestRetryExec.java:113)
	at org.apache.hc.client5.http.impl.classic.ExecChainElement.execute(ExecChainElement.java:51)
	at org.apache.hc.client5.http.impl.classic.RedirectExec.execute(RedirectExec.java:110)
	at org.apache.hc.client5.http.impl.classic.ExecChainElement.execute(ExecChainElement.java:51)
	at org.apache.hc.client5.http.impl.classic.InternalHttpClient.doExecute(InternalHttpClient.java:185)
	at org.apache.hc.client5.http.impl.classic.CloseableHttpClient.execute(CloseableHttpClient.java:87)
	at org.apache.hc.client5.http.impl.classic.CloseableHttpClient.execute(CloseableHttpClient.java:55)
	at org.apache.hc.client5.http.classic.HttpClient.executeOpen(HttpClient.java:183)
	at org.springframework.http.client.HttpComponentsClientHttpRequest.executeInternal(HttpComponentsClientHttpRequest.java:99)
	at org.springframework.http.client.AbstractStreamingClientHttpRequest.executeInternal(AbstractStreamingClientHttpRequest.java:71)
	at org.springframework.http.client.AbstractClientHttpRequest.execute(AbstractClientHttpRequest.java:81)
	at org.springframework.http.client.InterceptingClientHttpRequest$InterceptingRequestExecution.execute(InterceptingClientHttpRequest.java:117)
	at org.springframework.cloud.netflix.eureka.http.RestTemplateTransportClientFactory.lambda$restTemplate$2(RestTemplateTransportClientFactory.java:145)
	at org.springframework.http.client.InterceptingClientHttpRequest$InterceptingRequestExecution.execute(InterceptingClientHttpRequest.java:88)
	at org.springframework.http.client.InterceptingClientHttpRequest.executeInternal(InterceptingClientHttpRequest.java:72)
	at org.springframework.http.client.AbstractBufferingClientHttpRequest.executeInternal(AbstractBufferingClientHttpRequest.java:48)
	at org.springframework.http.client.AbstractClientHttpRequest.execute(AbstractClientHttpRequest.java:81)
	at org.springframework.web.client.RestTemplate.doExecute(RestTemplate.java:900)
	... 38 more

2025-10-29T20:38:01.502-03:00  WARN 12668 --- [Proyecto-Venta] [SpringApplicationShutdownHook] c.n.d.s.t.d.RetryableEurekaHttpClient    : Request execution failed with message: I/O error on DELETE request for "http://localhost:8761/eureka/apps/PROYECTO-VENTA/localhost:Proyecto-Venta:8081": Connect to http://localhost:8761 failed: Connection refused: getsockopt
2025-10-29T20:38:01.502-03:00 ERROR 12668 --- [Proyecto-Venta] [SpringApplicationShutdownHook] com.netflix.discovery.DiscoveryClient    : DiscoveryClient_PROYECTO-VENTA/localhost:Proyecto-Venta:8081 - de-registration failedCannot execute request on any known server

com.netflix.discovery.shared.transport.TransportException: Cannot execute request on any known server
	at com.netflix.discovery.shared.transport.decorator.RetryableEurekaHttpClient.execute(RetryableEurekaHttpClient.java:112) ~[eureka-client-2.0.4.jar:2.0.4]
	at com.netflix.discovery.shared.transport.decorator.EurekaHttpClientDecorator.cancel(EurekaHttpClientDecorator.java:71) ~[eureka-client-2.0.4.jar:2.0.4]
	at com.netflix.discovery.shared.transport.decorator.EurekaHttpClientDecorator$2.execute(EurekaHttpClientDecorator.java:74) ~[eureka-client-2.0.4.jar:2.0.4]
	at com.netflix.discovery.shared.transport.decorator.SessionedEurekaHttpClient.execute(SessionedEurekaHttpClient.java:76) ~[eureka-client-2.0.4.jar:2.0.4]
	at com.netflix.discovery.shared.transport.decorator.EurekaHttpClientDecorator.cancel(EurekaHttpClientDecorator.java:71) ~[eureka-client-2.0.4.jar:2.0.4]
	at com.netflix.discovery.DiscoveryClient.unregister(DiscoveryClient.java:919) ~[eureka-client-2.0.4.jar:2.0.4]
	at com.netflix.discovery.DiscoveryClient.shutdown(DiscoveryClient.java:900) ~[eureka-client-2.0.4.jar:2.0.4]
	at java.base/jdk.internal.reflect.DirectMethodHandleAccessor.invoke(DirectMethodHandleAccessor.java:104) ~[na:na]
	at java.base/java.lang.reflect.Method.invoke(Method.java:565) ~[na:na]
	at org.springframework.beans.factory.annotation.InitDestroyAnnotationBeanPostProcessor$LifecycleMethod.invoke(InitDestroyAnnotationBeanPostProcessor.java:457) ~[spring-beans-6.2.10.jar:6.2.10]
	at org.springframework.beans.factory.annotation.InitDestroyAnnotationBeanPostProcessor$LifecycleMetadata.invokeDestroyMethods(InitDestroyAnnotationBeanPostProcessor.java:415) ~[spring-beans-6.2.10.jar:6.2.10]
	at org.springframework.beans.factory.annotation.InitDestroyAnnotationBeanPostProcessor.postProcessBeforeDestruction(InitDestroyAnnotationBeanPostProcessor.java:239) ~[spring-beans-6.2.10.jar:6.2.10]
	at org.springframework.beans.factory.support.DisposableBeanAdapter.destroy(DisposableBeanAdapter.java:202) ~[spring-beans-6.2.10.jar:6.2.10]
	at org.springframework.beans.factory.support.DisposableBeanAdapter.run(DisposableBeanAdapter.java:195) ~[spring-beans-6.2.10.jar:6.2.10]
	at org.springframework.cloud.context.scope.GenericScope$BeanLifecycleWrapper.destroy(GenericScope.java:387) ~[spring-cloud-context-4.3.0.jar:4.3.0]
	at org.springframework.cloud.context.scope.GenericScope.destroy(GenericScope.java:134) ~[spring-cloud-context-4.3.0.jar:4.3.0]
	at org.springframework.beans.factory.support.DisposableBeanAdapter.destroy(DisposableBeanAdapter.java:211) ~[spring-beans-6.2.10.jar:6.2.10]
	at org.springframework.beans.factory.support.DefaultSingletonBeanRegistry.destroyBean(DefaultSingletonBeanRegistry.java:798) ~[spring-beans-6.2.10.jar:6.2.10]
	at org.springframework.beans.factory.support.DefaultSingletonBeanRegistry.destroySingleton(DefaultSingletonBeanRegistry.java:748) ~[spring-beans-6.2.10.jar:6.2.10]
	at org.springframework.beans.factory.support.DefaultListableBeanFactory.destroySingleton(DefaultListableBeanFactory.java:1481) ~[spring-beans-6.2.10.jar:6.2.10]
	at org.springframework.beans.factory.support.DefaultSingletonBeanRegistry.destroySingletons(DefaultSingletonBeanRegistry.java:707) ~[spring-beans-6.2.10.jar:6.2.10]
	at org.springframework.beans.factory.support.DefaultListableBeanFactory.destroySingletons(DefaultListableBeanFactory.java:1474) ~[spring-beans-6.2.10.jar:6.2.10]
	at org.springframework.context.support.AbstractApplicationContext.destroyBeans(AbstractApplicationContext.java:1219) ~[spring-context-6.2.10.jar:6.2.10]
	at org.springframework.context.support.AbstractApplicationContext.doClose(AbstractApplicationContext.java:1180) ~[spring-context-6.2.10.jar:6.2.10]
	at org.springframework.boot.web.servlet.context.ServletWebServerApplicationContext.doClose(ServletWebServerApplicationContext.java:179) ~[spring-boot-3.5.5.jar:3.5.5]
	at org.springframework.context.support.AbstractApplicationContext.close(AbstractApplicationContext.java:1126) ~[spring-context-6.2.10.jar:6.2.10]
	at org.springframework.boot.SpringApplicationShutdownHook.closeAndWait(SpringApplicationShutdownHook.java:147) ~[spring-boot-3.5.5.jar:3.5.5]
	at java.base/java.lang.Iterable.forEach(Iterable.java:75) ~[na:na]
	at org.springframework.boot.SpringApplicationShutdownHook.run(SpringApplicationShutdownHook.java:116) ~[spring-boot-3.5.5.jar:3.5.5]
	at java.base/java.lang.Thread.run(Thread.java:1447) ~[na:na]

2025-10-29T20:38:01.505-03:00  INFO 12668 --- [Proyecto-Venta] [SpringApplicationShutdownHook] com.netflix.discovery.DiscoveryClient    : Completed shut down of DiscoveryClient
2025-10-29T20:39:25.290-03:00  INFO 12004 --- [Proyecto-Venta] [main] c.d.p.ProyectoVentaApplication           : Starting ProyectoVentaApplication using Java 24 with PID 12004 (C:\Users\Usuario\IdeaProjects\Distri\SistemaWebYDistribuido\Proyecto-Venta\target\classes started by Usuario in C:\Users\Usuario\IdeaProjects\Distri\SistemaWebYDistribuido)
2025-10-29T20:39:25.292-03:00  INFO 12004 --- [Proyecto-Venta] [main] c.d.p.ProyectoVentaApplication           : No active profile set, falling back to 1 default profile: "default"
2025-10-29T20:39:26.071-03:00  INFO 12004 --- [Proyecto-Venta] [main] .s.d.r.c.RepositoryConfigurationDelegate : Bootstrapping Spring Data JPA repositories in DEFAULT mode.
2025-10-29T20:39:26.229-03:00  INFO 12004 --- [Proyecto-Venta] [main] .s.d.r.c.RepositoryConfigurationDelegate : Finished Spring Data repository scanning in 150 ms. Found 8 JPA repository interfaces.
2025-10-29T20:39:26.386-03:00  INFO 12004 --- [Proyecto-Venta] [main] o.s.cloud.context.scope.GenericScope     : BeanFactory id=01235d07-0bc7-3f81-a0a7-e4e7bced9c96
2025-10-29T20:39:26.725-03:00  INFO 12004 --- [Proyecto-Venta] [main] o.s.b.w.embedded.tomcat.TomcatWebServer  : Tomcat initialized with port 8081 (http)
2025-10-29T20:39:26.738-03:00  INFO 12004 --- [Proyecto-Venta] [main] o.apache.catalina.core.StandardService   : Starting service [Tomcat]
2025-10-29T20:39:26.738-03:00  INFO 12004 --- [Proyecto-Venta] [main] o.apache.catalina.core.StandardEngine    : Starting Servlet engine: [Apache Tomcat/10.1.44]
2025-10-29T20:39:26.802-03:00  INFO 12004 --- [Proyecto-Venta] [main] o.a.c.c.C.[Tomcat].[localhost].[/]       : Initializing Spring embedded WebApplicationContext
2025-10-29T20:39:26.802-03:00  INFO 12004 --- [Proyecto-Venta] [main] w.s.c.ServletWebServerApplicationContext : Root WebApplicationContext: initialization completed in 1470 ms
2025-10-29T20:39:26.925-03:00  INFO 12004 --- [Proyecto-Venta] [main] com.zaxxer.hikari.HikariDataSource       : HikariPool-1 - Starting...
2025-10-29T20:39:28.988-03:00  INFO 12004 --- [Proyecto-Venta] [main] com.zaxxer.hikari.pool.HikariPool        : HikariPool-1 - Added connection org.postgresql.jdbc.PgConnection@481ed95c
2025-10-29T20:39:28.990-03:00  INFO 12004 --- [Proyecto-Venta] [main] com.zaxxer.hikari.HikariDataSource       : HikariPool-1 - Start completed.
2025-10-29T20:39:30.271-03:00  INFO 12004 --- [Proyecto-Venta] [main] liquibase.database                       : Set default schema name to public
2025-10-29T20:39:31.341-03:00  INFO 12004 --- [Proyecto-Venta] [main] liquibase.changelog                      : Reading from public.databasechangelog
2025-10-29T20:39:33.374-03:00  INFO 12004 --- [Proyecto-Venta] [main] liquibase.ui                             : Database is up to date, no changesets to execute
2025-10-29T20:39:33.561-03:00  INFO 12004 --- [Proyecto-Venta] [main] liquibase.changelog                      : Reading from public.databasechangelog
2025-10-29T20:39:33.763-03:00  INFO 12004 --- [Proyecto-Venta] [main] liquibase.util                           : UPDATE SUMMARY
2025-10-29T20:39:33.763-03:00  INFO 12004 --- [Proyecto-Venta] [main] liquibase.util                           : Run:                          0
2025-10-29T20:39:33.763-03:00  INFO 12004 --- [Proyecto-Venta] [main] liquibase.util                           : Previously run:              21
2025-10-29T20:39:33.763-03:00  INFO 12004 --- [Proyecto-Venta] [main] liquibase.util                           : Filtered out:                 0
2025-10-29T20:39:33.763-03:00  INFO 12004 --- [Proyecto-Venta] [main] liquibase.util                           : -------------------------------
2025-10-29T20:39:33.763-03:00  INFO 12004 --- [Proyecto-Venta] [main] liquibase.util                           : Total change sets:           21
2025-10-29T20:39:33.764-03:00  INFO 12004 --- [Proyecto-Venta] [main] liquibase.util                           : Update summary generated
2025-10-29T20:39:33.765-03:00  INFO 12004 --- [Proyecto-Venta] [main] liquibase.command                        : Command execution complete
2025-10-29T20:39:35.416-03:00  INFO 12004 --- [Proyecto-Venta] [main] o.hibernate.jpa.internal.util.LogHelper  : HHH000204: Processing PersistenceUnitInfo [name: default]
2025-10-29T20:39:35.463-03:00  INFO 12004 --- [Proyecto-Venta] [main] org.hibernate.Version                    : HHH000412: Hibernate ORM core version 6.6.26.Final
2025-10-29T20:39:35.495-03:00  INFO 12004 --- [Proyecto-Venta] [main] o.h.c.internal.RegionFactoryInitiator    : HHH000026: Second-level cache disabled
2025-10-29T20:39:35.757-03:00  INFO 12004 --- [Proyecto-Venta] [main] o.s.o.j.p.SpringPersistenceUnitInfo      : No LoadTimeWeaver setup: ignoring JPA class transformer
2025-10-29T20:39:36.405-03:00  INFO 12004 --- [Proyecto-Venta] [main] org.hibernate.orm.connections.pooling    : HHH10001005: Database info:
	Database JDBC URL [Connecting through datasource 'HikariDataSource (HikariPool-1)']
	Database driver: undefined/unknown
	Database version: 17.6
	Autocommit mode: undefined/unknown
	Isolation level: undefined/unknown
	Minimum pool size: undefined/unknown
	Maximum pool size: undefined/unknown
2025-10-29T20:39:37.455-03:00  INFO 12004 --- [Proyecto-Venta] [main] o.h.e.t.j.p.i.JtaPlatformInitiator       : HHH000489: No JTA platform available (set 'hibernate.transaction.jta.platform' to enable JTA platform integration)
2025-10-29T20:39:37.458-03:00  INFO 12004 --- [Proyecto-Venta] [main] j.LocalContainerEntityManagerFactoryBean : Initialized JPA EntityManagerFactory for persistence unit 'default'
2025-10-29T20:39:37.809-03:00  INFO 12004 --- [Proyecto-Venta] [main] o.s.d.j.r.query.QueryEnhancerFactory     : Hibernate is in classpath; If applicable, HQL parser will be used.
2025-10-29T20:39:38.397-03:00  WARN 12004 --- [Proyecto-Venta] [main] JpaBaseConfiguration$JpaWebConfiguration : spring.jpa.open-in-view is enabled by default. Therefore, database queries may be performed during view rendering. Explicitly configure spring.jpa.open-in-view to disable this warning
2025-10-29T20:39:39.853-03:00  INFO 12004 --- [Proyecto-Venta] [main] o.s.cloud.commons.util.InetUtils         : Cannot determine local hostname
2025-10-29T20:39:40.874-03:00  INFO 12004 --- [Proyecto-Venta] [main] o.s.cloud.commons.util.InetUtils         : Cannot determine local hostname
2025-10-29T20:39:40.892-03:00  INFO 12004 --- [Proyecto-Venta] [main] DiscoveryClientOptionalArgsConfiguration : Eureka HTTP Client uses RestTemplate.
2025-10-29T20:39:40.924-03:00  WARN 12004 --- [Proyecto-Venta] [main] iguration$LoadBalancerCaffeineWarnLogger : Spring Cloud LoadBalancer is currently working with the default cache. While this cache implementation is useful for development and tests, it's recommended to use Caffeine cache in production.You can switch to using Caffeine cache, by adding it and org.springframework.cache.caffeine.CaffeineCacheManager to the classpath.
2025-10-29T20:39:40.965-03:00  INFO 12004 --- [Proyecto-Venta] [main] o.s.c.n.eureka.InstanceInfoFactory       : Setting initial instance status as: STARTING
2025-10-29T20:39:40.990-03:00  INFO 12004 --- [Proyecto-Venta] [main] com.netflix.discovery.DiscoveryClient    : Initializing Eureka in region us-east-1
2025-10-29T20:39:40.995-03:00  INFO 12004 --- [Proyecto-Venta] [main] c.n.d.s.r.aws.ConfigClusterResolver      : Resolving eureka endpoints via configuration
2025-10-29T20:39:41.004-03:00  INFO 12004 --- [Proyecto-Venta] [main] com.netflix.discovery.DiscoveryClient    : Disable delta property : false
2025-10-29T20:39:41.004-03:00  INFO 12004 --- [Proyecto-Venta] [main] com.netflix.discovery.DiscoveryClient    : Single vip registry refresh property : null
2025-10-29T20:39:41.004-03:00  INFO 12004 --- [Proyecto-Venta] [main] com.netflix.discovery.DiscoveryClient    : Force full registry fetch : false
2025-10-29T20:39:41.004-03:00  INFO 12004 --- [Proyecto-Venta] [main] com.netflix.discovery.DiscoveryClient    : Application is null : false
2025-10-29T20:39:41.004-03:00  INFO 12004 --- [Proyecto-Venta] [main] com.netflix.discovery.DiscoveryClient    : Registered Applications size is zero : true
2025-10-29T20:39:41.004-03:00  INFO 12004 --- [Proyecto-Venta] [main] com.netflix.discovery.DiscoveryClient    : Application version is -1: true
2025-10-29T20:39:41.004-03:00  INFO 12004 --- [Proyecto-Venta] [main] com.netflix.discovery.DiscoveryClient    : Getting all instance registry info from the eureka server
2025-10-29T20:39:41.296-03:00  INFO 12004 --- [Proyecto-Venta] [main] com.netflix.discovery.DiscoveryClient    : The response status is 200
2025-10-29T20:39:41.298-03:00  INFO 12004 --- [Proyecto-Venta] [main] com.netflix.discovery.DiscoveryClient    : Starting heartbeat executor: renew interval is: 30
2025-10-29T20:39:41.300-03:00  INFO 12004 --- [Proyecto-Venta] [main] c.n.discovery.InstanceInfoReplicator     : InstanceInfoReplicator onDemand update allowed rate per min is 4
2025-10-29T20:39:41.301-03:00  INFO 12004 --- [Proyecto-Venta] [main] com.netflix.discovery.DiscoveryClient    : Discovery Client initialized at timestamp 1761781181300 with initial instances count: 1
2025-10-29T20:39:41.304-03:00  INFO 12004 --- [Proyecto-Venta] [main] o.s.c.n.e.s.EurekaServiceRegistry        : Registering application PROYECTO-VENTA with eureka with status UP
2025-10-29T20:39:41.305-03:00  INFO 12004 --- [Proyecto-Venta] [main] com.netflix.discovery.DiscoveryClient    : Saw local status change event StatusChangeEvent [timestamp=1761781181305, current=UP, previous=STARTING]
2025-10-29T20:39:41.307-03:00  INFO 12004 --- [Proyecto-Venta] [DiscoveryClient-InstanceInfoReplicator-%d] com.netflix.discovery.DiscoveryClient    : DiscoveryClient_PROYECTO-VENTA/localhost:Proyecto-Venta:8081: registering service...
2025-10-29T20:39:41.322-03:00  INFO 12004 --- [Proyecto-Venta] [main] o.s.b.w.embedded.tomcat.TomcatWebServer  : Tomcat started on port 8081 (http) with context path '/'
2025-10-29T20:39:41.323-03:00  INFO 12004 --- [Proyecto-Venta] [main] .s.c.n.e.s.EurekaAutoServiceRegistration : Updating port to 8081
2025-10-29T20:39:41.343-03:00  INFO 12004 --- [Proyecto-Venta] [DiscoveryClient-InstanceInfoReplicator-%d] com.netflix.discovery.DiscoveryClient    : DiscoveryClient_PROYECTO-VENTA/localhost:Proyecto-Venta:8081 - registration status: 204
2025-10-29T20:39:42.327-03:00  INFO 12004 --- [Proyecto-Venta] [main] o.s.cloud.commons.util.InetUtils         : Cannot determine local hostname
2025-10-29T20:39:42.334-03:00  INFO 12004 --- [Proyecto-Venta] [main] c.d.p.ProyectoVentaApplication           : Started ProyectoVentaApplication in 18.491 seconds (process running for 19.196)
2025-10-29T20:40:15.394-03:00  INFO 12004 --- [Proyecto-Venta] [http-nio-8081-exec-1] o.a.c.c.C.[Tomcat].[localhost].[/]       : Initializing Spring DispatcherServlet 'dispatcherServlet'
2025-10-29T20:40:15.395-03:00  INFO 12004 --- [Proyecto-Venta] [http-nio-8081-exec-1] o.s.web.servlet.DispatcherServlet        : Initializing Servlet 'dispatcherServlet'
2025-10-29T20:40:15.396-03:00  INFO 12004 --- [Proyecto-Venta] [http-nio-8081-exec-1] o.s.web.servlet.DispatcherServlet        : Completed initialization in 1 ms
2025-10-29T20:40:15.428-03:00  INFO 12004 --- [Proyecto-Venta] [http-nio-8081-exec-1] c.d.p.apis.controller.VentaController    : GET /ventas page=0 size=10 filtros: clienteId=null, desde=null, hasta=null
2025-10-29T20:40:15.628-03:00  INFO 12004 --- [Proyecto-Venta] [http-nio-8081-exec-1] c.d.p.apis.service.VentaService          : Listando ventas - clienteId=null desde=null hasta=null
2025-10-29T20:40:15.683-03:00 DEBUG 12004 --- [Proyecto-Venta] [http-nio-8081-exec-1] org.hibernate.SQL                        : select v1_0.id,v1_0.activo,v1_0.cliente_id,v1_0.creado_por,v1_0.fecha_venta,v1_0.iva,v1_0.subtotal,v1_0.total from venta v1_0 where (v1_0.activo = true) offset ? rows fetch first ? rows only
2025-10-29T20:40:15.684-03:00 TRACE 12004 --- [Proyecto-Venta] [http-nio-8081-exec-1] org.hibernate.orm.jdbc.bind              : binding parameter (1:INTEGER) <- [0]
2025-10-29T20:40:15.684-03:00 TRACE 12004 --- [Proyecto-Venta] [http-nio-8081-exec-1] org.hibernate.orm.jdbc.bind              : binding parameter (2:INTEGER) <- [10]
2025-10-29T20:40:15.938-03:00 DEBUG 12004 --- [Proyecto-Venta] [http-nio-8081-exec-1] org.hibernate.SQL                        : select count(v1_0.id) from venta v1_0 where (v1_0.activo = true)
2025-10-29T20:40:16.335-03:00  WARN 12004 --- [Proyecto-Venta] [http-nio-8081-exec-1] ration$PageModule$WarningLoggingModifier : Serializing PageImpl instances as-is is not supported, meaning that there is no guarantee about the stability of the resulting JSON structure!
	For a stable JSON structure, please use Spring Data's PagedModel (globally via @EnableSpringDataWebSupport(pageSerializationMode = VIA_DTO))
	or Spring HATEOAS and Spring Data's PagedResourcesAssembler as documented in https://docs.spring.io/spring-data/commons/reference/repositories/core-extensions.html#core.web.pageables.

2025-10-29T20:41:15.016-03:00  INFO 12004 --- [Proyecto-Venta] [SpringApplicationShutdownHook] o.s.c.n.e.s.EurekaServiceRegistry        : Unregistering application PROYECTO-VENTA with eureka with status DOWN
2025-10-29T20:41:15.016-03:00  INFO 12004 --- [Proyecto-Venta] [SpringApplicationShutdownHook] com.netflix.discovery.DiscoveryClient    : Saw local status change event StatusChangeEvent [timestamp=1761781275016, current=DOWN, previous=UP]
2025-10-29T20:41:15.016-03:00  INFO 12004 --- [Proyecto-Venta] [DiscoveryClient-InstanceInfoReplicator-%d] com.netflix.discovery.DiscoveryClient    : DiscoveryClient_PROYECTO-VENTA/localhost:Proyecto-Venta:8081: registering service...
2025-10-29T20:41:15.019-03:00  INFO 12004 --- [Proyecto-Venta] [SpringApplicationShutdownHook] o.s.b.w.e.tomcat.GracefulShutdown        : Commencing graceful shutdown. Waiting for active requests to complete
2025-10-29T20:41:15.027-03:00  INFO 12004 --- [Proyecto-Venta] [DiscoveryClient-InstanceInfoReplicator-%d] com.netflix.discovery.DiscoveryClient    : DiscoveryClient_PROYECTO-VENTA/localhost:Proyecto-Venta:8081 - registration status: 204
2025-10-29T20:41:15.029-03:00  INFO 12004 --- [Proyecto-Venta] [tomcat-shutdown] o.s.b.w.e.tomcat.GracefulShutdown        : Graceful shutdown complete
2025-10-29T20:41:15.037-03:00  INFO 12004 --- [Proyecto-Venta] [SpringApplicationShutdownHook] j.LocalContainerEntityManagerFactoryBean : Closing JPA EntityManagerFactory for persistence unit 'default'
2025-10-29T20:41:15.039-03:00  INFO 12004 --- [Proyecto-Venta] [SpringApplicationShutdownHook] com.zaxxer.hikari.HikariDataSource       : HikariPool-1 - Shutdown initiated...
2025-10-29T20:41:16.381-03:00  INFO 12004 --- [Proyecto-Venta] [SpringApplicationShutdownHook] com.zaxxer.hikari.HikariDataSource       : HikariPool-1 - Shutdown completed.
2025-10-29T20:41:16.382-03:00  INFO 12004 --- [Proyecto-Venta] [SpringApplicationShutdownHook] com.netflix.discovery.DiscoveryClient    : Shutting down DiscoveryClient ...
2025-10-29T20:41:19.384-03:00  INFO 12004 --- [Proyecto-Venta] [SpringApplicationShutdownHook] com.netflix.discovery.DiscoveryClient    : Unregistering ...
2025-10-29T20:41:19.409-03:00  INFO 12004 --- [Proyecto-Venta] [SpringApplicationShutdownHook] c.n.d.s.t.d.RedirectingEurekaHttpClient  : Request execution error. endpoint=DefaultEndpoint{ serviceUrl='http://localhost:8761/eureka/} exception=I/O error on DELETE request for "http://localhost:8761/eureka/apps/PROYECTO-VENTA/localhost:Proyecto-Venta:8081": Connect to http://localhost:8761 failed: Connection refused: getsockopt stacktrace=org.springframework.web.client.ResourceAccessException: I/O error on DELETE request for "http://localhost:8761/eureka/apps/PROYECTO-VENTA/localhost:Proyecto-Venta:8081": Connect to http://localhost:8761 failed: Connection refused: getsockopt
	at org.springframework.web.client.RestTemplate.createResourceAccessException(RestTemplate.java:926)
	at org.springframework.web.client.RestTemplate.doExecute(RestTemplate.java:906)
	at org.springframework.web.client.RestTemplate.execute(RestTemplate.java:841)
	at org.springframework.web.client.RestTemplate.exchange(RestTemplate.java:702)
	at org.springframework.cloud.netflix.eureka.http.RestTemplateEurekaHttpClient.cancel(RestTemplateEurekaHttpClient.java:100)
	at com.netflix.discovery.shared.transport.decorator.EurekaHttpClientDecorator$2.execute(EurekaHttpClientDecorator.java:74)
	at com.netflix.discovery.shared.transport.decorator.RedirectingEurekaHttpClient.execute(RedirectingEurekaHttpClient.java:91)
	at com.netflix.discovery.shared.transport.decorator.EurekaHttpClientDecorator.cancel(EurekaHttpClientDecorator.java:71)
	at com.netflix.discovery.shared.transport.decorator.EurekaHttpClientDecorator$2.execute(EurekaHttpClientDecorator.java:74)
	at com.netflix.discovery.shared.transport.decorator.RetryableEurekaHttpClient.execute(RetryableEurekaHttpClient.java:120)
	at com.netflix.discovery.shared.transport.decorator.EurekaHttpClientDecorator.cancel(EurekaHttpClientDecorator.java:71)
	at com.netflix.discovery.shared.transport.decorator.EurekaHttpClientDecorator$2.execute(EurekaHttpClientDecorator.java:74)
	at com.netflix.discovery.shared.transport.decorator.SessionedEurekaHttpClient.execute(SessionedEurekaHttpClient.java:76)
	at com.netflix.discovery.shared.transport.decorator.EurekaHttpClientDecorator.cancel(EurekaHttpClientDecorator.java:71)
	at com.netflix.discovery.DiscoveryClient.unregister(DiscoveryClient.java:919)
	at com.netflix.discovery.DiscoveryClient.shutdown(DiscoveryClient.java:900)
	at java.base/jdk.internal.reflect.DirectMethodHandleAccessor.invoke(DirectMethodHandleAccessor.java:104)
	at java.base/java.lang.reflect.Method.invoke(Method.java:565)
	at org.springframework.beans.factory.annotation.InitDestroyAnnotationBeanPostProcessor$LifecycleMethod.invoke(InitDestroyAnnotationBeanPostProcessor.java:457)
	at org.springframework.beans.factory.annotation.InitDestroyAnnotationBeanPostProcessor$LifecycleMetadata.invokeDestroyMethods(InitDestroyAnnotationBeanPostProcessor.java:415)
	at org.springframework.beans.factory.annotation.InitDestroyAnnotationBeanPostProcessor.postProcessBeforeDestruction(InitDestroyAnnotationBeanPostProcessor.java:239)
	at org.springframework.beans.factory.support.DisposableBeanAdapter.destroy(DisposableBeanAdapter.java:202)
	at org.springframework.beans.factory.support.DisposableBeanAdapter.run(DisposableBeanAdapter.java:195)
	at org.springframework.cloud.context.scope.GenericScope$BeanLifecycleWrapper.destroy(GenericScope.java:387)
	at org.springframework.cloud.context.scope.GenericScope.destroy(GenericScope.java:134)
	at org.springframework.beans.factory.support.DisposableBeanAdapter.destroy(DisposableBeanAdapter.java:211)
	at org.springframework.beans.factory.support.DefaultSingletonBeanRegistry.destroyBean(DefaultSingletonBeanRegistry.java:798)
	at org.springframework.beans.factory.support.DefaultSingletonBeanRegistry.destroySingleton(DefaultSingletonBeanRegistry.java:748)
	at org.springframework.beans.factory.support.DefaultListableBeanFactory.destroySingleton(DefaultListableBeanFactory.java:1481)
	at org.springframework.beans.factory.support.DefaultSingletonBeanRegistry.destroySingletons(DefaultSingletonBeanRegistry.java:707)
	at org.springframework.beans.factory.support.DefaultListableBeanFactory.destroySingletons(DefaultListableBeanFactory.java:1474)
	at org.springframework.context.support.AbstractApplicationContext.destroyBeans(AbstractApplicationContext.java:1219)
	at org.springframework.context.support.AbstractApplicationContext.doClose(AbstractApplicationContext.java:1180)
	at org.springframework.boot.web.servlet.context.ServletWebServerApplicationContext.doClose(ServletWebServerApplicationContext.java:179)
	at org.springframework.context.support.AbstractApplicationContext.close(AbstractApplicationContext.java:1126)
	at org.springframework.boot.SpringApplicationShutdownHook.closeAndWait(SpringApplicationShutdownHook.java:147)
	at java.base/java.lang.Iterable.forEach(Iterable.java:75)
	at org.springframework.boot.SpringApplicationShutdownHook.run(SpringApplicationShutdownHook.java:116)
	at java.base/java.lang.Thread.run(Thread.java:1447)
Caused by: org.apache.hc.client5.http.HttpHostConnectException: Connect to http://localhost:8761 failed: Connection refused: getsockopt
	at java.base/sun.nio.ch.Net.pollConnect(Native Method)
	at java.base/sun.nio.ch.Net.pollConnectNow(Net.java:628)
	at java.base/sun.nio.ch.NioSocketImpl.timedFinishConnect(NioSocketImpl.java:533)
	at java.base/sun.nio.ch.NioSocketImpl.connect(NioSocketImpl.java:583)
	at java.base/java.net.SocksSocketImpl.connect(SocksSocketImpl.java:282)
	at java.base/java.net.Socket.connect(Socket.java:665)
	at org.apache.hc.client5.http.impl.io.DefaultHttpClientConnectionOperator.connect(DefaultHttpClientConnectionOperator.java:205)
	at org.apache.hc.client5.http.impl.io.PoolingHttpClientConnectionManager.connect(PoolingHttpClientConnectionManager.java:490)
	at org.apache.hc.client5.http.impl.classic.InternalExecRuntime.connectEndpoint(InternalExecRuntime.java:164)
	at org.apache.hc.client5.http.impl.classic.InternalExecRuntime.connectEndpoint(InternalExecRuntime.java:174)
	at org.apache.hc.client5.http.impl.classic.ConnectExec.execute(ConnectExec.java:144)
	at org.apache.hc.client5.http.impl.classic.ExecChainElement.execute(ExecChainElement.java:51)
	at org.apache.hc.client5.http.impl.classic.ProtocolExec.execute(ProtocolExec.java:195)
	at org.apache.hc.client5.http.impl.classic.ExecChainElement.execute(ExecChainElement.java:51)
	at org.apache.hc.client5.http.impl.classic.ContentCompressionExec.execute(ContentCompressionExec.java:150)
	at org.apache.hc.client5.http.impl.classic.ExecChainElement.execute(ExecChainElement.java:51)
	at org.apache.hc.client5.http.impl.classic.HttpRequestRetryExec.execute(HttpRequestRetryExec.java:113)
	at org.apache.hc.client5.http.impl.classic.ExecChainElement.execute(ExecChainElement.java:51)
	at org.apache.hc.client5.http.impl.classic.RedirectExec.execute(RedirectExec.java:110)
	at org.apache.hc.client5.http.impl.classic.ExecChainElement.execute(ExecChainElement.java:51)
	at org.apache.hc.client5.http.impl.classic.InternalHttpClient.doExecute(InternalHttpClient.java:185)
	at org.apache.hc.client5.http.impl.classic.CloseableHttpClient.execute(CloseableHttpClient.java:87)
	at org.apache.hc.client5.http.impl.classic.CloseableHttpClient.execute(CloseableHttpClient.java:55)
	at org.apache.hc.client5.http.classic.HttpClient.executeOpen(HttpClient.java:183)
	at org.springframework.http.client.HttpComponentsClientHttpRequest.executeInternal(HttpComponentsClientHttpRequest.java:99)
	at org.springframework.http.client.AbstractStreamingClientHttpRequest.executeInternal(AbstractStreamingClientHttpRequest.java:71)
	at org.springframework.http.client.AbstractClientHttpRequest.execute(AbstractClientHttpRequest.java:81)
	at org.springframework.http.client.InterceptingClientHttpRequest$InterceptingRequestExecution.execute(InterceptingClientHttpRequest.java:117)
	at org.springframework.cloud.netflix.eureka.http.RestTemplateTransportClientFactory.lambda$restTemplate$2(RestTemplateTransportClientFactory.java:145)
	at org.springframework.http.client.InterceptingClientHttpRequest$InterceptingRequestExecution.execute(InterceptingClientHttpRequest.java:88)
	at org.springframework.http.client.InterceptingClientHttpRequest.executeInternal(InterceptingClientHttpRequest.java:72)
	at org.springframework.http.client.AbstractBufferingClientHttpRequest.executeInternal(AbstractBufferingClientHttpRequest.java:48)
	at org.springframework.http.client.AbstractClientHttpRequest.execute(AbstractClientHttpRequest.java:81)
	at org.springframework.web.client.RestTemplate.doExecute(RestTemplate.java:900)
	... 37 more

2025-10-29T20:41:19.410-03:00  WARN 12004 --- [Proyecto-Venta] [SpringApplicationShutdownHook] c.n.d.s.t.d.RetryableEurekaHttpClient    : Request execution failed with message: I/O error on DELETE request for "http://localhost:8761/eureka/apps/PROYECTO-VENTA/localhost:Proyecto-Venta:8081": Connect to http://localhost:8761 failed: Connection refused: getsockopt
2025-10-29T20:41:19.434-03:00  INFO 12004 --- [Proyecto-Venta] [SpringApplicationShutdownHook] c.n.d.s.t.d.RedirectingEurekaHttpClient  : Request execution error. endpoint=DefaultEndpoint{ serviceUrl='http://localhost:8761/eureka/}, exception=I/O error on DELETE request for "http://localhost:8761/eureka/apps/PROYECTO-VENTA/localhost:Proyecto-Venta:8081": Connect to http://localhost:8761 failed: Connection refused: getsockopt stacktrace=org.springframework.web.client.ResourceAccessException: I/O error on DELETE request for "http://localhost:8761/eureka/apps/PROYECTO-VENTA/localhost:Proyecto-Venta:8081": Connect to http://localhost:8761 failed: Connection refused: getsockopt
	at org.springframework.web.client.RestTemplate.createResourceAccessException(RestTemplate.java:926)
	at org.springframework.web.client.RestTemplate.doExecute(RestTemplate.java:906)
	at org.springframework.web.client.RestTemplate.execute(RestTemplate.java:841)
	at org.springframework.web.client.RestTemplate.exchange(RestTemplate.java:702)
	at org.springframework.cloud.netflix.eureka.http.RestTemplateEurekaHttpClient.cancel(RestTemplateEurekaHttpClient.java:100)
	at com.netflix.discovery.shared.transport.decorator.EurekaHttpClientDecorator$2.execute(EurekaHttpClientDecorator.java:74)
	at com.netflix.discovery.shared.transport.decorator.RedirectingEurekaHttpClient.executeOnNewServer(RedirectingEurekaHttpClient.java:121)
	at com.netflix.discovery.shared.transport.decorator.RedirectingEurekaHttpClient.execute(RedirectingEurekaHttpClient.java:80)
	at com.netflix.discovery.shared.transport.decorator.EurekaHttpClientDecorator.cancel(EurekaHttpClientDecorator.java:71)
	at com.netflix.discovery.shared.transport.decorator.EurekaHttpClientDecorator$2.execute(EurekaHttpClientDecorator.java:74)
	at com.netflix.discovery.shared.transport.decorator.RetryableEurekaHttpClient.execute(RetryableEurekaHttpClient.java:120)
	at com.netflix.discovery.shared.transport.decorator.EurekaHttpClientDecorator.cancel(EurekaHttpClientDecorator.java:71)
	at com.netflix.discovery.shared.transport.decorator.EurekaHttpClientDecorator$2.execute(EurekaHttpClientDecorator.java:74)
	at com.netflix.discovery.shared.transport.decorator.SessionedEurekaHttpClient.execute(SessionedEurekaHttpClient.java:76)
	at com.netflix.discovery.shared.transport.decorator.EurekaHttpClientDecorator.cancel(EurekaHttpClientDecorator.java:71)
	at com.netflix.discovery.DiscoveryClient.unregister(DiscoveryClient.java:919)
	at com.netflix.discovery.DiscoveryClient.shutdown(DiscoveryClient.java:900)
	at java.base/jdk.internal.reflect.DirectMethodHandleAccessor.invoke(DirectMethodHandleAccessor.java:104)
	at java.base/java.lang.reflect.Method.invoke(Method.java:565)
	at org.springframework.beans.factory.annotation.InitDestroyAnnotationBeanPostProcessor$LifecycleMethod.invoke(InitDestroyAnnotationBeanPostProcessor.java:457)
	at org.springframework.beans.factory.annotation.InitDestroyAnnotationBeanPostProcessor$LifecycleMetadata.invokeDestroyMethods(InitDestroyAnnotationBeanPostProcessor.java:415)
	at org.springframework.beans.factory.annotation.InitDestroyAnnotationBeanPostProcessor.postProcessBeforeDestruction(InitDestroyAnnotationBeanPostProcessor.java:239)
	at org.springframework.beans.factory.support.DisposableBeanAdapter.destroy(DisposableBeanAdapter.java:202)
	at org.springframework.beans.factory.support.DisposableBeanAdapter.run(DisposableBeanAdapter.java:195)
	at org.springframework.cloud.context.scope.GenericScope$BeanLifecycleWrapper.destroy(GenericScope.java:387)
	at org.springframework.cloud.context.scope.GenericScope.destroy(GenericScope.java:134)
	at org.springframework.beans.factory.support.DisposableBeanAdapter.destroy(DisposableBeanAdapter.java:211)
	at org.springframework.beans.factory.support.DefaultSingletonBeanRegistry.destroyBean(DefaultSingletonBeanRegistry.java:798)
	at org.springframework.beans.factory.support.DefaultSingletonBeanRegistry.destroySingleton(DefaultSingletonBeanRegistry.java:748)
	at org.springframework.beans.factory.support.DefaultListableBeanFactory.destroySingleton(DefaultListableBeanFactory.java:1481)
	at org.springframework.beans.factory.support.DefaultSingletonBeanRegistry.destroySingletons(DefaultSingletonBeanRegistry.java:707)
	at org.springframework.beans.factory.support.DefaultListableBeanFactory.destroySingletons(DefaultListableBeanFactory.java:1474)
	at org.springframework.context.support.AbstractApplicationContext.destroyBeans(AbstractApplicationContext.java:1219)
	at org.springframework.context.support.AbstractApplicationContext.doClose(AbstractApplicationContext.java:1180)
	at org.springframework.boot.web.servlet.context.ServletWebServerApplicationContext.doClose(ServletWebServerApplicationContext.java:179)
	at org.springframework.context.support.AbstractApplicationContext.close(AbstractApplicationContext.java:1126)
	at org.springframework.boot.SpringApplicationShutdownHook.closeAndWait(SpringApplicationShutdownHook.java:147)
	at java.base/java.lang.Iterable.forEach(Iterable.java:75)
	at org.springframework.boot.SpringApplicationShutdownHook.run(SpringApplicationShutdownHook.java:116)
	at java.base/java.lang.Thread.run(Thread.java:1447)
Caused by: org.apache.hc.client5.http.HttpHostConnectException: Connect to http://localhost:8761 failed: Connection refused: getsockopt
	at java.base/sun.nio.ch.Net.pollConnect(Native Method)
	at java.base/sun.nio.ch.Net.pollConnectNow(Net.java:628)
	at java.base/sun.nio.ch.NioSocketImpl.timedFinishConnect(NioSocketImpl.java:533)
	at java.base/sun.nio.ch.NioSocketImpl.connect(NioSocketImpl.java:583)
	at java.base/java.net.SocksSocketImpl.connect(SocksSocketImpl.java:282)
	at java.base/java.net.Socket.connect(Socket.java:665)
	at org.apache.hc.client5.http.impl.io.DefaultHttpClientConnectionOperator.connect(DefaultHttpClientConnectionOperator.java:205)
	at org.apache.hc.client5.http.impl.io.PoolingHttpClientConnectionManager.connect(PoolingHttpClientConnectionManager.java:490)
	at org.apache.hc.client5.http.impl.classic.InternalExecRuntime.connectEndpoint(InternalExecRuntime.java:164)
	at org.apache.hc.client5.http.impl.classic.InternalExecRuntime.connectEndpoint(InternalExecRuntime.java:174)
	at org.apache.hc.client5.http.impl.classic.ConnectExec.execute(ConnectExec.java:144)
	at org.apache.hc.client5.http.impl.classic.ExecChainElement.execute(ExecChainElement.java:51)
	at org.apache.hc.client5.http.impl.classic.ProtocolExec.execute(ProtocolExec.java:195)
	at org.apache.hc.client5.http.impl.classic.ExecChainElement.execute(ExecChainElement.java:51)
	at org.apache.hc.client5.http.impl.classic.ContentCompressionExec.execute(ContentCompressionExec.java:150)
	at org.apache.hc.client5.http.impl.classic.ExecChainElement.execute(ExecChainElement.java:51)
	at org.apache.hc.client5.http.impl.classic.HttpRequestRetryExec.execute(HttpRequestRetryExec.java:113)
	at org.apache.hc.client5.http.impl.classic.ExecChainElement.execute(ExecChainElement.java:51)
	at org.apache.hc.client5.http.impl.classic.RedirectExec.execute(RedirectExec.java:110)
	at org.apache.hc.client5.http.impl.classic.ExecChainElement.execute(ExecChainElement.java:51)
	at org.apache.hc.client5.http.impl.classic.InternalHttpClient.doExecute(InternalHttpClient.java:185)
	at org.apache.hc.client5.http.impl.classic.CloseableHttpClient.execute(CloseableHttpClient.java:87)
	at org.apache.hc.client5.http.impl.classic.CloseableHttpClient.execute(CloseableHttpClient.java:55)
	at org.apache.hc.client5.http.classic.HttpClient.executeOpen(HttpClient.java:183)
	at org.springframework.http.client.HttpComponentsClientHttpRequest.executeInternal(HttpComponentsClientHttpRequest.java:99)
	at org.springframework.http.client.AbstractStreamingClientHttpRequest.executeInternal(AbstractStreamingClientHttpRequest.java:71)
	at org.springframework.http.client.AbstractClientHttpRequest.execute(AbstractClientHttpRequest.java:81)
	at org.springframework.http.client.InterceptingClientHttpRequest$InterceptingRequestExecution.execute(InterceptingClientHttpRequest.java:117)
	at org.springframework.cloud.netflix.eureka.http.RestTemplateTransportClientFactory.lambda$restTemplate$2(RestTemplateTransportClientFactory.java:145)
	at org.springframework.http.client.InterceptingClientHttpRequest$InterceptingRequestExecution.execute(InterceptingClientHttpRequest.java:88)
	at org.springframework.http.client.InterceptingClientHttpRequest.executeInternal(InterceptingClientHttpRequest.java:72)
	at org.springframework.http.client.AbstractBufferingClientHttpRequest.executeInternal(AbstractBufferingClientHttpRequest.java:48)
	at org.springframework.http.client.AbstractClientHttpRequest.execute(AbstractClientHttpRequest.java:81)
	at org.springframework.web.client.RestTemplate.doExecute(RestTemplate.java:900)
	... 38 more

2025-10-29T20:41:19.435-03:00  WARN 12004 --- [Proyecto-Venta] [SpringApplicationShutdownHook] c.n.d.s.t.d.RetryableEurekaHttpClient    : Request execution failed with message: I/O error on DELETE request for "http://localhost:8761/eureka/apps/PROYECTO-VENTA/localhost:Proyecto-Venta:8081": Connect to http://localhost:8761 failed: Connection refused: getsockopt
2025-10-29T20:41:19.435-03:00 ERROR 12004 --- [Proyecto-Venta] [SpringApplicationShutdownHook] com.netflix.discovery.DiscoveryClient    : DiscoveryClient_PROYECTO-VENTA/localhost:Proyecto-Venta:8081 - de-registration failedCannot execute request on any known server

com.netflix.discovery.shared.transport.TransportException: Cannot execute request on any known server
	at com.netflix.discovery.shared.transport.decorator.RetryableEurekaHttpClient.execute(RetryableEurekaHttpClient.java:112) ~[eureka-client-2.0.4.jar:2.0.4]
	at com.netflix.discovery.shared.transport.decorator.EurekaHttpClientDecorator.cancel(EurekaHttpClientDecorator.java:71) ~[eureka-client-2.0.4.jar:2.0.4]
	at com.netflix.discovery.shared.transport.decorator.EurekaHttpClientDecorator$2.execute(EurekaHttpClientDecorator.java:74) ~[eureka-client-2.0.4.jar:2.0.4]
	at com.netflix.discovery.shared.transport.decorator.SessionedEurekaHttpClient.execute(SessionedEurekaHttpClient.java:76) ~[eureka-client-2.0.4.jar:2.0.4]
	at com.netflix.discovery.shared.transport.decorator.EurekaHttpClientDecorator.cancel(EurekaHttpClientDecorator.java:71) ~[eureka-client-2.0.4.jar:2.0.4]
	at com.netflix.discovery.DiscoveryClient.unregister(DiscoveryClient.java:919) ~[eureka-client-2.0.4.jar:2.0.4]
	at com.netflix.discovery.DiscoveryClient.shutdown(DiscoveryClient.java:900) ~[eureka-client-2.0.4.jar:2.0.4]
	at java.base/jdk.internal.reflect.DirectMethodHandleAccessor.invoke(DirectMethodHandleAccessor.java:104) ~[na:na]
	at java.base/java.lang.reflect.Method.invoke(Method.java:565) ~[na:na]
	at org.springframework.beans.factory.annotation.InitDestroyAnnotationBeanPostProcessor$LifecycleMethod.invoke(InitDestroyAnnotationBeanPostProcessor.java:457) ~[spring-beans-6.2.10.jar:6.2.10]
	at org.springframework.beans.factory.annotation.InitDestroyAnnotationBeanPostProcessor$LifecycleMetadata.invokeDestroyMethods(InitDestroyAnnotationBeanPostProcessor.java:415) ~[spring-beans-6.2.10.jar:6.2.10]
	at org.springframework.beans.factory.annotation.InitDestroyAnnotationBeanPostProcessor.postProcessBeforeDestruction(InitDestroyAnnotationBeanPostProcessor.java:239) ~[spring-beans-6.2.10.jar:6.2.10]
	at org.springframework.beans.factory.support.DisposableBeanAdapter.destroy(DisposableBeanAdapter.java:202) ~[spring-beans-6.2.10.jar:6.2.10]
	at org.springframework.beans.factory.support.DisposableBeanAdapter.run(DisposableBeanAdapter.java:195) ~[spring-beans-6.2.10.jar:6.2.10]
	at org.springframework.cloud.context.scope.GenericScope$BeanLifecycleWrapper.destroy(GenericScope.java:387) ~[spring-cloud-context-4.3.0.jar:4.3.0]
	at org.springframework.cloud.context.scope.GenericScope.destroy(GenericScope.java:134) ~[spring-cloud-context-4.3.0.jar:4.3.0]
	at org.springframework.beans.factory.support.DisposableBeanAdapter.destroy(DisposableBeanAdapter.java:211) ~[spring-beans-6.2.10.jar:6.2.10]
	at org.springframework.beans.factory.support.DefaultSingletonBeanRegistry.destroyBean(DefaultSingletonBeanRegistry.java:798) ~[spring-beans-6.2.10.jar:6.2.10]
	at org.springframework.beans.factory.support.DefaultSingletonBeanRegistry.destroySingleton(DefaultSingletonBeanRegistry.java:748) ~[spring-beans-6.2.10.jar:6.2.10]
	at org.springframework.beans.factory.support.DefaultListableBeanFactory.destroySingleton(DefaultListableBeanFactory.java:1481) ~[spring-beans-6.2.10.jar:6.2.10]
	at org.springframework.beans.factory.support.DefaultSingletonBeanRegistry.destroySingletons(DefaultSingletonBeanRegistry.java:707) ~[spring-beans-6.2.10.jar:6.2.10]
	at org.springframework.beans.factory.support.DefaultListableBeanFactory.destroySingletons(DefaultListableBeanFactory.java:1474) ~[spring-beans-6.2.10.jar:6.2.10]
	at org.springframework.context.support.AbstractApplicationContext.destroyBeans(AbstractApplicationContext.java:1219) ~[spring-context-6.2.10.jar:6.2.10]
	at org.springframework.context.support.AbstractApplicationContext.doClose(AbstractApplicationContext.java:1180) ~[spring-context-6.2.10.jar:6.2.10]
	at org.springframework.boot.web.servlet.context.ServletWebServerApplicationContext.doClose(ServletWebServerApplicationContext.java:179) ~[spring-boot-3.5.5.jar:3.5.5]
	at org.springframework.context.support.AbstractApplicationContext.close(AbstractApplicationContext.java:1126) ~[spring-context-6.2.10.jar:6.2.10]
	at org.springframework.boot.SpringApplicationShutdownHook.closeAndWait(SpringApplicationShutdownHook.java:147) ~[spring-boot-3.5.5.jar:3.5.5]
	at java.base/java.lang.Iterable.forEach(Iterable.java:75) ~[na:na]
	at org.springframework.boot.SpringApplicationShutdownHook.run(SpringApplicationShutdownHook.java:116) ~[spring-boot-3.5.5.jar:3.5.5]
	at java.base/java.lang.Thread.run(Thread.java:1447) ~[na:na]

2025-10-29T20:41:19.438-03:00  INFO 12004 --- [Proyecto-Venta] [SpringApplicationShutdownHook] com.netflix.discovery.DiscoveryClient    : Completed shut down of DiscoveryClient
2025-10-29T20:41:58.665-03:00  INFO 15168 --- [Proyecto-Venta] [main] c.d.p.ProyectoVentaApplication           : Starting ProyectoVentaApplication using Java 24 with PID 15168 (C:\Users\Usuario\IdeaProjects\Distri\SistemaWebYDistribuido\Proyecto-Venta\target\classes started by Usuario in C:\Users\Usuario\IdeaProjects\Distri\SistemaWebYDistribuido)
2025-10-29T20:41:58.667-03:00  INFO 15168 --- [Proyecto-Venta] [main] c.d.p.ProyectoVentaApplication           : No active profile set, falling back to 1 default profile: "default"
2025-10-29T20:41:59.450-03:00  INFO 15168 --- [Proyecto-Venta] [main] .s.d.r.c.RepositoryConfigurationDelegate : Bootstrapping Spring Data JPA repositories in DEFAULT mode.
2025-10-29T20:41:59.608-03:00  INFO 15168 --- [Proyecto-Venta] [main] .s.d.r.c.RepositoryConfigurationDelegate : Finished Spring Data repository scanning in 148 ms. Found 8 JPA repository interfaces.
2025-10-29T20:41:59.763-03:00  INFO 15168 --- [Proyecto-Venta] [main] o.s.cloud.context.scope.GenericScope     : BeanFactory id=01235d07-0bc7-3f81-a0a7-e4e7bced9c96
2025-10-29T20:42:00.101-03:00  INFO 15168 --- [Proyecto-Venta] [main] o.s.b.w.embedded.tomcat.TomcatWebServer  : Tomcat initialized with port 8081 (http)
2025-10-29T20:42:00.115-03:00  INFO 15168 --- [Proyecto-Venta] [main] o.apache.catalina.core.StandardService   : Starting service [Tomcat]
2025-10-29T20:42:00.116-03:00  INFO 15168 --- [Proyecto-Venta] [main] o.apache.catalina.core.StandardEngine    : Starting Servlet engine: [Apache Tomcat/10.1.44]
2025-10-29T20:42:00.180-03:00  INFO 15168 --- [Proyecto-Venta] [main] o.a.c.c.C.[Tomcat].[localhost].[/]       : Initializing Spring embedded WebApplicationContext
2025-10-29T20:42:00.180-03:00  INFO 15168 --- [Proyecto-Venta] [main] w.s.c.ServletWebServerApplicationContext : Root WebApplicationContext: initialization completed in 1473 ms
2025-10-29T20:42:00.310-03:00  INFO 15168 --- [Proyecto-Venta] [main] com.zaxxer.hikari.HikariDataSource       : HikariPool-1 - Starting...
2025-10-29T20:42:02.379-03:00  INFO 15168 --- [Proyecto-Venta] [main] com.zaxxer.hikari.pool.HikariPool        : HikariPool-1 - Added connection org.postgresql.jdbc.PgConnection@10b67f54
2025-10-29T20:42:02.381-03:00  INFO 15168 --- [Proyecto-Venta] [main] com.zaxxer.hikari.HikariDataSource       : HikariPool-1 - Start completed.
2025-10-29T20:42:03.679-03:00  INFO 15168 --- [Proyecto-Venta] [main] liquibase.database                       : Set default schema name to public
2025-10-29T20:42:04.771-03:00  INFO 15168 --- [Proyecto-Venta] [main] liquibase.changelog                      : Reading from public.databasechangelog
2025-10-29T20:42:06.793-03:00  INFO 15168 --- [Proyecto-Venta] [main] liquibase.ui                             : Database is up to date, no changesets to execute
2025-10-29T20:42:06.976-03:00  INFO 15168 --- [Proyecto-Venta] [main] liquibase.changelog                      : Reading from public.databasechangelog
2025-10-29T20:42:07.176-03:00  INFO 15168 --- [Proyecto-Venta] [main] liquibase.util                           : UPDATE SUMMARY
2025-10-29T20:42:07.176-03:00  INFO 15168 --- [Proyecto-Venta] [main] liquibase.util                           : Run:                          0
2025-10-29T20:42:07.176-03:00  INFO 15168 --- [Proyecto-Venta] [main] liquibase.util                           : Previously run:              21
2025-10-29T20:42:07.176-03:00  INFO 15168 --- [Proyecto-Venta] [main] liquibase.util                           : Filtered out:                 0
2025-10-29T20:42:07.177-03:00  INFO 15168 --- [Proyecto-Venta] [main] liquibase.util                           : -------------------------------
2025-10-29T20:42:07.177-03:00  INFO 15168 --- [Proyecto-Venta] [main] liquibase.util                           : Total change sets:           21
2025-10-29T20:42:07.177-03:00  INFO 15168 --- [Proyecto-Venta] [main] liquibase.util                           : Update summary generated
2025-10-29T20:42:07.178-03:00  INFO 15168 --- [Proyecto-Venta] [main] liquibase.command                        : Command execution complete
2025-10-29T20:42:08.903-03:00  INFO 15168 --- [Proyecto-Venta] [main] o.hibernate.jpa.internal.util.LogHelper  : HHH000204: Processing PersistenceUnitInfo [name: default]
2025-10-29T20:42:08.951-03:00  INFO 15168 --- [Proyecto-Venta] [main] org.hibernate.Version                    : HHH000412: Hibernate ORM core version 6.6.26.Final
2025-10-29T20:42:08.982-03:00  INFO 15168 --- [Proyecto-Venta] [main] o.h.c.internal.RegionFactoryInitiator    : HHH000026: Second-level cache disabled
2025-10-29T20:42:09.243-03:00  INFO 15168 --- [Proyecto-Venta] [main] o.s.o.j.p.SpringPersistenceUnitInfo      : No LoadTimeWeaver setup: ignoring JPA class transformer
2025-10-29T20:42:09.879-03:00  INFO 15168 --- [Proyecto-Venta] [main] org.hibernate.orm.connections.pooling    : HHH10001005: Database info:
	Database JDBC URL [Connecting through datasource 'HikariDataSource (HikariPool-1)']
	Database driver: undefined/unknown
	Database version: 17.6
	Autocommit mode: undefined/unknown
	Isolation level: undefined/unknown
	Minimum pool size: undefined/unknown
	Maximum pool size: undefined/unknown
2025-10-29T20:42:10.846-03:00  INFO 15168 --- [Proyecto-Venta] [main] o.h.e.t.j.p.i.JtaPlatformInitiator       : HHH000489: No JTA platform available (set 'hibernate.transaction.jta.platform' to enable JTA platform integration)
2025-10-29T20:42:10.849-03:00  INFO 15168 --- [Proyecto-Venta] [main] j.LocalContainerEntityManagerFactoryBean : Initialized JPA EntityManagerFactory for persistence unit 'default'
2025-10-29T20:42:11.198-03:00  INFO 15168 --- [Proyecto-Venta] [main] o.s.d.j.r.query.QueryEnhancerFactory     : Hibernate is in classpath; If applicable, HQL parser will be used.
2025-10-29T20:42:11.785-03:00  WARN 15168 --- [Proyecto-Venta] [main] JpaBaseConfiguration$JpaWebConfiguration : spring.jpa.open-in-view is enabled by default. Therefore, database queries may be performed during view rendering. Explicitly configure spring.jpa.open-in-view to disable this warning
2025-10-29T20:42:13.238-03:00  INFO 15168 --- [Proyecto-Venta] [main] o.s.cloud.commons.util.InetUtils         : Cannot determine local hostname
2025-10-29T20:42:14.257-03:00  INFO 15168 --- [Proyecto-Venta] [main] o.s.cloud.commons.util.InetUtils         : Cannot determine local hostname
2025-10-29T20:42:14.275-03:00  INFO 15168 --- [Proyecto-Venta] [main] DiscoveryClientOptionalArgsConfiguration : Eureka HTTP Client uses RestTemplate.
2025-10-29T20:42:14.309-03:00  WARN 15168 --- [Proyecto-Venta] [main] iguration$LoadBalancerCaffeineWarnLogger : Spring Cloud LoadBalancer is currently working with the default cache. While this cache implementation is useful for development and tests, it's recommended to use Caffeine cache in production.You can switch to using Caffeine cache, by adding it and org.springframework.cache.caffeine.CaffeineCacheManager to the classpath.
2025-10-29T20:42:14.353-03:00  INFO 15168 --- [Proyecto-Venta] [main] o.s.c.n.eureka.InstanceInfoFactory       : Setting initial instance status as: STARTING
2025-10-29T20:42:14.376-03:00  INFO 15168 --- [Proyecto-Venta] [main] com.netflix.discovery.DiscoveryClient    : Initializing Eureka in region us-east-1
2025-10-29T20:42:14.379-03:00  INFO 15168 --- [Proyecto-Venta] [main] c.n.d.s.r.aws.ConfigClusterResolver      : Resolving eureka endpoints via configuration
2025-10-29T20:42:14.387-03:00  INFO 15168 --- [Proyecto-Venta] [main] com.netflix.discovery.DiscoveryClient    : Disable delta property : false
2025-10-29T20:42:14.387-03:00  INFO 15168 --- [Proyecto-Venta] [main] com.netflix.discovery.DiscoveryClient    : Single vip registry refresh property : null
2025-10-29T20:42:14.387-03:00  INFO 15168 --- [Proyecto-Venta] [main] com.netflix.discovery.DiscoveryClient    : Force full registry fetch : false
2025-10-29T20:42:14.387-03:00  INFO 15168 --- [Proyecto-Venta] [main] com.netflix.discovery.DiscoveryClient    : Application is null : false
2025-10-29T20:42:14.387-03:00  INFO 15168 --- [Proyecto-Venta] [main] com.netflix.discovery.DiscoveryClient    : Registered Applications size is zero : true
2025-10-29T20:42:14.387-03:00  INFO 15168 --- [Proyecto-Venta] [main] com.netflix.discovery.DiscoveryClient    : Application version is -1: true
2025-10-29T20:42:14.387-03:00  INFO 15168 --- [Proyecto-Venta] [main] com.netflix.discovery.DiscoveryClient    : Getting all instance registry info from the eureka server
2025-10-29T20:42:14.695-03:00  INFO 15168 --- [Proyecto-Venta] [main] com.netflix.discovery.DiscoveryClient    : The response status is 200
2025-10-29T20:42:14.696-03:00  INFO 15168 --- [Proyecto-Venta] [main] com.netflix.discovery.DiscoveryClient    : Starting heartbeat executor: renew interval is: 30
2025-10-29T20:42:14.698-03:00  INFO 15168 --- [Proyecto-Venta] [main] c.n.discovery.InstanceInfoReplicator     : InstanceInfoReplicator onDemand update allowed rate per min is 4
2025-10-29T20:42:14.699-03:00  INFO 15168 --- [Proyecto-Venta] [main] com.netflix.discovery.DiscoveryClient    : Discovery Client initialized at timestamp 1761781334699 with initial instances count: 1
2025-10-29T20:42:14.702-03:00  INFO 15168 --- [Proyecto-Venta] [main] o.s.c.n.e.s.EurekaServiceRegistry        : Registering application PROYECTO-VENTA with eureka with status UP
2025-10-29T20:42:14.703-03:00  INFO 15168 --- [Proyecto-Venta] [main] com.netflix.discovery.DiscoveryClient    : Saw local status change event StatusChangeEvent [timestamp=1761781334703, current=UP, previous=STARTING]
2025-10-29T20:42:14.705-03:00  INFO 15168 --- [Proyecto-Venta] [DiscoveryClient-InstanceInfoReplicator-%d] com.netflix.discovery.DiscoveryClient    : DiscoveryClient_PROYECTO-VENTA/localhost:Proyecto-Venta:8081: registering service...
2025-10-29T20:42:14.720-03:00  INFO 15168 --- [Proyecto-Venta] [main] o.s.b.w.embedded.tomcat.TomcatWebServer  : Tomcat started on port 8081 (http) with context path '/'
2025-10-29T20:42:14.721-03:00  INFO 15168 --- [Proyecto-Venta] [main] .s.c.n.e.s.EurekaAutoServiceRegistration : Updating port to 8081
2025-10-29T20:42:14.741-03:00  INFO 15168 --- [Proyecto-Venta] [DiscoveryClient-InstanceInfoReplicator-%d] com.netflix.discovery.DiscoveryClient    : DiscoveryClient_PROYECTO-VENTA/localhost:Proyecto-Venta:8081 - registration status: 204
2025-10-29T20:42:15.724-03:00  INFO 15168 --- [Proyecto-Venta] [main] o.s.cloud.commons.util.InetUtils         : Cannot determine local hostname
2025-10-29T20:42:15.731-03:00  INFO 15168 --- [Proyecto-Venta] [main] c.d.p.ProyectoVentaApplication           : Started ProyectoVentaApplication in 18.517 seconds (process running for 19.765)
2025-10-29T20:42:41.074-03:00  INFO 15168 --- [Proyecto-Venta] [http-nio-8081-exec-1] o.a.c.c.C.[Tomcat].[localhost].[/]       : Initializing Spring DispatcherServlet 'dispatcherServlet'
2025-10-29T20:42:41.075-03:00  INFO 15168 --- [Proyecto-Venta] [http-nio-8081-exec-1] o.s.web.servlet.DispatcherServlet        : Initializing Servlet 'dispatcherServlet'
2025-10-29T20:42:41.076-03:00  INFO 15168 --- [Proyecto-Venta] [http-nio-8081-exec-1] o.s.web.servlet.DispatcherServlet        : Completed initialization in 1 ms
2025-10-29T20:42:41.109-03:00  INFO 15168 --- [Proyecto-Venta] [http-nio-8081-exec-1] c.d.p.apis.controller.VentaController    : GET /ventas page=0 size=10 filtros: clienteId=null, desde=null, hasta=null
2025-10-29T20:42:41.308-03:00  INFO 15168 --- [Proyecto-Venta] [http-nio-8081-exec-1] c.d.p.apis.service.VentaService          : Listando ventas - clienteId=null desde=null hasta=null
2025-10-29T20:42:41.366-03:00 DEBUG 15168 --- [Proyecto-Venta] [http-nio-8081-exec-1] org.hibernate.SQL                        : select v1_0.id,v1_0.activo,v1_0.cliente_id,v1_0.creado_por,v1_0.fecha_venta,v1_0.iva,v1_0.subtotal,v1_0.total from venta v1_0 where (v1_0.activo = true) offset ? rows fetch first ? rows only
2025-10-29T20:42:41.367-03:00 TRACE 15168 --- [Proyecto-Venta] [http-nio-8081-exec-1] org.hibernate.orm.jdbc.bind              : binding parameter (1:INTEGER) <- [0]
2025-10-29T20:42:41.368-03:00 TRACE 15168 --- [Proyecto-Venta] [http-nio-8081-exec-1] org.hibernate.orm.jdbc.bind              : binding parameter (2:INTEGER) <- [10]
2025-10-29T20:42:41.602-03:00 DEBUG 15168 --- [Proyecto-Venta] [http-nio-8081-exec-1] org.hibernate.SQL                        : select count(v1_0.id) from venta v1_0 where (v1_0.activo = true)
2025-10-29T20:42:41.794-03:00 DEBUG 15168 --- [Proyecto-Venta] [http-nio-8081-exec-1] org.hibernate.SQL                        : select d1_0.venta_id,d1_0.id,d1_0.activo,d1_0.cantidad,d1_0.precio_unitario,d1_0.producto_id,d1_0.subtotal_linea,d1_0.tasa_iva,d1_0.total_linea from venta_detalle d1_0 where d1_0.venta_id=? and (d1_0.activo = true)
2025-10-29T20:42:41.795-03:00 TRACE 15168 --- [Proyecto-Venta] [http-nio-8081-exec-1] org.hibernate.orm.jdbc.bind              : binding parameter (1:BIGINT) <- [3]
2025-10-29T20:42:41.995-03:00 DEBUG 15168 --- [Proyecto-Venta] [http-nio-8081-exec-1] org.hibernate.SQL                        : select d1_0.venta_id,d1_0.id,d1_0.activo,d1_0.cantidad,d1_0.precio_unitario,d1_0.producto_id,d1_0.subtotal_linea,d1_0.tasa_iva,d1_0.total_linea from venta_detalle d1_0 where d1_0.venta_id=? and (d1_0.activo = true)
2025-10-29T20:42:41.995-03:00 TRACE 15168 --- [Proyecto-Venta] [http-nio-8081-exec-1] org.hibernate.orm.jdbc.bind              : binding parameter (1:BIGINT) <- [8]
2025-10-29T20:42:42.180-03:00 DEBUG 15168 --- [Proyecto-Venta] [http-nio-8081-exec-1] org.hibernate.SQL                        : select d1_0.venta_id,d1_0.id,d1_0.activo,d1_0.cantidad,d1_0.precio_unitario,d1_0.producto_id,d1_0.subtotal_linea,d1_0.tasa_iva,d1_0.total_linea from venta_detalle d1_0 where d1_0.venta_id=? and (d1_0.activo = true)
2025-10-29T20:42:42.180-03:00 TRACE 15168 --- [Proyecto-Venta] [http-nio-8081-exec-1] org.hibernate.orm.jdbc.bind              : binding parameter (1:BIGINT) <- [11]
2025-10-29T20:42:42.368-03:00 DEBUG 15168 --- [Proyecto-Venta] [http-nio-8081-exec-1] org.hibernate.SQL                        : select d1_0.venta_id,d1_0.id,d1_0.activo,d1_0.cantidad,d1_0.precio_unitario,d1_0.producto_id,d1_0.subtotal_linea,d1_0.tasa_iva,d1_0.total_linea from venta_detalle d1_0 where d1_0.venta_id=? and (d1_0.activo = true)
2025-10-29T20:42:42.368-03:00 TRACE 15168 --- [Proyecto-Venta] [http-nio-8081-exec-1] org.hibernate.orm.jdbc.bind              : binding parameter (1:BIGINT) <- [13]
2025-10-29T20:42:42.557-03:00 DEBUG 15168 --- [Proyecto-Venta] [http-nio-8081-exec-1] org.hibernate.SQL                        : select d1_0.venta_id,d1_0.id,d1_0.activo,d1_0.cantidad,d1_0.precio_unitario,d1_0.producto_id,d1_0.subtotal_linea,d1_0.tasa_iva,d1_0.total_linea from venta_detalle d1_0 where d1_0.venta_id=? and (d1_0.activo = true)
2025-10-29T20:42:42.558-03:00 TRACE 15168 --- [Proyecto-Venta] [http-nio-8081-exec-1] org.hibernate.orm.jdbc.bind              : binding parameter (1:BIGINT) <- [14]
2025-10-29T20:42:42.746-03:00 DEBUG 15168 --- [Proyecto-Venta] [http-nio-8081-exec-1] org.hibernate.SQL                        : select d1_0.venta_id,d1_0.id,d1_0.activo,d1_0.cantidad,d1_0.precio_unitario,d1_0.producto_id,d1_0.subtotal_linea,d1_0.tasa_iva,d1_0.total_linea from venta_detalle d1_0 where d1_0.venta_id=? and (d1_0.activo = true)
2025-10-29T20:42:42.746-03:00 TRACE 15168 --- [Proyecto-Venta] [http-nio-8081-exec-1] org.hibernate.orm.jdbc.bind              : binding parameter (1:BIGINT) <- [15]
2025-10-29T20:42:42.933-03:00 DEBUG 15168 --- [Proyecto-Venta] [http-nio-8081-exec-1] org.hibernate.SQL                        : select d1_0.venta_id,d1_0.id,d1_0.activo,d1_0.cantidad,d1_0.precio_unitario,d1_0.producto_id,d1_0.subtotal_linea,d1_0.tasa_iva,d1_0.total_linea from venta_detalle d1_0 where d1_0.venta_id=? and (d1_0.activo = true)
2025-10-29T20:42:42.934-03:00 TRACE 15168 --- [Proyecto-Venta] [http-nio-8081-exec-1] org.hibernate.orm.jdbc.bind              : binding parameter (1:BIGINT) <- [16]
2025-10-29T20:42:43.121-03:00 DEBUG 15168 --- [Proyecto-Venta] [http-nio-8081-exec-1] org.hibernate.SQL                        : select d1_0.venta_id,d1_0.id,d1_0.activo,d1_0.cantidad,d1_0.precio_unitario,d1_0.producto_id,d1_0.subtotal_linea,d1_0.tasa_iva,d1_0.total_linea from venta_detalle d1_0 where d1_0.venta_id=? and (d1_0.activo = true)
2025-10-29T20:42:43.122-03:00 TRACE 15168 --- [Proyecto-Venta] [http-nio-8081-exec-1] org.hibernate.orm.jdbc.bind              : binding parameter (1:BIGINT) <- [17]
2025-10-29T20:42:43.314-03:00 DEBUG 15168 --- [Proyecto-Venta] [http-nio-8081-exec-1] org.hibernate.SQL                        : select d1_0.venta_id,d1_0.id,d1_0.activo,d1_0.cantidad,d1_0.precio_unitario,d1_0.producto_id,d1_0.subtotal_linea,d1_0.tasa_iva,d1_0.total_linea from venta_detalle d1_0 where d1_0.venta_id=? and (d1_0.activo = true)
2025-10-29T20:42:43.314-03:00 TRACE 15168 --- [Proyecto-Venta] [http-nio-8081-exec-1] org.hibernate.orm.jdbc.bind              : binding parameter (1:BIGINT) <- [18]
2025-10-29T20:42:43.505-03:00 DEBUG 15168 --- [Proyecto-Venta] [http-nio-8081-exec-1] org.hibernate.SQL                        : select d1_0.venta_id,d1_0.id,d1_0.activo,d1_0.cantidad,d1_0.precio_unitario,d1_0.producto_id,d1_0.subtotal_linea,d1_0.tasa_iva,d1_0.total_linea from venta_detalle d1_0 where d1_0.venta_id=? and (d1_0.activo = true)
2025-10-29T20:42:43.506-03:00 TRACE 15168 --- [Proyecto-Venta] [http-nio-8081-exec-1] org.hibernate.orm.jdbc.bind              : binding parameter (1:BIGINT) <- [19]
2025-10-29T20:42:43.888-03:00  WARN 15168 --- [Proyecto-Venta] [http-nio-8081-exec-1] ration$PageModule$WarningLoggingModifier : Serializing PageImpl instances as-is is not supported, meaning that there is no guarantee about the stability of the resulting JSON structure!
	For a stable JSON structure, please use Spring Data's PagedModel (globally via @EnableSpringDataWebSupport(pageSerializationMode = VIA_DTO))
	or Spring HATEOAS and Spring Data's PagedResourcesAssembler as documented in https://docs.spring.io/spring-data/commons/reference/repositories/core-extensions.html#core.web.pageables.

2025-10-29T20:42:55.822-03:00  INFO 15168 --- [Proyecto-Venta] [SpringApplicationShutdownHook] o.s.c.n.e.s.EurekaServiceRegistry        : Unregistering application PROYECTO-VENTA with eureka with status DOWN
2025-10-29T20:42:55.822-03:00  INFO 15168 --- [Proyecto-Venta] [SpringApplicationShutdownHook] com.netflix.discovery.DiscoveryClient    : Saw local status change event StatusChangeEvent [timestamp=1761781375822, current=DOWN, previous=UP]
2025-10-29T20:42:55.822-03:00  INFO 15168 --- [Proyecto-Venta] [DiscoveryClient-InstanceInfoReplicator-%d] com.netflix.discovery.DiscoveryClient    : DiscoveryClient_PROYECTO-VENTA/localhost:Proyecto-Venta:8081: registering service...
2025-10-29T20:42:55.825-03:00  INFO 15168 --- [Proyecto-Venta] [SpringApplicationShutdownHook] o.s.b.w.e.tomcat.GracefulShutdown        : Commencing graceful shutdown. Waiting for active requests to complete
2025-10-29T20:42:55.828-03:00  INFO 15168 --- [Proyecto-Venta] [DiscoveryClient-InstanceInfoReplicator-%d] com.netflix.discovery.DiscoveryClient    : DiscoveryClient_PROYECTO-VENTA/localhost:Proyecto-Venta:8081 - registration status: 204
2025-10-29T20:42:55.829-03:00  INFO 15168 --- [Proyecto-Venta] [tomcat-shutdown] o.s.b.w.e.tomcat.GracefulShutdown        : Graceful shutdown complete
2025-10-29T20:42:55.836-03:00  INFO 15168 --- [Proyecto-Venta] [SpringApplicationShutdownHook] j.LocalContainerEntityManagerFactoryBean : Closing JPA EntityManagerFactory for persistence unit 'default'
2025-10-29T20:42:55.838-03:00  INFO 15168 --- [Proyecto-Venta] [SpringApplicationShutdownHook] com.zaxxer.hikari.HikariDataSource       : HikariPool-1 - Shutdown initiated...
2025-10-29T20:42:57.190-03:00  INFO 15168 --- [Proyecto-Venta] [SpringApplicationShutdownHook] com.zaxxer.hikari.HikariDataSource       : HikariPool-1 - Shutdown completed.
2025-10-29T20:42:57.190-03:00  INFO 15168 --- [Proyecto-Venta] [SpringApplicationShutdownHook] com.netflix.discovery.DiscoveryClient    : Shutting down DiscoveryClient ...
2025-10-29T20:43:00.193-03:00  INFO 15168 --- [Proyecto-Venta] [SpringApplicationShutdownHook] com.netflix.discovery.DiscoveryClient    : Unregistering ...
2025-10-29T20:43:00.219-03:00  INFO 15168 --- [Proyecto-Venta] [SpringApplicationShutdownHook] c.n.d.s.t.d.RedirectingEurekaHttpClient  : Request execution error. endpoint=DefaultEndpoint{ serviceUrl='http://localhost:8761/eureka/} exception=I/O error on DELETE request for "http://localhost:8761/eureka/apps/PROYECTO-VENTA/localhost:Proyecto-Venta:8081": Connect to http://localhost:8761 failed: Connection refused: getsockopt stacktrace=org.springframework.web.client.ResourceAccessException: I/O error on DELETE request for "http://localhost:8761/eureka/apps/PROYECTO-VENTA/localhost:Proyecto-Venta:8081": Connect to http://localhost:8761 failed: Connection refused: getsockopt
	at org.springframework.web.client.RestTemplate.createResourceAccessException(RestTemplate.java:926)
	at org.springframework.web.client.RestTemplate.doExecute(RestTemplate.java:906)
	at org.springframework.web.client.RestTemplate.execute(RestTemplate.java:841)
	at org.springframework.web.client.RestTemplate.exchange(RestTemplate.java:702)
	at org.springframework.cloud.netflix.eureka.http.RestTemplateEurekaHttpClient.cancel(RestTemplateEurekaHttpClient.java:100)
	at com.netflix.discovery.shared.transport.decorator.EurekaHttpClientDecorator$2.execute(EurekaHttpClientDecorator.java:74)
	at com.netflix.discovery.shared.transport.decorator.RedirectingEurekaHttpClient.execute(RedirectingEurekaHttpClient.java:91)
	at com.netflix.discovery.shared.transport.decorator.EurekaHttpClientDecorator.cancel(EurekaHttpClientDecorator.java:71)
	at com.netflix.discovery.shared.transport.decorator.EurekaHttpClientDecorator$2.execute(EurekaHttpClientDecorator.java:74)
	at com.netflix.discovery.shared.transport.decorator.RetryableEurekaHttpClient.execute(RetryableEurekaHttpClient.java:120)
	at com.netflix.discovery.shared.transport.decorator.EurekaHttpClientDecorator.cancel(EurekaHttpClientDecorator.java:71)
	at com.netflix.discovery.shared.transport.decorator.EurekaHttpClientDecorator$2.execute(EurekaHttpClientDecorator.java:74)
	at com.netflix.discovery.shared.transport.decorator.SessionedEurekaHttpClient.execute(SessionedEurekaHttpClient.java:76)
	at com.netflix.discovery.shared.transport.decorator.EurekaHttpClientDecorator.cancel(EurekaHttpClientDecorator.java:71)
	at com.netflix.discovery.DiscoveryClient.unregister(DiscoveryClient.java:919)
	at com.netflix.discovery.DiscoveryClient.shutdown(DiscoveryClient.java:900)
	at java.base/jdk.internal.reflect.DirectMethodHandleAccessor.invoke(DirectMethodHandleAccessor.java:104)
	at java.base/java.lang.reflect.Method.invoke(Method.java:565)
	at org.springframework.beans.factory.annotation.InitDestroyAnnotationBeanPostProcessor$LifecycleMethod.invoke(InitDestroyAnnotationBeanPostProcessor.java:457)
	at org.springframework.beans.factory.annotation.InitDestroyAnnotationBeanPostProcessor$LifecycleMetadata.invokeDestroyMethods(InitDestroyAnnotationBeanPostProcessor.java:415)
	at org.springframework.beans.factory.annotation.InitDestroyAnnotationBeanPostProcessor.postProcessBeforeDestruction(InitDestroyAnnotationBeanPostProcessor.java:239)
	at org.springframework.beans.factory.support.DisposableBeanAdapter.destroy(DisposableBeanAdapter.java:202)
	at org.springframework.beans.factory.support.DisposableBeanAdapter.run(DisposableBeanAdapter.java:195)
	at org.springframework.cloud.context.scope.GenericScope$BeanLifecycleWrapper.destroy(GenericScope.java:387)
	at org.springframework.cloud.context.scope.GenericScope.destroy(GenericScope.java:134)
	at org.springframework.beans.factory.support.DisposableBeanAdapter.destroy(DisposableBeanAdapter.java:211)
	at org.springframework.beans.factory.support.DefaultSingletonBeanRegistry.destroyBean(DefaultSingletonBeanRegistry.java:798)
	at org.springframework.beans.factory.support.DefaultSingletonBeanRegistry.destroySingleton(DefaultSingletonBeanRegistry.java:748)
	at org.springframework.beans.factory.support.DefaultListableBeanFactory.destroySingleton(DefaultListableBeanFactory.java:1481)
	at org.springframework.beans.factory.support.DefaultSingletonBeanRegistry.destroySingletons(DefaultSingletonBeanRegistry.java:707)
	at org.springframework.beans.factory.support.DefaultListableBeanFactory.destroySingletons(DefaultListableBeanFactory.java:1474)
	at org.springframework.context.support.AbstractApplicationContext.destroyBeans(AbstractApplicationContext.java:1219)
	at org.springframework.context.support.AbstractApplicationContext.doClose(AbstractApplicationContext.java:1180)
	at org.springframework.boot.web.servlet.context.ServletWebServerApplicationContext.doClose(ServletWebServerApplicationContext.java:179)
	at org.springframework.context.support.AbstractApplicationContext.close(AbstractApplicationContext.java:1126)
	at org.springframework.boot.SpringApplicationShutdownHook.closeAndWait(SpringApplicationShutdownHook.java:147)
	at java.base/java.lang.Iterable.forEach(Iterable.java:75)
	at org.springframework.boot.SpringApplicationShutdownHook.run(SpringApplicationShutdownHook.java:116)
	at java.base/java.lang.Thread.run(Thread.java:1447)
Caused by: org.apache.hc.client5.http.HttpHostConnectException: Connect to http://localhost:8761 failed: Connection refused: getsockopt
	at java.base/sun.nio.ch.Net.pollConnect(Native Method)
	at java.base/sun.nio.ch.Net.pollConnectNow(Net.java:628)
	at java.base/sun.nio.ch.NioSocketImpl.timedFinishConnect(NioSocketImpl.java:533)
	at java.base/sun.nio.ch.NioSocketImpl.connect(NioSocketImpl.java:583)
	at java.base/java.net.SocksSocketImpl.connect(SocksSocketImpl.java:282)
	at java.base/java.net.Socket.connect(Socket.java:665)
	at org.apache.hc.client5.http.impl.io.DefaultHttpClientConnectionOperator.connect(DefaultHttpClientConnectionOperator.java:205)
	at org.apache.hc.client5.http.impl.io.PoolingHttpClientConnectionManager.connect(PoolingHttpClientConnectionManager.java:490)
	at org.apache.hc.client5.http.impl.classic.InternalExecRuntime.connectEndpoint(InternalExecRuntime.java:164)
	at org.apache.hc.client5.http.impl.classic.InternalExecRuntime.connectEndpoint(InternalExecRuntime.java:174)
	at org.apache.hc.client5.http.impl.classic.ConnectExec.execute(ConnectExec.java:144)
	at org.apache.hc.client5.http.impl.classic.ExecChainElement.execute(ExecChainElement.java:51)
	at org.apache.hc.client5.http.impl.classic.ProtocolExec.execute(ProtocolExec.java:195)
	at org.apache.hc.client5.http.impl.classic.ExecChainElement.execute(ExecChainElement.java:51)
	at org.apache.hc.client5.http.impl.classic.ContentCompressionExec.execute(ContentCompressionExec.java:150)
	at org.apache.hc.client5.http.impl.classic.ExecChainElement.execute(ExecChainElement.java:51)
	at org.apache.hc.client5.http.impl.classic.HttpRequestRetryExec.execute(HttpRequestRetryExec.java:113)
	at org.apache.hc.client5.http.impl.classic.ExecChainElement.execute(ExecChainElement.java:51)
	at org.apache.hc.client5.http.impl.classic.RedirectExec.execute(RedirectExec.java:110)
	at org.apache.hc.client5.http.impl.classic.ExecChainElement.execute(ExecChainElement.java:51)
	at org.apache.hc.client5.http.impl.classic.InternalHttpClient.doExecute(InternalHttpClient.java:185)
	at org.apache.hc.client5.http.impl.classic.CloseableHttpClient.execute(CloseableHttpClient.java:87)
	at org.apache.hc.client5.http.impl.classic.CloseableHttpClient.execute(CloseableHttpClient.java:55)
	at org.apache.hc.client5.http.classic.HttpClient.executeOpen(HttpClient.java:183)
	at org.springframework.http.client.HttpComponentsClientHttpRequest.executeInternal(HttpComponentsClientHttpRequest.java:99)
	at org.springframework.http.client.AbstractStreamingClientHttpRequest.executeInternal(AbstractStreamingClientHttpRequest.java:71)
	at org.springframework.http.client.AbstractClientHttpRequest.execute(AbstractClientHttpRequest.java:81)
	at org.springframework.http.client.InterceptingClientHttpRequest$InterceptingRequestExecution.execute(InterceptingClientHttpRequest.java:117)
	at org.springframework.cloud.netflix.eureka.http.RestTemplateTransportClientFactory.lambda$restTemplate$2(RestTemplateTransportClientFactory.java:145)
	at org.springframework.http.client.InterceptingClientHttpRequest$InterceptingRequestExecution.execute(InterceptingClientHttpRequest.java:88)
	at org.springframework.http.client.InterceptingClientHttpRequest.executeInternal(InterceptingClientHttpRequest.java:72)
	at org.springframework.http.client.AbstractBufferingClientHttpRequest.executeInternal(AbstractBufferingClientHttpRequest.java:48)
	at org.springframework.http.client.AbstractClientHttpRequest.execute(AbstractClientHttpRequest.java:81)
	at org.springframework.web.client.RestTemplate.doExecute(RestTemplate.java:900)
	... 37 more

2025-10-29T20:43:00.220-03:00  WARN 15168 --- [Proyecto-Venta] [SpringApplicationShutdownHook] c.n.d.s.t.d.RetryableEurekaHttpClient    : Request execution failed with message: I/O error on DELETE request for "http://localhost:8761/eureka/apps/PROYECTO-VENTA/localhost:Proyecto-Venta:8081": Connect to http://localhost:8761 failed: Connection refused: getsockopt
2025-10-29T20:43:00.225-03:00  INFO 15168 --- [Proyecto-Venta] [SpringApplicationShutdownHook] c.n.d.s.t.d.RedirectingEurekaHttpClient  : Request execution error. endpoint=DefaultEndpoint{ serviceUrl='http://localhost:8761/eureka/}, exception=I/O error on DELETE request for "http://localhost:8761/eureka/apps/PROYECTO-VENTA/localhost:Proyecto-Venta:8081": Connect to http://localhost:8761 failed: Connection refused: getsockopt stacktrace=org.springframework.web.client.ResourceAccessException: I/O error on DELETE request for "http://localhost:8761/eureka/apps/PROYECTO-VENTA/localhost:Proyecto-Venta:8081": Connect to http://localhost:8761 failed: Connection refused: getsockopt
	at org.springframework.web.client.RestTemplate.createResourceAccessException(RestTemplate.java:926)
	at org.springframework.web.client.RestTemplate.doExecute(RestTemplate.java:906)
	at org.springframework.web.client.RestTemplate.execute(RestTemplate.java:841)
	at org.springframework.web.client.RestTemplate.exchange(RestTemplate.java:702)
	at org.springframework.cloud.netflix.eureka.http.RestTemplateEurekaHttpClient.cancel(RestTemplateEurekaHttpClient.java:100)
	at com.netflix.discovery.shared.transport.decorator.EurekaHttpClientDecorator$2.execute(EurekaHttpClientDecorator.java:74)
	at com.netflix.discovery.shared.transport.decorator.RedirectingEurekaHttpClient.executeOnNewServer(RedirectingEurekaHttpClient.java:121)
	at com.netflix.discovery.shared.transport.decorator.RedirectingEurekaHttpClient.execute(RedirectingEurekaHttpClient.java:80)
	at com.netflix.discovery.shared.transport.decorator.EurekaHttpClientDecorator.cancel(EurekaHttpClientDecorator.java:71)
	at com.netflix.discovery.shared.transport.decorator.EurekaHttpClientDecorator$2.execute(EurekaHttpClientDecorator.java:74)
	at com.netflix.discovery.shared.transport.decorator.RetryableEurekaHttpClient.execute(RetryableEurekaHttpClient.java:120)
	at com.netflix.discovery.shared.transport.decorator.EurekaHttpClientDecorator.cancel(EurekaHttpClientDecorator.java:71)
	at com.netflix.discovery.shared.transport.decorator.EurekaHttpClientDecorator$2.execute(EurekaHttpClientDecorator.java:74)
	at com.netflix.discovery.shared.transport.decorator.SessionedEurekaHttpClient.execute(SessionedEurekaHttpClient.java:76)
	at com.netflix.discovery.shared.transport.decorator.EurekaHttpClientDecorator.cancel(EurekaHttpClientDecorator.java:71)
	at com.netflix.discovery.DiscoveryClient.unregister(DiscoveryClient.java:919)
	at com.netflix.discovery.DiscoveryClient.shutdown(DiscoveryClient.java:900)
	at java.base/jdk.internal.reflect.DirectMethodHandleAccessor.invoke(DirectMethodHandleAccessor.java:104)
	at java.base/java.lang.reflect.Method.invoke(Method.java:565)
	at org.springframework.beans.factory.annotation.InitDestroyAnnotationBeanPostProcessor$LifecycleMethod.invoke(InitDestroyAnnotationBeanPostProcessor.java:457)
	at org.springframework.beans.factory.annotation.InitDestroyAnnotationBeanPostProcessor$LifecycleMetadata.invokeDestroyMethods(InitDestroyAnnotationBeanPostProcessor.java:415)
	at org.springframework.beans.factory.annotation.InitDestroyAnnotationBeanPostProcessor.postProcessBeforeDestruction(InitDestroyAnnotationBeanPostProcessor.java:239)
	at org.springframework.beans.factory.support.DisposableBeanAdapter.destroy(DisposableBeanAdapter.java:202)
	at org.springframework.beans.factory.support.DisposableBeanAdapter.run(DisposableBeanAdapter.java:195)
	at org.springframework.cloud.context.scope.GenericScope$BeanLifecycleWrapper.destroy(GenericScope.java:387)
	at org.springframework.cloud.context.scope.GenericScope.destroy(GenericScope.java:134)
	at org.springframework.beans.factory.support.DisposableBeanAdapter.destroy(DisposableBeanAdapter.java:211)
	at org.springframework.beans.factory.support.DefaultSingletonBeanRegistry.destroyBean(DefaultSingletonBeanRegistry.java:798)
	at org.springframework.beans.factory.support.DefaultSingletonBeanRegistry.destroySingleton(DefaultSingletonBeanRegistry.java:748)
	at org.springframework.beans.factory.support.DefaultListableBeanFactory.destroySingleton(DefaultListableBeanFactory.java:1481)
	at org.springframework.beans.factory.support.DefaultSingletonBeanRegistry.destroySingletons(DefaultSingletonBeanRegistry.java:707)
	at org.springframework.beans.factory.support.DefaultListableBeanFactory.destroySingletons(DefaultListableBeanFactory.java:1474)
	at org.springframework.context.support.AbstractApplicationContext.destroyBeans(AbstractApplicationContext.java:1219)
	at org.springframework.context.support.AbstractApplicationContext.doClose(AbstractApplicationContext.java:1180)
	at org.springframework.boot.web.servlet.context.ServletWebServerApplicationContext.doClose(ServletWebServerApplicationContext.java:179)
	at org.springframework.context.support.AbstractApplicationContext.close(AbstractApplicationContext.java:1126)
	at org.springframework.boot.SpringApplicationShutdownHook.closeAndWait(SpringApplicationShutdownHook.java:147)
	at java.base/java.lang.Iterable.forEach(Iterable.java:75)
	at org.springframework.boot.SpringApplicationShutdownHook.run(SpringApplicationShutdownHook.java:116)
	at java.base/java.lang.Thread.run(Thread.java:1447)
Caused by: org.apache.hc.client5.http.HttpHostConnectException: Connect to http://localhost:8761 failed: Connection refused: getsockopt
	at java.base/sun.nio.ch.Net.pollConnect(Native Method)
	at java.base/sun.nio.ch.Net.pollConnectNow(Net.java:628)
	at java.base/sun.nio.ch.NioSocketImpl.timedFinishConnect(NioSocketImpl.java:533)
	at java.base/sun.nio.ch.NioSocketImpl.connect(NioSocketImpl.java:583)
	at java.base/java.net.SocksSocketImpl.connect(SocksSocketImpl.java:282)
	at java.base/java.net.Socket.connect(Socket.java:665)
	at org.apache.hc.client5.http.impl.io.DefaultHttpClientConnectionOperator.connect(DefaultHttpClientConnectionOperator.java:205)
	at org.apache.hc.client5.http.impl.io.PoolingHttpClientConnectionManager.connect(PoolingHttpClientConnectionManager.java:490)
	at org.apache.hc.client5.http.impl.classic.InternalExecRuntime.connectEndpoint(InternalExecRuntime.java:164)
	at org.apache.hc.client5.http.impl.classic.InternalExecRuntime.connectEndpoint(InternalExecRuntime.java:174)
	at org.apache.hc.client5.http.impl.classic.ConnectExec.execute(ConnectExec.java:144)
	at org.apache.hc.client5.http.impl.classic.ExecChainElement.execute(ExecChainElement.java:51)
	at org.apache.hc.client5.http.impl.classic.ProtocolExec.execute(ProtocolExec.java:195)
	at org.apache.hc.client5.http.impl.classic.ExecChainElement.execute(ExecChainElement.java:51)
	at org.apache.hc.client5.http.impl.classic.ContentCompressionExec.execute(ContentCompressionExec.java:150)
	at org.apache.hc.client5.http.impl.classic.ExecChainElement.execute(ExecChainElement.java:51)
	at org.apache.hc.client5.http.impl.classic.HttpRequestRetryExec.execute(HttpRequestRetryExec.java:113)
	at org.apache.hc.client5.http.impl.classic.ExecChainElement.execute(ExecChainElement.java:51)
	at org.apache.hc.client5.http.impl.classic.RedirectExec.execute(RedirectExec.java:110)
	at org.apache.hc.client5.http.impl.classic.ExecChainElement.execute(ExecChainElement.java:51)
	at org.apache.hc.client5.http.impl.classic.InternalHttpClient.doExecute(InternalHttpClient.java:185)
	at org.apache.hc.client5.http.impl.classic.CloseableHttpClient.execute(CloseableHttpClient.java:87)
	at org.apache.hc.client5.http.impl.classic.CloseableHttpClient.execute(CloseableHttpClient.java:55)
	at org.apache.hc.client5.http.classic.HttpClient.executeOpen(HttpClient.java:183)
	at org.springframework.http.client.HttpComponentsClientHttpRequest.executeInternal(HttpComponentsClientHttpRequest.java:99)
	at org.springframework.http.client.AbstractStreamingClientHttpRequest.executeInternal(AbstractStreamingClientHttpRequest.java:71)
	at org.springframework.http.client.AbstractClientHttpRequest.execute(AbstractClientHttpRequest.java:81)
	at org.springframework.http.client.InterceptingClientHttpRequest$InterceptingRequestExecution.execute(InterceptingClientHttpRequest.java:117)
	at org.springframework.cloud.netflix.eureka.http.RestTemplateTransportClientFactory.lambda$restTemplate$2(RestTemplateTransportClientFactory.java:145)
	at org.springframework.http.client.InterceptingClientHttpRequest$InterceptingRequestExecution.execute(InterceptingClientHttpRequest.java:88)
	at org.springframework.http.client.InterceptingClientHttpRequest.executeInternal(InterceptingClientHttpRequest.java:72)
	at org.springframework.http.client.AbstractBufferingClientHttpRequest.executeInternal(AbstractBufferingClientHttpRequest.java:48)
	at org.springframework.http.client.AbstractClientHttpRequest.execute(AbstractClientHttpRequest.java:81)
	at org.springframework.web.client.RestTemplate.doExecute(RestTemplate.java:900)
	... 38 more

2025-10-29T20:43:00.225-03:00  WARN 15168 --- [Proyecto-Venta] [SpringApplicationShutdownHook] c.n.d.s.t.d.RetryableEurekaHttpClient    : Request execution failed with message: I/O error on DELETE request for "http://localhost:8761/eureka/apps/PROYECTO-VENTA/localhost:Proyecto-Venta:8081": Connect to http://localhost:8761 failed: Connection refused: getsockopt
2025-10-29T20:43:00.225-03:00 ERROR 15168 --- [Proyecto-Venta] [SpringApplicationShutdownHook] com.netflix.discovery.DiscoveryClient    : DiscoveryClient_PROYECTO-VENTA/localhost:Proyecto-Venta:8081 - de-registration failedCannot execute request on any known server

com.netflix.discovery.shared.transport.TransportException: Cannot execute request on any known server
	at com.netflix.discovery.shared.transport.decorator.RetryableEurekaHttpClient.execute(RetryableEurekaHttpClient.java:112) ~[eureka-client-2.0.4.jar:2.0.4]
	at com.netflix.discovery.shared.transport.decorator.EurekaHttpClientDecorator.cancel(EurekaHttpClientDecorator.java:71) ~[eureka-client-2.0.4.jar:2.0.4]
	at com.netflix.discovery.shared.transport.decorator.EurekaHttpClientDecorator$2.execute(EurekaHttpClientDecorator.java:74) ~[eureka-client-2.0.4.jar:2.0.4]
	at com.netflix.discovery.shared.transport.decorator.SessionedEurekaHttpClient.execute(SessionedEurekaHttpClient.java:76) ~[eureka-client-2.0.4.jar:2.0.4]
	at com.netflix.discovery.shared.transport.decorator.EurekaHttpClientDecorator.cancel(EurekaHttpClientDecorator.java:71) ~[eureka-client-2.0.4.jar:2.0.4]
	at com.netflix.discovery.DiscoveryClient.unregister(DiscoveryClient.java:919) ~[eureka-client-2.0.4.jar:2.0.4]
	at com.netflix.discovery.DiscoveryClient.shutdown(DiscoveryClient.java:900) ~[eureka-client-2.0.4.jar:2.0.4]
	at java.base/jdk.internal.reflect.DirectMethodHandleAccessor.invoke(DirectMethodHandleAccessor.java:104) ~[na:na]
	at java.base/java.lang.reflect.Method.invoke(Method.java:565) ~[na:na]
	at org.springframework.beans.factory.annotation.InitDestroyAnnotationBeanPostProcessor$LifecycleMethod.invoke(InitDestroyAnnotationBeanPostProcessor.java:457) ~[spring-beans-6.2.10.jar:6.2.10]
	at org.springframework.beans.factory.annotation.InitDestroyAnnotationBeanPostProcessor$LifecycleMetadata.invokeDestroyMethods(InitDestroyAnnotationBeanPostProcessor.java:415) ~[spring-beans-6.2.10.jar:6.2.10]
	at org.springframework.beans.factory.annotation.InitDestroyAnnotationBeanPostProcessor.postProcessBeforeDestruction(InitDestroyAnnotationBeanPostProcessor.java:239) ~[spring-beans-6.2.10.jar:6.2.10]
	at org.springframework.beans.factory.support.DisposableBeanAdapter.destroy(DisposableBeanAdapter.java:202) ~[spring-beans-6.2.10.jar:6.2.10]
	at org.springframework.beans.factory.support.DisposableBeanAdapter.run(DisposableBeanAdapter.java:195) ~[spring-beans-6.2.10.jar:6.2.10]
	at org.springframework.cloud.context.scope.GenericScope$BeanLifecycleWrapper.destroy(GenericScope.java:387) ~[spring-cloud-context-4.3.0.jar:4.3.0]
	at org.springframework.cloud.context.scope.GenericScope.destroy(GenericScope.java:134) ~[spring-cloud-context-4.3.0.jar:4.3.0]
	at org.springframework.beans.factory.support.DisposableBeanAdapter.destroy(DisposableBeanAdapter.java:211) ~[spring-beans-6.2.10.jar:6.2.10]
	at org.springframework.beans.factory.support.DefaultSingletonBeanRegistry.destroyBean(DefaultSingletonBeanRegistry.java:798) ~[spring-beans-6.2.10.jar:6.2.10]
	at org.springframework.beans.factory.support.DefaultSingletonBeanRegistry.destroySingleton(DefaultSingletonBeanRegistry.java:748) ~[spring-beans-6.2.10.jar:6.2.10]
	at org.springframework.beans.factory.support.DefaultListableBeanFactory.destroySingleton(DefaultListableBeanFactory.java:1481) ~[spring-beans-6.2.10.jar:6.2.10]
	at org.springframework.beans.factory.support.DefaultSingletonBeanRegistry.destroySingletons(DefaultSingletonBeanRegistry.java:707) ~[spring-beans-6.2.10.jar:6.2.10]
	at org.springframework.beans.factory.support.DefaultListableBeanFactory.destroySingletons(DefaultListableBeanFactory.java:1474) ~[spring-beans-6.2.10.jar:6.2.10]
	at org.springframework.context.support.AbstractApplicationContext.destroyBeans(AbstractApplicationContext.java:1219) ~[spring-context-6.2.10.jar:6.2.10]
	at org.springframework.context.support.AbstractApplicationContext.doClose(AbstractApplicationContext.java:1180) ~[spring-context-6.2.10.jar:6.2.10]
	at org.springframework.boot.web.servlet.context.ServletWebServerApplicationContext.doClose(ServletWebServerApplicationContext.java:179) ~[spring-boot-3.5.5.jar:3.5.5]
	at org.springframework.context.support.AbstractApplicationContext.close(AbstractApplicationContext.java:1126) ~[spring-context-6.2.10.jar:6.2.10]
	at org.springframework.boot.SpringApplicationShutdownHook.closeAndWait(SpringApplicationShutdownHook.java:147) ~[spring-boot-3.5.5.jar:3.5.5]
	at java.base/java.lang.Iterable.forEach(Iterable.java:75) ~[na:na]
	at org.springframework.boot.SpringApplicationShutdownHook.run(SpringApplicationShutdownHook.java:116) ~[spring-boot-3.5.5.jar:3.5.5]
	at java.base/java.lang.Thread.run(Thread.java:1447) ~[na:na]

2025-10-29T20:43:00.233-03:00  INFO 15168 --- [Proyecto-Venta] [SpringApplicationShutdownHook] com.netflix.discovery.DiscoveryClient    : Completed shut down of DiscoveryClient
2025-10-29T20:43:53.241-03:00  INFO 12992 --- [Proyecto-Venta] [main] c.d.p.ProyectoVentaApplication           : Starting ProyectoVentaApplication using Java 24 with PID 12992 (C:\Users\Usuario\IdeaProjects\Distri\SistemaWebYDistribuido\Proyecto-Venta\target\classes started by Usuario in C:\Users\Usuario\IdeaProjects\Distri\SistemaWebYDistribuido)
2025-10-29T20:43:53.243-03:00  INFO 12992 --- [Proyecto-Venta] [main] c.d.p.ProyectoVentaApplication           : No active profile set, falling back to 1 default profile: "default"
2025-10-29T20:43:54.034-03:00  INFO 12992 --- [Proyecto-Venta] [main] .s.d.r.c.RepositoryConfigurationDelegate : Bootstrapping Spring Data JPA repositories in DEFAULT mode.
2025-10-29T20:43:54.194-03:00  INFO 12992 --- [Proyecto-Venta] [main] .s.d.r.c.RepositoryConfigurationDelegate : Finished Spring Data repository scanning in 152 ms. Found 8 JPA repository interfaces.
2025-10-29T20:43:54.347-03:00  INFO 12992 --- [Proyecto-Venta] [main] o.s.cloud.context.scope.GenericScope     : BeanFactory id=01235d07-0bc7-3f81-a0a7-e4e7bced9c96
2025-10-29T20:43:54.708-03:00  INFO 12992 --- [Proyecto-Venta] [main] o.s.b.w.embedded.tomcat.TomcatWebServer  : Tomcat initialized with port 8081 (http)
2025-10-29T20:43:54.723-03:00  INFO 12992 --- [Proyecto-Venta] [main] o.apache.catalina.core.StandardService   : Starting service [Tomcat]
2025-10-29T20:43:54.723-03:00  INFO 12992 --- [Proyecto-Venta] [main] o.apache.catalina.core.StandardEngine    : Starting Servlet engine: [Apache Tomcat/10.1.44]
2025-10-29T20:43:54.791-03:00  INFO 12992 --- [Proyecto-Venta] [main] o.a.c.c.C.[Tomcat].[localhost].[/]       : Initializing Spring embedded WebApplicationContext
2025-10-29T20:43:54.791-03:00  INFO 12992 --- [Proyecto-Venta] [main] w.s.c.ServletWebServerApplicationContext : Root WebApplicationContext: initialization completed in 1510 ms
2025-10-29T20:43:54.930-03:00  INFO 12992 --- [Proyecto-Venta] [main] com.zaxxer.hikari.HikariDataSource       : HikariPool-1 - Starting...
2025-10-29T20:43:56.938-03:00  INFO 12992 --- [Proyecto-Venta] [main] com.zaxxer.hikari.pool.HikariPool        : HikariPool-1 - Added connection org.postgresql.jdbc.PgConnection@1752e45c
2025-10-29T20:43:56.940-03:00  INFO 12992 --- [Proyecto-Venta] [main] com.zaxxer.hikari.HikariDataSource       : HikariPool-1 - Start completed.
2025-10-29T20:43:58.187-03:00  INFO 12992 --- [Proyecto-Venta] [main] liquibase.database                       : Set default schema name to public
2025-10-29T20:43:59.250-03:00  INFO 12992 --- [Proyecto-Venta] [main] liquibase.changelog                      : Reading from public.databasechangelog
2025-10-29T20:44:01.215-03:00  INFO 12992 --- [Proyecto-Venta] [main] liquibase.ui                             : Database is up to date, no changesets to execute
2025-10-29T20:44:01.397-03:00  INFO 12992 --- [Proyecto-Venta] [main] liquibase.changelog                      : Reading from public.databasechangelog
2025-10-29T20:44:01.594-03:00  INFO 12992 --- [Proyecto-Venta] [main] liquibase.util                           : UPDATE SUMMARY
2025-10-29T20:44:01.594-03:00  INFO 12992 --- [Proyecto-Venta] [main] liquibase.util                           : Run:                          0
2025-10-29T20:44:01.594-03:00  INFO 12992 --- [Proyecto-Venta] [main] liquibase.util                           : Previously run:              21
2025-10-29T20:44:01.594-03:00  INFO 12992 --- [Proyecto-Venta] [main] liquibase.util                           : Filtered out:                 0
2025-10-29T20:44:01.595-03:00  INFO 12992 --- [Proyecto-Venta] [main] liquibase.util                           : -------------------------------
2025-10-29T20:44:01.595-03:00  INFO 12992 --- [Proyecto-Venta] [main] liquibase.util                           : Total change sets:           21
2025-10-29T20:44:01.595-03:00  INFO 12992 --- [Proyecto-Venta] [main] liquibase.util                           : Update summary generated
2025-10-29T20:44:01.596-03:00  INFO 12992 --- [Proyecto-Venta] [main] liquibase.command                        : Command execution complete
2025-10-29T20:44:03.232-03:00  INFO 12992 --- [Proyecto-Venta] [main] o.hibernate.jpa.internal.util.LogHelper  : HHH000204: Processing PersistenceUnitInfo [name: default]
2025-10-29T20:44:03.280-03:00  INFO 12992 --- [Proyecto-Venta] [main] org.hibernate.Version                    : HHH000412: Hibernate ORM core version 6.6.26.Final
2025-10-29T20:44:03.312-03:00  INFO 12992 --- [Proyecto-Venta] [main] o.h.c.internal.RegionFactoryInitiator    : HHH000026: Second-level cache disabled
2025-10-29T20:44:03.578-03:00  INFO 12992 --- [Proyecto-Venta] [main] o.s.o.j.p.SpringPersistenceUnitInfo      : No LoadTimeWeaver setup: ignoring JPA class transformer
2025-10-29T20:44:04.210-03:00  INFO 12992 --- [Proyecto-Venta] [main] org.hibernate.orm.connections.pooling    : HHH10001005: Database info:
	Database JDBC URL [Connecting through datasource 'HikariDataSource (HikariPool-1)']
	Database driver: undefined/unknown
	Database version: 17.6
	Autocommit mode: undefined/unknown
	Isolation level: undefined/unknown
	Minimum pool size: undefined/unknown
	Maximum pool size: undefined/unknown
2025-10-29T20:44:05.178-03:00  INFO 12992 --- [Proyecto-Venta] [main] o.h.e.t.j.p.i.JtaPlatformInitiator       : HHH000489: No JTA platform available (set 'hibernate.transaction.jta.platform' to enable JTA platform integration)
2025-10-29T20:44:05.181-03:00  INFO 12992 --- [Proyecto-Venta] [main] j.LocalContainerEntityManagerFactoryBean : Initialized JPA EntityManagerFactory for persistence unit 'default'
2025-10-29T20:44:05.590-03:00  INFO 12992 --- [Proyecto-Venta] [main] o.s.d.j.r.query.QueryEnhancerFactory     : Hibernate is in classpath; If applicable, HQL parser will be used.
2025-10-29T20:44:06.171-03:00  WARN 12992 --- [Proyecto-Venta] [main] JpaBaseConfiguration$JpaWebConfiguration : spring.jpa.open-in-view is enabled by default. Therefore, database queries may be performed during view rendering. Explicitly configure spring.jpa.open-in-view to disable this warning
2025-10-29T20:44:07.631-03:00  INFO 12992 --- [Proyecto-Venta] [main] o.s.cloud.commons.util.InetUtils         : Cannot determine local hostname
2025-10-29T20:44:08.650-03:00  INFO 12992 --- [Proyecto-Venta] [main] o.s.cloud.commons.util.InetUtils         : Cannot determine local hostname
2025-10-29T20:44:08.668-03:00  INFO 12992 --- [Proyecto-Venta] [main] DiscoveryClientOptionalArgsConfiguration : Eureka HTTP Client uses RestTemplate.
2025-10-29T20:44:08.708-03:00  WARN 12992 --- [Proyecto-Venta] [main] iguration$LoadBalancerCaffeineWarnLogger : Spring Cloud LoadBalancer is currently working with the default cache. While this cache implementation is useful for development and tests, it's recommended to use Caffeine cache in production.You can switch to using Caffeine cache, by adding it and org.springframework.cache.caffeine.CaffeineCacheManager to the classpath.
2025-10-29T20:44:08.748-03:00  INFO 12992 --- [Proyecto-Venta] [main] o.s.c.n.eureka.InstanceInfoFactory       : Setting initial instance status as: STARTING
2025-10-29T20:44:08.770-03:00  INFO 12992 --- [Proyecto-Venta] [main] com.netflix.discovery.DiscoveryClient    : Initializing Eureka in region us-east-1
2025-10-29T20:44:08.774-03:00  INFO 12992 --- [Proyecto-Venta] [main] c.n.d.s.r.aws.ConfigClusterResolver      : Resolving eureka endpoints via configuration
2025-10-29T20:44:08.780-03:00  INFO 12992 --- [Proyecto-Venta] [main] com.netflix.discovery.DiscoveryClient    : Disable delta property : false
2025-10-29T20:44:08.781-03:00  INFO 12992 --- [Proyecto-Venta] [main] com.netflix.discovery.DiscoveryClient    : Single vip registry refresh property : null
2025-10-29T20:44:08.781-03:00  INFO 12992 --- [Proyecto-Venta] [main] com.netflix.discovery.DiscoveryClient    : Force full registry fetch : false
2025-10-29T20:44:08.781-03:00  INFO 12992 --- [Proyecto-Venta] [main] com.netflix.discovery.DiscoveryClient    : Application is null : false
2025-10-29T20:44:08.781-03:00  INFO 12992 --- [Proyecto-Venta] [main] com.netflix.discovery.DiscoveryClient    : Registered Applications size is zero : true
2025-10-29T20:44:08.781-03:00  INFO 12992 --- [Proyecto-Venta] [main] com.netflix.discovery.DiscoveryClient    : Application version is -1: true
2025-10-29T20:44:08.781-03:00  INFO 12992 --- [Proyecto-Venta] [main] com.netflix.discovery.DiscoveryClient    : Getting all instance registry info from the eureka server
2025-10-29T20:44:09.077-03:00  INFO 12992 --- [Proyecto-Venta] [main] com.netflix.discovery.DiscoveryClient    : The response status is 200
2025-10-29T20:44:09.079-03:00  INFO 12992 --- [Proyecto-Venta] [main] com.netflix.discovery.DiscoveryClient    : Starting heartbeat executor: renew interval is: 30
2025-10-29T20:44:09.080-03:00  INFO 12992 --- [Proyecto-Venta] [main] c.n.discovery.InstanceInfoReplicator     : InstanceInfoReplicator onDemand update allowed rate per min is 4
2025-10-29T20:44:09.082-03:00  INFO 12992 --- [Proyecto-Venta] [main] com.netflix.discovery.DiscoveryClient    : Discovery Client initialized at timestamp 1761781449081 with initial instances count: 1
2025-10-29T20:44:09.085-03:00  INFO 12992 --- [Proyecto-Venta] [main] o.s.c.n.e.s.EurekaServiceRegistry        : Registering application PROYECTO-VENTA with eureka with status UP
2025-10-29T20:44:09.085-03:00  INFO 12992 --- [Proyecto-Venta] [main] com.netflix.discovery.DiscoveryClient    : Saw local status change event StatusChangeEvent [timestamp=1761781449085, current=UP, previous=STARTING]
2025-10-29T20:44:09.087-03:00  INFO 12992 --- [Proyecto-Venta] [DiscoveryClient-InstanceInfoReplicator-%d] com.netflix.discovery.DiscoveryClient    : DiscoveryClient_PROYECTO-VENTA/localhost:Proyecto-Venta:8081: registering service...
2025-10-29T20:44:09.102-03:00  INFO 12992 --- [Proyecto-Venta] [main] o.s.b.w.embedded.tomcat.TomcatWebServer  : Tomcat started on port 8081 (http) with context path '/'
2025-10-29T20:44:09.103-03:00  INFO 12992 --- [Proyecto-Venta] [main] .s.c.n.e.s.EurekaAutoServiceRegistration : Updating port to 8081
2025-10-29T20:44:09.123-03:00  INFO 12992 --- [Proyecto-Venta] [DiscoveryClient-InstanceInfoReplicator-%d] com.netflix.discovery.DiscoveryClient    : DiscoveryClient_PROYECTO-VENTA/localhost:Proyecto-Venta:8081 - registration status: 204
2025-10-29T20:44:10.105-03:00  INFO 12992 --- [Proyecto-Venta] [main] o.s.cloud.commons.util.InetUtils         : Cannot determine local hostname
2025-10-29T20:44:10.113-03:00  INFO 12992 --- [Proyecto-Venta] [main] c.d.p.ProyectoVentaApplication           : Started ProyectoVentaApplication in 18.304 seconds (process running for 19.018)
2025-10-29T20:44:17.154-03:00  INFO 12992 --- [Proyecto-Venta] [http-nio-8081-exec-1] o.a.c.c.C.[Tomcat].[localhost].[/]       : Initializing Spring DispatcherServlet 'dispatcherServlet'
2025-10-29T20:44:17.154-03:00  INFO 12992 --- [Proyecto-Venta] [http-nio-8081-exec-1] o.s.web.servlet.DispatcherServlet        : Initializing Servlet 'dispatcherServlet'
2025-10-29T20:44:17.155-03:00  INFO 12992 --- [Proyecto-Venta] [http-nio-8081-exec-1] o.s.web.servlet.DispatcherServlet        : Completed initialization in 1 ms
2025-10-29T20:44:17.191-03:00  INFO 12992 --- [Proyecto-Venta] [http-nio-8081-exec-1] c.d.p.apis.controller.VentaController    : GET /ventas page=0 size=10 filtros: clienteId=null, desde=null, hasta=null
2025-10-29T20:44:17.388-03:00  INFO 12992 --- [Proyecto-Venta] [http-nio-8081-exec-1] c.d.p.apis.service.VentaService          : Listando ventas - clienteId=null desde=null hasta=null
2025-10-29T20:44:17.448-03:00 DEBUG 12992 --- [Proyecto-Venta] [http-nio-8081-exec-1] org.hibernate.SQL                        : select v1_0.id,v1_0.activo,v1_0.cliente_id,v1_0.creado_por,v1_0.fecha_venta,v1_0.iva,v1_0.subtotal,v1_0.total from venta v1_0 where (v1_0.activo = true) offset ? rows fetch first ? rows only
2025-10-29T20:44:17.449-03:00 TRACE 12992 --- [Proyecto-Venta] [http-nio-8081-exec-1] org.hibernate.orm.jdbc.bind              : binding parameter (1:INTEGER) <- [0]
2025-10-29T20:44:17.449-03:00 TRACE 12992 --- [Proyecto-Venta] [http-nio-8081-exec-1] org.hibernate.orm.jdbc.bind              : binding parameter (2:INTEGER) <- [10]
2025-10-29T20:44:17.679-03:00 DEBUG 12992 --- [Proyecto-Venta] [http-nio-8081-exec-1] org.hibernate.SQL                        : select count(v1_0.id) from venta v1_0 where (v1_0.activo = true)
2025-10-29T20:44:17.875-03:00 DEBUG 12992 --- [Proyecto-Venta] [http-nio-8081-exec-1] org.hibernate.SQL                        : select d1_0.venta_id,d1_0.id,d1_0.activo,d1_0.cantidad,d1_0.precio_unitario,d1_0.producto_id,d1_0.subtotal_linea,d1_0.tasa_iva,d1_0.total_linea from venta_detalle d1_0 where d1_0.venta_id=? and (d1_0.activo = true)
2025-10-29T20:44:17.876-03:00 TRACE 12992 --- [Proyecto-Venta] [http-nio-8081-exec-1] org.hibernate.orm.jdbc.bind              : binding parameter (1:BIGINT) <- [3]
2025-10-29T20:44:18.067-03:00 DEBUG 12992 --- [Proyecto-Venta] [http-nio-8081-exec-1] org.hibernate.SQL                        : select d1_0.venta_id,d1_0.id,d1_0.activo,d1_0.cantidad,d1_0.precio_unitario,d1_0.producto_id,d1_0.subtotal_linea,d1_0.tasa_iva,d1_0.total_linea from venta_detalle d1_0 where d1_0.venta_id=? and (d1_0.activo = true)
2025-10-29T20:44:18.067-03:00 TRACE 12992 --- [Proyecto-Venta] [http-nio-8081-exec-1] org.hibernate.orm.jdbc.bind              : binding parameter (1:BIGINT) <- [8]
2025-10-29T20:44:18.256-03:00 DEBUG 12992 --- [Proyecto-Venta] [http-nio-8081-exec-1] org.hibernate.SQL                        : select d1_0.venta_id,d1_0.id,d1_0.activo,d1_0.cantidad,d1_0.precio_unitario,d1_0.producto_id,d1_0.subtotal_linea,d1_0.tasa_iva,d1_0.total_linea from venta_detalle d1_0 where d1_0.venta_id=? and (d1_0.activo = true)
2025-10-29T20:44:18.256-03:00 TRACE 12992 --- [Proyecto-Venta] [http-nio-8081-exec-1] org.hibernate.orm.jdbc.bind              : binding parameter (1:BIGINT) <- [11]
2025-10-29T20:44:18.444-03:00 DEBUG 12992 --- [Proyecto-Venta] [http-nio-8081-exec-1] org.hibernate.SQL                        : select d1_0.venta_id,d1_0.id,d1_0.activo,d1_0.cantidad,d1_0.precio_unitario,d1_0.producto_id,d1_0.subtotal_linea,d1_0.tasa_iva,d1_0.total_linea from venta_detalle d1_0 where d1_0.venta_id=? and (d1_0.activo = true)
2025-10-29T20:44:18.445-03:00 TRACE 12992 --- [Proyecto-Venta] [http-nio-8081-exec-1] org.hibernate.orm.jdbc.bind              : binding parameter (1:BIGINT) <- [13]
2025-10-29T20:44:18.634-03:00 DEBUG 12992 --- [Proyecto-Venta] [http-nio-8081-exec-1] org.hibernate.SQL                        : select d1_0.venta_id,d1_0.id,d1_0.activo,d1_0.cantidad,d1_0.precio_unitario,d1_0.producto_id,d1_0.subtotal_linea,d1_0.tasa_iva,d1_0.total_linea from venta_detalle d1_0 where d1_0.venta_id=? and (d1_0.activo = true)
2025-10-29T20:44:18.634-03:00 TRACE 12992 --- [Proyecto-Venta] [http-nio-8081-exec-1] org.hibernate.orm.jdbc.bind              : binding parameter (1:BIGINT) <- [14]
2025-10-29T20:44:18.831-03:00 DEBUG 12992 --- [Proyecto-Venta] [http-nio-8081-exec-1] org.hibernate.SQL                        : select d1_0.venta_id,d1_0.id,d1_0.activo,d1_0.cantidad,d1_0.precio_unitario,d1_0.producto_id,d1_0.subtotal_linea,d1_0.tasa_iva,d1_0.total_linea from venta_detalle d1_0 where d1_0.venta_id=? and (d1_0.activo = true)
2025-10-29T20:44:18.831-03:00 TRACE 12992 --- [Proyecto-Venta] [http-nio-8081-exec-1] org.hibernate.orm.jdbc.bind              : binding parameter (1:BIGINT) <- [15]
2025-10-29T20:44:19.018-03:00 DEBUG 12992 --- [Proyecto-Venta] [http-nio-8081-exec-1] org.hibernate.SQL                        : select d1_0.venta_id,d1_0.id,d1_0.activo,d1_0.cantidad,d1_0.precio_unitario,d1_0.producto_id,d1_0.subtotal_linea,d1_0.tasa_iva,d1_0.total_linea from venta_detalle d1_0 where d1_0.venta_id=? and (d1_0.activo = true)
2025-10-29T20:44:19.018-03:00 TRACE 12992 --- [Proyecto-Venta] [http-nio-8081-exec-1] org.hibernate.orm.jdbc.bind              : binding parameter (1:BIGINT) <- [16]
2025-10-29T20:44:19.202-03:00 DEBUG 12992 --- [Proyecto-Venta] [http-nio-8081-exec-1] org.hibernate.SQL                        : select d1_0.venta_id,d1_0.id,d1_0.activo,d1_0.cantidad,d1_0.precio_unitario,d1_0.producto_id,d1_0.subtotal_linea,d1_0.tasa_iva,d1_0.total_linea from venta_detalle d1_0 where d1_0.venta_id=? and (d1_0.activo = true)
2025-10-29T20:44:19.203-03:00 TRACE 12992 --- [Proyecto-Venta] [http-nio-8081-exec-1] org.hibernate.orm.jdbc.bind              : binding parameter (1:BIGINT) <- [17]
2025-10-29T20:44:19.396-03:00 DEBUG 12992 --- [Proyecto-Venta] [http-nio-8081-exec-1] org.hibernate.SQL                        : select d1_0.venta_id,d1_0.id,d1_0.activo,d1_0.cantidad,d1_0.precio_unitario,d1_0.producto_id,d1_0.subtotal_linea,d1_0.tasa_iva,d1_0.total_linea from venta_detalle d1_0 where d1_0.venta_id=? and (d1_0.activo = true)
2025-10-29T20:44:19.396-03:00 TRACE 12992 --- [Proyecto-Venta] [http-nio-8081-exec-1] org.hibernate.orm.jdbc.bind              : binding parameter (1:BIGINT) <- [18]
2025-10-29T20:44:19.586-03:00 DEBUG 12992 --- [Proyecto-Venta] [http-nio-8081-exec-1] org.hibernate.SQL                        : select d1_0.venta_id,d1_0.id,d1_0.activo,d1_0.cantidad,d1_0.precio_unitario,d1_0.producto_id,d1_0.subtotal_linea,d1_0.tasa_iva,d1_0.total_linea from venta_detalle d1_0 where d1_0.venta_id=? and (d1_0.activo = true)
2025-10-29T20:44:19.586-03:00 TRACE 12992 --- [Proyecto-Venta] [http-nio-8081-exec-1] org.hibernate.orm.jdbc.bind              : binding parameter (1:BIGINT) <- [19]
2025-10-29T20:44:19.963-03:00  WARN 12992 --- [Proyecto-Venta] [http-nio-8081-exec-1] ration$PageModule$WarningLoggingModifier : Serializing PageImpl instances as-is is not supported, meaning that there is no guarantee about the stability of the resulting JSON structure!
	For a stable JSON structure, please use Spring Data's PagedModel (globally via @EnableSpringDataWebSupport(pageSerializationMode = VIA_DTO))
	or Spring HATEOAS and Spring Data's PagedResourcesAssembler as documented in https://docs.spring.io/spring-data/commons/reference/repositories/core-extensions.html#core.web.pageables.

2025-10-29T20:44:39.722-03:00  INFO 12992 --- [Proyecto-Venta] [SpringApplicationShutdownHook] o.s.c.n.e.s.EurekaServiceRegistry        : Unregistering application PROYECTO-VENTA with eureka with status DOWN
2025-10-29T20:44:39.722-03:00  INFO 12992 --- [Proyecto-Venta] [SpringApplicationShutdownHook] com.netflix.discovery.DiscoveryClient    : Saw local status change event StatusChangeEvent [timestamp=1761781479722, current=DOWN, previous=UP]
2025-10-29T20:44:39.722-03:00  INFO 12992 --- [Proyecto-Venta] [DiscoveryClient-InstanceInfoReplicator-%d] com.netflix.discovery.DiscoveryClient    : DiscoveryClient_PROYECTO-VENTA/localhost:Proyecto-Venta:8081: registering service...
2025-10-29T20:44:39.724-03:00  INFO 12992 --- [Proyecto-Venta] [SpringApplicationShutdownHook] o.s.b.w.e.tomcat.GracefulShutdown        : Commencing graceful shutdown. Waiting for active requests to complete
2025-10-29T20:44:39.727-03:00  INFO 12992 --- [Proyecto-Venta] [DiscoveryClient-InstanceInfoReplicator-%d] com.netflix.discovery.DiscoveryClient    : DiscoveryClient_PROYECTO-VENTA/localhost:Proyecto-Venta:8081 - registration status: 204
2025-10-29T20:44:39.730-03:00  INFO 12992 --- [Proyecto-Venta] [tomcat-shutdown] o.s.b.w.e.tomcat.GracefulShutdown        : Graceful shutdown complete
2025-10-29T20:44:39.735-03:00  INFO 12992 --- [Proyecto-Venta] [SpringApplicationShutdownHook] j.LocalContainerEntityManagerFactoryBean : Closing JPA EntityManagerFactory for persistence unit 'default'
2025-10-29T20:44:39.738-03:00  INFO 12992 --- [Proyecto-Venta] [SpringApplicationShutdownHook] com.zaxxer.hikari.HikariDataSource       : HikariPool-1 - Shutdown initiated...
2025-10-29T20:44:41.130-03:00  INFO 12992 --- [Proyecto-Venta] [SpringApplicationShutdownHook] com.zaxxer.hikari.HikariDataSource       : HikariPool-1 - Shutdown completed.
2025-10-29T20:44:41.130-03:00  INFO 12992 --- [Proyecto-Venta] [SpringApplicationShutdownHook] com.netflix.discovery.DiscoveryClient    : Shutting down DiscoveryClient ...
2025-10-29T20:44:44.131-03:00  INFO 12992 --- [Proyecto-Venta] [SpringApplicationShutdownHook] com.netflix.discovery.DiscoveryClient    : Unregistering ...
2025-10-29T20:44:44.157-03:00  INFO 12992 --- [Proyecto-Venta] [SpringApplicationShutdownHook] c.n.d.s.t.d.RedirectingEurekaHttpClient  : Request execution error. endpoint=DefaultEndpoint{ serviceUrl='http://localhost:8761/eureka/} exception=I/O error on DELETE request for "http://localhost:8761/eureka/apps/PROYECTO-VENTA/localhost:Proyecto-Venta:8081": Connect to http://localhost:8761 failed: Connection refused: getsockopt stacktrace=org.springframework.web.client.ResourceAccessException: I/O error on DELETE request for "http://localhost:8761/eureka/apps/PROYECTO-VENTA/localhost:Proyecto-Venta:8081": Connect to http://localhost:8761 failed: Connection refused: getsockopt
	at org.springframework.web.client.RestTemplate.createResourceAccessException(RestTemplate.java:926)
	at org.springframework.web.client.RestTemplate.doExecute(RestTemplate.java:906)
	at org.springframework.web.client.RestTemplate.execute(RestTemplate.java:841)
	at org.springframework.web.client.RestTemplate.exchange(RestTemplate.java:702)
	at org.springframework.cloud.netflix.eureka.http.RestTemplateEurekaHttpClient.cancel(RestTemplateEurekaHttpClient.java:100)
	at com.netflix.discovery.shared.transport.decorator.EurekaHttpClientDecorator$2.execute(EurekaHttpClientDecorator.java:74)
	at com.netflix.discovery.shared.transport.decorator.RedirectingEurekaHttpClient.execute(RedirectingEurekaHttpClient.java:91)
	at com.netflix.discovery.shared.transport.decorator.EurekaHttpClientDecorator.cancel(EurekaHttpClientDecorator.java:71)
	at com.netflix.discovery.shared.transport.decorator.EurekaHttpClientDecorator$2.execute(EurekaHttpClientDecorator.java:74)
	at com.netflix.discovery.shared.transport.decorator.RetryableEurekaHttpClient.execute(RetryableEurekaHttpClient.java:120)
	at com.netflix.discovery.shared.transport.decorator.EurekaHttpClientDecorator.cancel(EurekaHttpClientDecorator.java:71)
	at com.netflix.discovery.shared.transport.decorator.EurekaHttpClientDecorator$2.execute(EurekaHttpClientDecorator.java:74)
	at com.netflix.discovery.shared.transport.decorator.SessionedEurekaHttpClient.execute(SessionedEurekaHttpClient.java:76)
	at com.netflix.discovery.shared.transport.decorator.EurekaHttpClientDecorator.cancel(EurekaHttpClientDecorator.java:71)
	at com.netflix.discovery.DiscoveryClient.unregister(DiscoveryClient.java:919)
	at com.netflix.discovery.DiscoveryClient.shutdown(DiscoveryClient.java:900)
	at java.base/jdk.internal.reflect.DirectMethodHandleAccessor.invoke(DirectMethodHandleAccessor.java:104)
	at java.base/java.lang.reflect.Method.invoke(Method.java:565)
	at org.springframework.beans.factory.annotation.InitDestroyAnnotationBeanPostProcessor$LifecycleMethod.invoke(InitDestroyAnnotationBeanPostProcessor.java:457)
	at org.springframework.beans.factory.annotation.InitDestroyAnnotationBeanPostProcessor$LifecycleMetadata.invokeDestroyMethods(InitDestroyAnnotationBeanPostProcessor.java:415)
	at org.springframework.beans.factory.annotation.InitDestroyAnnotationBeanPostProcessor.postProcessBeforeDestruction(InitDestroyAnnotationBeanPostProcessor.java:239)
	at org.springframework.beans.factory.support.DisposableBeanAdapter.destroy(DisposableBeanAdapter.java:202)
	at org.springframework.beans.factory.support.DisposableBeanAdapter.run(DisposableBeanAdapter.java:195)
	at org.springframework.cloud.context.scope.GenericScope$BeanLifecycleWrapper.destroy(GenericScope.java:387)
	at org.springframework.cloud.context.scope.GenericScope.destroy(GenericScope.java:134)
	at org.springframework.beans.factory.support.DisposableBeanAdapter.destroy(DisposableBeanAdapter.java:211)
	at org.springframework.beans.factory.support.DefaultSingletonBeanRegistry.destroyBean(DefaultSingletonBeanRegistry.java:798)
	at org.springframework.beans.factory.support.DefaultSingletonBeanRegistry.destroySingleton(DefaultSingletonBeanRegistry.java:748)
	at org.springframework.beans.factory.support.DefaultListableBeanFactory.destroySingleton(DefaultListableBeanFactory.java:1481)
	at org.springframework.beans.factory.support.DefaultSingletonBeanRegistry.destroySingletons(DefaultSingletonBeanRegistry.java:707)
	at org.springframework.beans.factory.support.DefaultListableBeanFactory.destroySingletons(DefaultListableBeanFactory.java:1474)
	at org.springframework.context.support.AbstractApplicationContext.destroyBeans(AbstractApplicationContext.java:1219)
	at org.springframework.context.support.AbstractApplicationContext.doClose(AbstractApplicationContext.java:1180)
	at org.springframework.boot.web.servlet.context.ServletWebServerApplicationContext.doClose(ServletWebServerApplicationContext.java:179)
	at org.springframework.context.support.AbstractApplicationContext.close(AbstractApplicationContext.java:1126)
	at org.springframework.boot.SpringApplicationShutdownHook.closeAndWait(SpringApplicationShutdownHook.java:147)
	at java.base/java.lang.Iterable.forEach(Iterable.java:75)
	at org.springframework.boot.SpringApplicationShutdownHook.run(SpringApplicationShutdownHook.java:116)
	at java.base/java.lang.Thread.run(Thread.java:1447)
Caused by: org.apache.hc.client5.http.HttpHostConnectException: Connect to http://localhost:8761 failed: Connection refused: getsockopt
	at java.base/sun.nio.ch.Net.pollConnect(Native Method)
	at java.base/sun.nio.ch.Net.pollConnectNow(Net.java:628)
	at java.base/sun.nio.ch.NioSocketImpl.timedFinishConnect(NioSocketImpl.java:533)
	at java.base/sun.nio.ch.NioSocketImpl.connect(NioSocketImpl.java:583)
	at java.base/java.net.SocksSocketImpl.connect(SocksSocketImpl.java:282)
	at java.base/java.net.Socket.connect(Socket.java:665)
	at org.apache.hc.client5.http.impl.io.DefaultHttpClientConnectionOperator.connect(DefaultHttpClientConnectionOperator.java:205)
	at org.apache.hc.client5.http.impl.io.PoolingHttpClientConnectionManager.connect(PoolingHttpClientConnectionManager.java:490)
	at org.apache.hc.client5.http.impl.classic.InternalExecRuntime.connectEndpoint(InternalExecRuntime.java:164)
	at org.apache.hc.client5.http.impl.classic.InternalExecRuntime.connectEndpoint(InternalExecRuntime.java:174)
	at org.apache.hc.client5.http.impl.classic.ConnectExec.execute(ConnectExec.java:144)
	at org.apache.hc.client5.http.impl.classic.ExecChainElement.execute(ExecChainElement.java:51)
	at org.apache.hc.client5.http.impl.classic.ProtocolExec.execute(ProtocolExec.java:195)
	at org.apache.hc.client5.http.impl.classic.ExecChainElement.execute(ExecChainElement.java:51)
	at org.apache.hc.client5.http.impl.classic.ContentCompressionExec.execute(ContentCompressionExec.java:150)
	at org.apache.hc.client5.http.impl.classic.ExecChainElement.execute(ExecChainElement.java:51)
	at org.apache.hc.client5.http.impl.classic.HttpRequestRetryExec.execute(HttpRequestRetryExec.java:113)
	at org.apache.hc.client5.http.impl.classic.ExecChainElement.execute(ExecChainElement.java:51)
	at org.apache.hc.client5.http.impl.classic.RedirectExec.execute(RedirectExec.java:110)
	at org.apache.hc.client5.http.impl.classic.ExecChainElement.execute(ExecChainElement.java:51)
	at org.apache.hc.client5.http.impl.classic.InternalHttpClient.doExecute(InternalHttpClient.java:185)
	at org.apache.hc.client5.http.impl.classic.CloseableHttpClient.execute(CloseableHttpClient.java:87)
	at org.apache.hc.client5.http.impl.classic.CloseableHttpClient.execute(CloseableHttpClient.java:55)
	at org.apache.hc.client5.http.classic.HttpClient.executeOpen(HttpClient.java:183)
	at org.springframework.http.client.HttpComponentsClientHttpRequest.executeInternal(HttpComponentsClientHttpRequest.java:99)
	at org.springframework.http.client.AbstractStreamingClientHttpRequest.executeInternal(AbstractStreamingClientHttpRequest.java:71)
	at org.springframework.http.client.AbstractClientHttpRequest.execute(AbstractClientHttpRequest.java:81)
	at org.springframework.http.client.InterceptingClientHttpRequest$InterceptingRequestExecution.execute(InterceptingClientHttpRequest.java:117)
	at org.springframework.cloud.netflix.eureka.http.RestTemplateTransportClientFactory.lambda$restTemplate$2(RestTemplateTransportClientFactory.java:145)
	at org.springframework.http.client.InterceptingClientHttpRequest$InterceptingRequestExecution.execute(InterceptingClientHttpRequest.java:88)
	at org.springframework.http.client.InterceptingClientHttpRequest.executeInternal(InterceptingClientHttpRequest.java:72)
	at org.springframework.http.client.AbstractBufferingClientHttpRequest.executeInternal(AbstractBufferingClientHttpRequest.java:48)
	at org.springframework.http.client.AbstractClientHttpRequest.execute(AbstractClientHttpRequest.java:81)
	at org.springframework.web.client.RestTemplate.doExecute(RestTemplate.java:900)
	... 37 more

2025-10-29T20:44:44.157-03:00  WARN 12992 --- [Proyecto-Venta] [SpringApplicationShutdownHook] c.n.d.s.t.d.RetryableEurekaHttpClient    : Request execution failed with message: I/O error on DELETE request for "http://localhost:8761/eureka/apps/PROYECTO-VENTA/localhost:Proyecto-Venta:8081": Connect to http://localhost:8761 failed: Connection refused: getsockopt
2025-10-29T20:44:44.184-03:00  INFO 12992 --- [Proyecto-Venta] [SpringApplicationShutdownHook] c.n.d.s.t.d.RedirectingEurekaHttpClient  : Request execution error. endpoint=DefaultEndpoint{ serviceUrl='http://localhost:8761/eureka/}, exception=I/O error on DELETE request for "http://localhost:8761/eureka/apps/PROYECTO-VENTA/localhost:Proyecto-Venta:8081": Connect to http://localhost:8761 failed: Connection refused: getsockopt stacktrace=org.springframework.web.client.ResourceAccessException: I/O error on DELETE request for "http://localhost:8761/eureka/apps/PROYECTO-VENTA/localhost:Proyecto-Venta:8081": Connect to http://localhost:8761 failed: Connection refused: getsockopt
	at org.springframework.web.client.RestTemplate.createResourceAccessException(RestTemplate.java:926)
	at org.springframework.web.client.RestTemplate.doExecute(RestTemplate.java:906)
	at org.springframework.web.client.RestTemplate.execute(RestTemplate.java:841)
	at org.springframework.web.client.RestTemplate.exchange(RestTemplate.java:702)
	at org.springframework.cloud.netflix.eureka.http.RestTemplateEurekaHttpClient.cancel(RestTemplateEurekaHttpClient.java:100)
	at com.netflix.discovery.shared.transport.decorator.EurekaHttpClientDecorator$2.execute(EurekaHttpClientDecorator.java:74)
	at com.netflix.discovery.shared.transport.decorator.RedirectingEurekaHttpClient.executeOnNewServer(RedirectingEurekaHttpClient.java:121)
	at com.netflix.discovery.shared.transport.decorator.RedirectingEurekaHttpClient.execute(RedirectingEurekaHttpClient.java:80)
	at com.netflix.discovery.shared.transport.decorator.EurekaHttpClientDecorator.cancel(EurekaHttpClientDecorator.java:71)
	at com.netflix.discovery.shared.transport.decorator.EurekaHttpClientDecorator$2.execute(EurekaHttpClientDecorator.java:74)
	at com.netflix.discovery.shared.transport.decorator.RetryableEurekaHttpClient.execute(RetryableEurekaHttpClient.java:120)
	at com.netflix.discovery.shared.transport.decorator.EurekaHttpClientDecorator.cancel(EurekaHttpClientDecorator.java:71)
	at com.netflix.discovery.shared.transport.decorator.EurekaHttpClientDecorator$2.execute(EurekaHttpClientDecorator.java:74)
	at com.netflix.discovery.shared.transport.decorator.SessionedEurekaHttpClient.execute(SessionedEurekaHttpClient.java:76)
	at com.netflix.discovery.shared.transport.decorator.EurekaHttpClientDecorator.cancel(EurekaHttpClientDecorator.java:71)
	at com.netflix.discovery.DiscoveryClient.unregister(DiscoveryClient.java:919)
	at com.netflix.discovery.DiscoveryClient.shutdown(DiscoveryClient.java:900)
	at java.base/jdk.internal.reflect.DirectMethodHandleAccessor.invoke(DirectMethodHandleAccessor.java:104)
	at java.base/java.lang.reflect.Method.invoke(Method.java:565)
	at org.springframework.beans.factory.annotation.InitDestroyAnnotationBeanPostProcessor$LifecycleMethod.invoke(InitDestroyAnnotationBeanPostProcessor.java:457)
	at org.springframework.beans.factory.annotation.InitDestroyAnnotationBeanPostProcessor$LifecycleMetadata.invokeDestroyMethods(InitDestroyAnnotationBeanPostProcessor.java:415)
	at org.springframework.beans.factory.annotation.InitDestroyAnnotationBeanPostProcessor.postProcessBeforeDestruction(InitDestroyAnnotationBeanPostProcessor.java:239)
	at org.springframework.beans.factory.support.DisposableBeanAdapter.destroy(DisposableBeanAdapter.java:202)
	at org.springframework.beans.factory.support.DisposableBeanAdapter.run(DisposableBeanAdapter.java:195)
	at org.springframework.cloud.context.scope.GenericScope$BeanLifecycleWrapper.destroy(GenericScope.java:387)
	at org.springframework.cloud.context.scope.GenericScope.destroy(GenericScope.java:134)
	at org.springframework.beans.factory.support.DisposableBeanAdapter.destroy(DisposableBeanAdapter.java:211)
	at org.springframework.beans.factory.support.DefaultSingletonBeanRegistry.destroyBean(DefaultSingletonBeanRegistry.java:798)
	at org.springframework.beans.factory.support.DefaultSingletonBeanRegistry.destroySingleton(DefaultSingletonBeanRegistry.java:748)
	at org.springframework.beans.factory.support.DefaultListableBeanFactory.destroySingleton(DefaultListableBeanFactory.java:1481)
	at org.springframework.beans.factory.support.DefaultSingletonBeanRegistry.destroySingletons(DefaultSingletonBeanRegistry.java:707)
	at org.springframework.beans.factory.support.DefaultListableBeanFactory.destroySingletons(DefaultListableBeanFactory.java:1474)
	at org.springframework.context.support.AbstractApplicationContext.destroyBeans(AbstractApplicationContext.java:1219)
	at org.springframework.context.support.AbstractApplicationContext.doClose(AbstractApplicationContext.java:1180)
	at org.springframework.boot.web.servlet.context.ServletWebServerApplicationContext.doClose(ServletWebServerApplicationContext.java:179)
	at org.springframework.context.support.AbstractApplicationContext.close(AbstractApplicationContext.java:1126)
	at org.springframework.boot.SpringApplicationShutdownHook.closeAndWait(SpringApplicationShutdownHook.java:147)
	at java.base/java.lang.Iterable.forEach(Iterable.java:75)
	at org.springframework.boot.SpringApplicationShutdownHook.run(SpringApplicationShutdownHook.java:116)
	at java.base/java.lang.Thread.run(Thread.java:1447)
Caused by: org.apache.hc.client5.http.HttpHostConnectException: Connect to http://localhost:8761 failed: Connection refused: getsockopt
	at java.base/sun.nio.ch.Net.pollConnect(Native Method)
	at java.base/sun.nio.ch.Net.pollConnectNow(Net.java:628)
	at java.base/sun.nio.ch.NioSocketImpl.timedFinishConnect(NioSocketImpl.java:533)
	at java.base/sun.nio.ch.NioSocketImpl.connect(NioSocketImpl.java:583)
	at java.base/java.net.SocksSocketImpl.connect(SocksSocketImpl.java:282)
	at java.base/java.net.Socket.connect(Socket.java:665)
	at org.apache.hc.client5.http.impl.io.DefaultHttpClientConnectionOperator.connect(DefaultHttpClientConnectionOperator.java:205)
	at org.apache.hc.client5.http.impl.io.PoolingHttpClientConnectionManager.connect(PoolingHttpClientConnectionManager.java:490)
	at org.apache.hc.client5.http.impl.classic.InternalExecRuntime.connectEndpoint(InternalExecRuntime.java:164)
	at org.apache.hc.client5.http.impl.classic.InternalExecRuntime.connectEndpoint(InternalExecRuntime.java:174)
	at org.apache.hc.client5.http.impl.classic.ConnectExec.execute(ConnectExec.java:144)
	at org.apache.hc.client5.http.impl.classic.ExecChainElement.execute(ExecChainElement.java:51)
	at org.apache.hc.client5.http.impl.classic.ProtocolExec.execute(ProtocolExec.java:195)
	at org.apache.hc.client5.http.impl.classic.ExecChainElement.execute(ExecChainElement.java:51)
	at org.apache.hc.client5.http.impl.classic.ContentCompressionExec.execute(ContentCompressionExec.java:150)
	at org.apache.hc.client5.http.impl.classic.ExecChainElement.execute(ExecChainElement.java:51)
	at org.apache.hc.client5.http.impl.classic.HttpRequestRetryExec.execute(HttpRequestRetryExec.java:113)
	at org.apache.hc.client5.http.impl.classic.ExecChainElement.execute(ExecChainElement.java:51)
	at org.apache.hc.client5.http.impl.classic.RedirectExec.execute(RedirectExec.java:110)
	at org.apache.hc.client5.http.impl.classic.ExecChainElement.execute(ExecChainElement.java:51)
	at org.apache.hc.client5.http.impl.classic.InternalHttpClient.doExecute(InternalHttpClient.java:185)
	at org.apache.hc.client5.http.impl.classic.CloseableHttpClient.execute(CloseableHttpClient.java:87)
	at org.apache.hc.client5.http.impl.classic.CloseableHttpClient.execute(CloseableHttpClient.java:55)
	at org.apache.hc.client5.http.classic.HttpClient.executeOpen(HttpClient.java:183)
	at org.springframework.http.client.HttpComponentsClientHttpRequest.executeInternal(HttpComponentsClientHttpRequest.java:99)
	at org.springframework.http.client.AbstractStreamingClientHttpRequest.executeInternal(AbstractStreamingClientHttpRequest.java:71)
	at org.springframework.http.client.AbstractClientHttpRequest.execute(AbstractClientHttpRequest.java:81)
	at org.springframework.http.client.InterceptingClientHttpRequest$InterceptingRequestExecution.execute(InterceptingClientHttpRequest.java:117)
	at org.springframework.cloud.netflix.eureka.http.RestTemplateTransportClientFactory.lambda$restTemplate$2(RestTemplateTransportClientFactory.java:145)
	at org.springframework.http.client.InterceptingClientHttpRequest$InterceptingRequestExecution.execute(InterceptingClientHttpRequest.java:88)
	at org.springframework.http.client.InterceptingClientHttpRequest.executeInternal(InterceptingClientHttpRequest.java:72)
	at org.springframework.http.client.AbstractBufferingClientHttpRequest.executeInternal(AbstractBufferingClientHttpRequest.java:48)
	at org.springframework.http.client.AbstractClientHttpRequest.execute(AbstractClientHttpRequest.java:81)
	at org.springframework.web.client.RestTemplate.doExecute(RestTemplate.java:900)
	... 38 more

2025-10-29T20:44:44.184-03:00  WARN 12992 --- [Proyecto-Venta] [SpringApplicationShutdownHook] c.n.d.s.t.d.RetryableEurekaHttpClient    : Request execution failed with message: I/O error on DELETE request for "http://localhost:8761/eureka/apps/PROYECTO-VENTA/localhost:Proyecto-Venta:8081": Connect to http://localhost:8761 failed: Connection refused: getsockopt
2025-10-29T20:44:44.184-03:00 ERROR 12992 --- [Proyecto-Venta] [SpringApplicationShutdownHook] com.netflix.discovery.DiscoveryClient    : DiscoveryClient_PROYECTO-VENTA/localhost:Proyecto-Venta:8081 - de-registration failedCannot execute request on any known server

com.netflix.discovery.shared.transport.TransportException: Cannot execute request on any known server
	at com.netflix.discovery.shared.transport.decorator.RetryableEurekaHttpClient.execute(RetryableEurekaHttpClient.java:112) ~[eureka-client-2.0.4.jar:2.0.4]
	at com.netflix.discovery.shared.transport.decorator.EurekaHttpClientDecorator.cancel(EurekaHttpClientDecorator.java:71) ~[eureka-client-2.0.4.jar:2.0.4]
	at com.netflix.discovery.shared.transport.decorator.EurekaHttpClientDecorator$2.execute(EurekaHttpClientDecorator.java:74) ~[eureka-client-2.0.4.jar:2.0.4]
	at com.netflix.discovery.shared.transport.decorator.SessionedEurekaHttpClient.execute(SessionedEurekaHttpClient.java:76) ~[eureka-client-2.0.4.jar:2.0.4]
	at com.netflix.discovery.shared.transport.decorator.EurekaHttpClientDecorator.cancel(EurekaHttpClientDecorator.java:71) ~[eureka-client-2.0.4.jar:2.0.4]
	at com.netflix.discovery.DiscoveryClient.unregister(DiscoveryClient.java:919) ~[eureka-client-2.0.4.jar:2.0.4]
	at com.netflix.discovery.DiscoveryClient.shutdown(DiscoveryClient.java:900) ~[eureka-client-2.0.4.jar:2.0.4]
	at java.base/jdk.internal.reflect.DirectMethodHandleAccessor.invoke(DirectMethodHandleAccessor.java:104) ~[na:na]
	at java.base/java.lang.reflect.Method.invoke(Method.java:565) ~[na:na]
	at org.springframework.beans.factory.annotation.InitDestroyAnnotationBeanPostProcessor$LifecycleMethod.invoke(InitDestroyAnnotationBeanPostProcessor.java:457) ~[spring-beans-6.2.10.jar:6.2.10]
	at org.springframework.beans.factory.annotation.InitDestroyAnnotationBeanPostProcessor$LifecycleMetadata.invokeDestroyMethods(InitDestroyAnnotationBeanPostProcessor.java:415) ~[spring-beans-6.2.10.jar:6.2.10]
	at org.springframework.beans.factory.annotation.InitDestroyAnnotationBeanPostProcessor.postProcessBeforeDestruction(InitDestroyAnnotationBeanPostProcessor.java:239) ~[spring-beans-6.2.10.jar:6.2.10]
	at org.springframework.beans.factory.support.DisposableBeanAdapter.destroy(DisposableBeanAdapter.java:202) ~[spring-beans-6.2.10.jar:6.2.10]
	at org.springframework.beans.factory.support.DisposableBeanAdapter.run(DisposableBeanAdapter.java:195) ~[spring-beans-6.2.10.jar:6.2.10]
	at org.springframework.cloud.context.scope.GenericScope$BeanLifecycleWrapper.destroy(GenericScope.java:387) ~[spring-cloud-context-4.3.0.jar:4.3.0]
	at org.springframework.cloud.context.scope.GenericScope.destroy(GenericScope.java:134) ~[spring-cloud-context-4.3.0.jar:4.3.0]
	at org.springframework.beans.factory.support.DisposableBeanAdapter.destroy(DisposableBeanAdapter.java:211) ~[spring-beans-6.2.10.jar:6.2.10]
	at org.springframework.beans.factory.support.DefaultSingletonBeanRegistry.destroyBean(DefaultSingletonBeanRegistry.java:798) ~[spring-beans-6.2.10.jar:6.2.10]
	at org.springframework.beans.factory.support.DefaultSingletonBeanRegistry.destroySingleton(DefaultSingletonBeanRegistry.java:748) ~[spring-beans-6.2.10.jar:6.2.10]
	at org.springframework.beans.factory.support.DefaultListableBeanFactory.destroySingleton(DefaultListableBeanFactory.java:1481) ~[spring-beans-6.2.10.jar:6.2.10]
	at org.springframework.beans.factory.support.DefaultSingletonBeanRegistry.destroySingletons(DefaultSingletonBeanRegistry.java:707) ~[spring-beans-6.2.10.jar:6.2.10]
	at org.springframework.beans.factory.support.DefaultListableBeanFactory.destroySingletons(DefaultListableBeanFactory.java:1474) ~[spring-beans-6.2.10.jar:6.2.10]
	at org.springframework.context.support.AbstractApplicationContext.destroyBeans(AbstractApplicationContext.java:1219) ~[spring-context-6.2.10.jar:6.2.10]
	at org.springframework.context.support.AbstractApplicationContext.doClose(AbstractApplicationContext.java:1180) ~[spring-context-6.2.10.jar:6.2.10]
	at org.springframework.boot.web.servlet.context.ServletWebServerApplicationContext.doClose(ServletWebServerApplicationContext.java:179) ~[spring-boot-3.5.5.jar:3.5.5]
	at org.springframework.context.support.AbstractApplicationContext.close(AbstractApplicationContext.java:1126) ~[spring-context-6.2.10.jar:6.2.10]
	at org.springframework.boot.SpringApplicationShutdownHook.closeAndWait(SpringApplicationShutdownHook.java:147) ~[spring-boot-3.5.5.jar:3.5.5]
	at java.base/java.lang.Iterable.forEach(Iterable.java:75) ~[na:na]
	at org.springframework.boot.SpringApplicationShutdownHook.run(SpringApplicationShutdownHook.java:116) ~[spring-boot-3.5.5.jar:3.5.5]
	at java.base/java.lang.Thread.run(Thread.java:1447) ~[na:na]

2025-10-29T20:44:44.188-03:00  INFO 12992 --- [Proyecto-Venta] [SpringApplicationShutdownHook] com.netflix.discovery.DiscoveryClient    : Completed shut down of DiscoveryClient
2025-10-29T20:56:51.719-03:00  INFO 14304 --- [Proyecto-Venta] [main] c.d.p.ProyectoVentaApplication           : Starting ProyectoVentaApplication using Java 24 with PID 14304 (C:\Users\Usuario\IdeaProjects\Distri\SistemaWebYDistribuido\Proyecto-Venta\target\classes started by Usuario in C:\Users\Usuario\IdeaProjects\Distri\SistemaWebYDistribuido)
2025-10-29T20:56:51.721-03:00  INFO 14304 --- [Proyecto-Venta] [main] c.d.p.ProyectoVentaApplication           : No active profile set, falling back to 1 default profile: "default"
2025-10-29T20:56:52.500-03:00  INFO 14304 --- [Proyecto-Venta] [main] .s.d.r.c.RepositoryConfigurationDelegate : Bootstrapping Spring Data JPA repositories in DEFAULT mode.
2025-10-29T20:56:52.664-03:00  INFO 14304 --- [Proyecto-Venta] [main] .s.d.r.c.RepositoryConfigurationDelegate : Finished Spring Data repository scanning in 154 ms. Found 8 JPA repository interfaces.
2025-10-29T20:56:52.817-03:00  INFO 14304 --- [Proyecto-Venta] [main] o.s.cloud.context.scope.GenericScope     : BeanFactory id=01235d07-0bc7-3f81-a0a7-e4e7bced9c96
2025-10-29T20:56:53.155-03:00  INFO 14304 --- [Proyecto-Venta] [main] o.s.b.w.embedded.tomcat.TomcatWebServer  : Tomcat initialized with port 8081 (http)
2025-10-29T20:56:53.169-03:00  INFO 14304 --- [Proyecto-Venta] [main] o.apache.catalina.core.StandardService   : Starting service [Tomcat]
2025-10-29T20:56:53.169-03:00  INFO 14304 --- [Proyecto-Venta] [main] o.apache.catalina.core.StandardEngine    : Starting Servlet engine: [Apache Tomcat/10.1.44]
2025-10-29T20:56:53.234-03:00  INFO 14304 --- [Proyecto-Venta] [main] o.a.c.c.C.[Tomcat].[localhost].[/]       : Initializing Spring embedded WebApplicationContext
2025-10-29T20:56:53.234-03:00  INFO 14304 --- [Proyecto-Venta] [main] w.s.c.ServletWebServerApplicationContext : Root WebApplicationContext: initialization completed in 1472 ms
2025-10-29T20:56:53.361-03:00  INFO 14304 --- [Proyecto-Venta] [main] com.zaxxer.hikari.HikariDataSource       : HikariPool-1 - Starting...
2025-10-29T20:56:55.421-03:00  INFO 14304 --- [Proyecto-Venta] [main] com.zaxxer.hikari.pool.HikariPool        : HikariPool-1 - Added connection org.postgresql.jdbc.PgConnection@2109a691
2025-10-29T20:56:55.423-03:00  INFO 14304 --- [Proyecto-Venta] [main] com.zaxxer.hikari.HikariDataSource       : HikariPool-1 - Start completed.
2025-10-29T20:56:56.705-03:00  INFO 14304 --- [Proyecto-Venta] [main] liquibase.database                       : Set default schema name to public
2025-10-29T20:56:57.800-03:00  INFO 14304 --- [Proyecto-Venta] [main] liquibase.changelog                      : Reading from public.databasechangelog
2025-10-29T20:56:59.850-03:00  INFO 14304 --- [Proyecto-Venta] [main] liquibase.ui                             : Database is up to date, no changesets to execute
2025-10-29T20:57:00.034-03:00  INFO 14304 --- [Proyecto-Venta] [main] liquibase.changelog                      : Reading from public.databasechangelog
2025-10-29T20:57:00.235-03:00  INFO 14304 --- [Proyecto-Venta] [main] liquibase.util                           : UPDATE SUMMARY
2025-10-29T20:57:00.235-03:00  INFO 14304 --- [Proyecto-Venta] [main] liquibase.util                           : Run:                          0
2025-10-29T20:57:00.235-03:00  INFO 14304 --- [Proyecto-Venta] [main] liquibase.util                           : Previously run:              21
2025-10-29T20:57:00.235-03:00  INFO 14304 --- [Proyecto-Venta] [main] liquibase.util                           : Filtered out:                 0
2025-10-29T20:57:00.236-03:00  INFO 14304 --- [Proyecto-Venta] [main] liquibase.util                           : -------------------------------
2025-10-29T20:57:00.236-03:00  INFO 14304 --- [Proyecto-Venta] [main] liquibase.util                           : Total change sets:           21
2025-10-29T20:57:00.236-03:00  INFO 14304 --- [Proyecto-Venta] [main] liquibase.util                           : Update summary generated
2025-10-29T20:57:00.237-03:00  INFO 14304 --- [Proyecto-Venta] [main] liquibase.command                        : Command execution complete
2025-10-29T20:57:02.010-03:00  INFO 14304 --- [Proyecto-Venta] [main] o.hibernate.jpa.internal.util.LogHelper  : HHH000204: Processing PersistenceUnitInfo [name: default]
2025-10-29T20:57:02.060-03:00  INFO 14304 --- [Proyecto-Venta] [main] org.hibernate.Version                    : HHH000412: Hibernate ORM core version 6.6.26.Final
2025-10-29T20:57:02.091-03:00  INFO 14304 --- [Proyecto-Venta] [main] o.h.c.internal.RegionFactoryInitiator    : HHH000026: Second-level cache disabled
2025-10-29T20:57:02.375-03:00  INFO 14304 --- [Proyecto-Venta] [main] o.s.o.j.p.SpringPersistenceUnitInfo      : No LoadTimeWeaver setup: ignoring JPA class transformer
2025-10-29T20:57:03.025-03:00  INFO 14304 --- [Proyecto-Venta] [main] org.hibernate.orm.connections.pooling    : HHH10001005: Database info:
	Database JDBC URL [Connecting through datasource 'HikariDataSource (HikariPool-1)']
	Database driver: undefined/unknown
	Database version: 17.6
	Autocommit mode: undefined/unknown
	Isolation level: undefined/unknown
	Minimum pool size: undefined/unknown
	Maximum pool size: undefined/unknown
2025-10-29T20:57:03.992-03:00  INFO 14304 --- [Proyecto-Venta] [main] o.h.e.t.j.p.i.JtaPlatformInitiator       : HHH000489: No JTA platform available (set 'hibernate.transaction.jta.platform' to enable JTA platform integration)
2025-10-29T20:57:03.995-03:00  INFO 14304 --- [Proyecto-Venta] [main] j.LocalContainerEntityManagerFactoryBean : Initialized JPA EntityManagerFactory for persistence unit 'default'
2025-10-29T20:57:04.346-03:00  INFO 14304 --- [Proyecto-Venta] [main] o.s.d.j.r.query.QueryEnhancerFactory     : Hibernate is in classpath; If applicable, HQL parser will be used.
2025-10-29T20:57:04.941-03:00  WARN 14304 --- [Proyecto-Venta] [main] JpaBaseConfiguration$JpaWebConfiguration : spring.jpa.open-in-view is enabled by default. Therefore, database queries may be performed during view rendering. Explicitly configure spring.jpa.open-in-view to disable this warning
2025-10-29T20:57:06.402-03:00  INFO 14304 --- [Proyecto-Venta] [main] o.s.cloud.commons.util.InetUtils         : Cannot determine local hostname
2025-10-29T20:57:07.421-03:00  INFO 14304 --- [Proyecto-Venta] [main] o.s.cloud.commons.util.InetUtils         : Cannot determine local hostname
2025-10-29T20:57:07.440-03:00  INFO 14304 --- [Proyecto-Venta] [main] DiscoveryClientOptionalArgsConfiguration : Eureka HTTP Client uses RestTemplate.
2025-10-29T20:57:07.472-03:00  WARN 14304 --- [Proyecto-Venta] [main] iguration$LoadBalancerCaffeineWarnLogger : Spring Cloud LoadBalancer is currently working with the default cache. While this cache implementation is useful for development and tests, it's recommended to use Caffeine cache in production.You can switch to using Caffeine cache, by adding it and org.springframework.cache.caffeine.CaffeineCacheManager to the classpath.
2025-10-29T20:57:07.513-03:00  INFO 14304 --- [Proyecto-Venta] [main] o.s.c.n.eureka.InstanceInfoFactory       : Setting initial instance status as: STARTING
2025-10-29T20:57:07.536-03:00  INFO 14304 --- [Proyecto-Venta] [main] com.netflix.discovery.DiscoveryClient    : Initializing Eureka in region us-east-1
2025-10-29T20:57:07.540-03:00  INFO 14304 --- [Proyecto-Venta] [main] c.n.d.s.r.aws.ConfigClusterResolver      : Resolving eureka endpoints via configuration
2025-10-29T20:57:07.547-03:00  INFO 14304 --- [Proyecto-Venta] [main] com.netflix.discovery.DiscoveryClient    : Disable delta property : false
2025-10-29T20:57:07.548-03:00  INFO 14304 --- [Proyecto-Venta] [main] com.netflix.discovery.DiscoveryClient    : Single vip registry refresh property : null
2025-10-29T20:57:07.548-03:00  INFO 14304 --- [Proyecto-Venta] [main] com.netflix.discovery.DiscoveryClient    : Force full registry fetch : false
2025-10-29T20:57:07.548-03:00  INFO 14304 --- [Proyecto-Venta] [main] com.netflix.discovery.DiscoveryClient    : Application is null : false
2025-10-29T20:57:07.548-03:00  INFO 14304 --- [Proyecto-Venta] [main] com.netflix.discovery.DiscoveryClient    : Registered Applications size is zero : true
2025-10-29T20:57:07.548-03:00  INFO 14304 --- [Proyecto-Venta] [main] com.netflix.discovery.DiscoveryClient    : Application version is -1: true
2025-10-29T20:57:07.548-03:00  INFO 14304 --- [Proyecto-Venta] [main] com.netflix.discovery.DiscoveryClient    : Getting all instance registry info from the eureka server
2025-10-29T20:57:07.839-03:00  INFO 14304 --- [Proyecto-Venta] [main] com.netflix.discovery.DiscoveryClient    : The response status is 200
2025-10-29T20:57:07.840-03:00  INFO 14304 --- [Proyecto-Venta] [main] com.netflix.discovery.DiscoveryClient    : Starting heartbeat executor: renew interval is: 30
2025-10-29T20:57:07.842-03:00  INFO 14304 --- [Proyecto-Venta] [main] c.n.discovery.InstanceInfoReplicator     : InstanceInfoReplicator onDemand update allowed rate per min is 4
2025-10-29T20:57:07.843-03:00  INFO 14304 --- [Proyecto-Venta] [main] com.netflix.discovery.DiscoveryClient    : Discovery Client initialized at timestamp 1761782227843 with initial instances count: 1
2025-10-29T20:57:07.846-03:00  INFO 14304 --- [Proyecto-Venta] [main] o.s.c.n.e.s.EurekaServiceRegistry        : Registering application PROYECTO-VENTA with eureka with status UP
2025-10-29T20:57:07.847-03:00  INFO 14304 --- [Proyecto-Venta] [main] com.netflix.discovery.DiscoveryClient    : Saw local status change event StatusChangeEvent [timestamp=1761782227847, current=UP, previous=STARTING]
2025-10-29T20:57:07.848-03:00  INFO 14304 --- [Proyecto-Venta] [DiscoveryClient-InstanceInfoReplicator-%d] com.netflix.discovery.DiscoveryClient    : DiscoveryClient_PROYECTO-VENTA/localhost:Proyecto-Venta:8081: registering service...
2025-10-29T20:57:07.873-03:00  INFO 14304 --- [Proyecto-Venta] [main] o.s.b.w.embedded.tomcat.TomcatWebServer  : Tomcat started on port 8081 (http) with context path '/'
2025-10-29T20:57:07.874-03:00  INFO 14304 --- [Proyecto-Venta] [main] .s.c.n.e.s.EurekaAutoServiceRegistration : Updating port to 8081
2025-10-29T20:57:07.893-03:00  INFO 14304 --- [Proyecto-Venta] [DiscoveryClient-InstanceInfoReplicator-%d] com.netflix.discovery.DiscoveryClient    : DiscoveryClient_PROYECTO-VENTA/localhost:Proyecto-Venta:8081 - registration status: 204
2025-10-29T20:57:08.876-03:00  INFO 14304 --- [Proyecto-Venta] [main] o.s.cloud.commons.util.InetUtils         : Cannot determine local hostname
2025-10-29T20:57:08.883-03:00  INFO 14304 --- [Proyecto-Venta] [main] c.d.p.ProyectoVentaApplication           : Started ProyectoVentaApplication in 18.621 seconds (process running for 19.405)
2025-10-29T21:02:07.551-03:00  INFO 14304 --- [Proyecto-Venta] [AsyncResolver-bootstrap-executor-%d] c.n.d.s.r.aws.ConfigClusterResolver      : Resolving eureka endpoints via configuration
2025-10-29T21:02:24.211-03:00  INFO 14304 --- [Proyecto-Venta] [SpringApplicationShutdownHook] o.s.c.n.e.s.EurekaServiceRegistry        : Unregistering application PROYECTO-VENTA with eureka with status DOWN
2025-10-29T21:02:24.211-03:00  INFO 14304 --- [Proyecto-Venta] [SpringApplicationShutdownHook] com.netflix.discovery.DiscoveryClient    : Saw local status change event StatusChangeEvent [timestamp=1761782544211, current=DOWN, previous=UP]
2025-10-29T21:02:24.212-03:00  INFO 14304 --- [Proyecto-Venta] [DiscoveryClient-InstanceInfoReplicator-%d] com.netflix.discovery.DiscoveryClient    : DiscoveryClient_PROYECTO-VENTA/localhost:Proyecto-Venta:8081: registering service...
2025-10-29T21:02:24.214-03:00  INFO 14304 --- [Proyecto-Venta] [SpringApplicationShutdownHook] o.s.b.w.e.tomcat.GracefulShutdown        : Commencing graceful shutdown. Waiting for active requests to complete
2025-10-29T21:02:24.220-03:00  INFO 14304 --- [Proyecto-Venta] [DiscoveryClient-InstanceInfoReplicator-%d] com.netflix.discovery.DiscoveryClient    : DiscoveryClient_PROYECTO-VENTA/localhost:Proyecto-Venta:8081 - registration status: 204
2025-10-29T21:02:24.220-03:00  INFO 14304 --- [Proyecto-Venta] [tomcat-shutdown] o.s.b.w.e.tomcat.GracefulShutdown        : Graceful shutdown complete
2025-10-29T21:02:24.226-03:00  INFO 14304 --- [Proyecto-Venta] [SpringApplicationShutdownHook] j.LocalContainerEntityManagerFactoryBean : Closing JPA EntityManagerFactory for persistence unit 'default'
2025-10-29T21:02:24.228-03:00  INFO 14304 --- [Proyecto-Venta] [SpringApplicationShutdownHook] com.zaxxer.hikari.HikariDataSource       : HikariPool-1 - Shutdown initiated...
2025-10-29T21:02:25.904-03:00  INFO 14304 --- [Proyecto-Venta] [SpringApplicationShutdownHook] com.zaxxer.hikari.HikariDataSource       : HikariPool-1 - Shutdown completed.
2025-10-29T21:02:25.905-03:00  INFO 14304 --- [Proyecto-Venta] [SpringApplicationShutdownHook] com.netflix.discovery.DiscoveryClient    : Shutting down DiscoveryClient ...
2025-10-29T21:02:28.906-03:00  INFO 14304 --- [Proyecto-Venta] [SpringApplicationShutdownHook] com.netflix.discovery.DiscoveryClient    : Unregistering ...
2025-10-29T21:02:28.931-03:00  INFO 14304 --- [Proyecto-Venta] [SpringApplicationShutdownHook] c.n.d.s.t.d.RedirectingEurekaHttpClient  : Request execution error. endpoint=DefaultEndpoint{ serviceUrl='http://localhost:8761/eureka/} exception=I/O error on DELETE request for "http://localhost:8761/eureka/apps/PROYECTO-VENTA/localhost:Proyecto-Venta:8081": Connect to http://localhost:8761 failed: Connection refused: getsockopt stacktrace=org.springframework.web.client.ResourceAccessException: I/O error on DELETE request for "http://localhost:8761/eureka/apps/PROYECTO-VENTA/localhost:Proyecto-Venta:8081": Connect to http://localhost:8761 failed: Connection refused: getsockopt
	at org.springframework.web.client.RestTemplate.createResourceAccessException(RestTemplate.java:926)
	at org.springframework.web.client.RestTemplate.doExecute(RestTemplate.java:906)
	at org.springframework.web.client.RestTemplate.execute(RestTemplate.java:841)
	at org.springframework.web.client.RestTemplate.exchange(RestTemplate.java:702)
	at org.springframework.cloud.netflix.eureka.http.RestTemplateEurekaHttpClient.cancel(RestTemplateEurekaHttpClient.java:100)
	at com.netflix.discovery.shared.transport.decorator.EurekaHttpClientDecorator$2.execute(EurekaHttpClientDecorator.java:74)
	at com.netflix.discovery.shared.transport.decorator.RedirectingEurekaHttpClient.execute(RedirectingEurekaHttpClient.java:91)
	at com.netflix.discovery.shared.transport.decorator.EurekaHttpClientDecorator.cancel(EurekaHttpClientDecorator.java:71)
	at com.netflix.discovery.shared.transport.decorator.EurekaHttpClientDecorator$2.execute(EurekaHttpClientDecorator.java:74)
	at com.netflix.discovery.shared.transport.decorator.RetryableEurekaHttpClient.execute(RetryableEurekaHttpClient.java:120)
	at com.netflix.discovery.shared.transport.decorator.EurekaHttpClientDecorator.cancel(EurekaHttpClientDecorator.java:71)
	at com.netflix.discovery.shared.transport.decorator.EurekaHttpClientDecorator$2.execute(EurekaHttpClientDecorator.java:74)
	at com.netflix.discovery.shared.transport.decorator.SessionedEurekaHttpClient.execute(SessionedEurekaHttpClient.java:76)
	at com.netflix.discovery.shared.transport.decorator.EurekaHttpClientDecorator.cancel(EurekaHttpClientDecorator.java:71)
	at com.netflix.discovery.DiscoveryClient.unregister(DiscoveryClient.java:919)
	at com.netflix.discovery.DiscoveryClient.shutdown(DiscoveryClient.java:900)
	at java.base/jdk.internal.reflect.DirectMethodHandleAccessor.invoke(DirectMethodHandleAccessor.java:104)
	at java.base/java.lang.reflect.Method.invoke(Method.java:565)
	at org.springframework.beans.factory.annotation.InitDestroyAnnotationBeanPostProcessor$LifecycleMethod.invoke(InitDestroyAnnotationBeanPostProcessor.java:457)
	at org.springframework.beans.factory.annotation.InitDestroyAnnotationBeanPostProcessor$LifecycleMetadata.invokeDestroyMethods(InitDestroyAnnotationBeanPostProcessor.java:415)
	at org.springframework.beans.factory.annotation.InitDestroyAnnotationBeanPostProcessor.postProcessBeforeDestruction(InitDestroyAnnotationBeanPostProcessor.java:239)
	at org.springframework.beans.factory.support.DisposableBeanAdapter.destroy(DisposableBeanAdapter.java:202)
	at org.springframework.beans.factory.support.DisposableBeanAdapter.run(DisposableBeanAdapter.java:195)
	at org.springframework.cloud.context.scope.GenericScope$BeanLifecycleWrapper.destroy(GenericScope.java:387)
	at org.springframework.cloud.context.scope.GenericScope.destroy(GenericScope.java:134)
	at org.springframework.beans.factory.support.DisposableBeanAdapter.destroy(DisposableBeanAdapter.java:211)
	at org.springframework.beans.factory.support.DefaultSingletonBeanRegistry.destroyBean(DefaultSingletonBeanRegistry.java:798)
	at org.springframework.beans.factory.support.DefaultSingletonBeanRegistry.destroySingleton(DefaultSingletonBeanRegistry.java:748)
	at org.springframework.beans.factory.support.DefaultListableBeanFactory.destroySingleton(DefaultListableBeanFactory.java:1481)
	at org.springframework.beans.factory.support.DefaultSingletonBeanRegistry.destroySingletons(DefaultSingletonBeanRegistry.java:707)
	at org.springframework.beans.factory.support.DefaultListableBeanFactory.destroySingletons(DefaultListableBeanFactory.java:1474)
	at org.springframework.context.support.AbstractApplicationContext.destroyBeans(AbstractApplicationContext.java:1219)
	at org.springframework.context.support.AbstractApplicationContext.doClose(AbstractApplicationContext.java:1180)
	at org.springframework.boot.web.servlet.context.ServletWebServerApplicationContext.doClose(ServletWebServerApplicationContext.java:179)
	at org.springframework.context.support.AbstractApplicationContext.close(AbstractApplicationContext.java:1126)
	at org.springframework.boot.SpringApplicationShutdownHook.closeAndWait(SpringApplicationShutdownHook.java:147)
	at java.base/java.lang.Iterable.forEach(Iterable.java:75)
	at org.springframework.boot.SpringApplicationShutdownHook.run(SpringApplicationShutdownHook.java:116)
	at java.base/java.lang.Thread.run(Thread.java:1447)
Caused by: org.apache.hc.client5.http.HttpHostConnectException: Connect to http://localhost:8761 failed: Connection refused: getsockopt
	at java.base/sun.nio.ch.Net.pollConnect(Native Method)
	at java.base/sun.nio.ch.Net.pollConnectNow(Net.java:628)
	at java.base/sun.nio.ch.NioSocketImpl.timedFinishConnect(NioSocketImpl.java:533)
	at java.base/sun.nio.ch.NioSocketImpl.connect(NioSocketImpl.java:583)
	at java.base/java.net.SocksSocketImpl.connect(SocksSocketImpl.java:282)
	at java.base/java.net.Socket.connect(Socket.java:665)
	at org.apache.hc.client5.http.impl.io.DefaultHttpClientConnectionOperator.connect(DefaultHttpClientConnectionOperator.java:205)
	at org.apache.hc.client5.http.impl.io.PoolingHttpClientConnectionManager.connect(PoolingHttpClientConnectionManager.java:490)
	at org.apache.hc.client5.http.impl.classic.InternalExecRuntime.connectEndpoint(InternalExecRuntime.java:164)
	at org.apache.hc.client5.http.impl.classic.InternalExecRuntime.connectEndpoint(InternalExecRuntime.java:174)
	at org.apache.hc.client5.http.impl.classic.ConnectExec.execute(ConnectExec.java:144)
	at org.apache.hc.client5.http.impl.classic.ExecChainElement.execute(ExecChainElement.java:51)
	at org.apache.hc.client5.http.impl.classic.ProtocolExec.execute(ProtocolExec.java:195)
	at org.apache.hc.client5.http.impl.classic.ExecChainElement.execute(ExecChainElement.java:51)
	at org.apache.hc.client5.http.impl.classic.ContentCompressionExec.execute(ContentCompressionExec.java:150)
	at org.apache.hc.client5.http.impl.classic.ExecChainElement.execute(ExecChainElement.java:51)
	at org.apache.hc.client5.http.impl.classic.HttpRequestRetryExec.execute(HttpRequestRetryExec.java:113)
	at org.apache.hc.client5.http.impl.classic.ExecChainElement.execute(ExecChainElement.java:51)
	at org.apache.hc.client5.http.impl.classic.RedirectExec.execute(RedirectExec.java:110)
	at org.apache.hc.client5.http.impl.classic.ExecChainElement.execute(ExecChainElement.java:51)
	at org.apache.hc.client5.http.impl.classic.InternalHttpClient.doExecute(InternalHttpClient.java:185)
	at org.apache.hc.client5.http.impl.classic.CloseableHttpClient.execute(CloseableHttpClient.java:87)
	at org.apache.hc.client5.http.impl.classic.CloseableHttpClient.execute(CloseableHttpClient.java:55)
	at org.apache.hc.client5.http.classic.HttpClient.executeOpen(HttpClient.java:183)
	at org.springframework.http.client.HttpComponentsClientHttpRequest.executeInternal(HttpComponentsClientHttpRequest.java:99)
	at org.springframework.http.client.AbstractStreamingClientHttpRequest.executeInternal(AbstractStreamingClientHttpRequest.java:71)
	at org.springframework.http.client.AbstractClientHttpRequest.execute(AbstractClientHttpRequest.java:81)
	at org.springframework.http.client.InterceptingClientHttpRequest$InterceptingRequestExecution.execute(InterceptingClientHttpRequest.java:117)
	at org.springframework.cloud.netflix.eureka.http.RestTemplateTransportClientFactory.lambda$restTemplate$2(RestTemplateTransportClientFactory.java:145)
	at org.springframework.http.client.InterceptingClientHttpRequest$InterceptingRequestExecution.execute(InterceptingClientHttpRequest.java:88)
	at org.springframework.http.client.InterceptingClientHttpRequest.executeInternal(InterceptingClientHttpRequest.java:72)
	at org.springframework.http.client.AbstractBufferingClientHttpRequest.executeInternal(AbstractBufferingClientHttpRequest.java:48)
	at org.springframework.http.client.AbstractClientHttpRequest.execute(AbstractClientHttpRequest.java:81)
	at org.springframework.web.client.RestTemplate.doExecute(RestTemplate.java:900)
	... 37 more

2025-10-29T21:02:28.932-03:00  WARN 14304 --- [Proyecto-Venta] [SpringApplicationShutdownHook] c.n.d.s.t.d.RetryableEurekaHttpClient    : Request execution failed with message: I/O error on DELETE request for "http://localhost:8761/eureka/apps/PROYECTO-VENTA/localhost:Proyecto-Venta:8081": Connect to http://localhost:8761 failed: Connection refused: getsockopt
2025-10-29T21:02:28.958-03:00  INFO 14304 --- [Proyecto-Venta] [SpringApplicationShutdownHook] c.n.d.s.t.d.RedirectingEurekaHttpClient  : Request execution error. endpoint=DefaultEndpoint{ serviceUrl='http://localhost:8761/eureka/}, exception=I/O error on DELETE request for "http://localhost:8761/eureka/apps/PROYECTO-VENTA/localhost:Proyecto-Venta:8081": Connect to http://localhost:8761 failed: Connection refused: getsockopt stacktrace=org.springframework.web.client.ResourceAccessException: I/O error on DELETE request for "http://localhost:8761/eureka/apps/PROYECTO-VENTA/localhost:Proyecto-Venta:8081": Connect to http://localhost:8761 failed: Connection refused: getsockopt
	at org.springframework.web.client.RestTemplate.createResourceAccessException(RestTemplate.java:926)
	at org.springframework.web.client.RestTemplate.doExecute(RestTemplate.java:906)
	at org.springframework.web.client.RestTemplate.execute(RestTemplate.java:841)
	at org.springframework.web.client.RestTemplate.exchange(RestTemplate.java:702)
	at org.springframework.cloud.netflix.eureka.http.RestTemplateEurekaHttpClient.cancel(RestTemplateEurekaHttpClient.java:100)
	at com.netflix.discovery.shared.transport.decorator.EurekaHttpClientDecorator$2.execute(EurekaHttpClientDecorator.java:74)
	at com.netflix.discovery.shared.transport.decorator.RedirectingEurekaHttpClient.executeOnNewServer(RedirectingEurekaHttpClient.java:121)
	at com.netflix.discovery.shared.transport.decorator.RedirectingEurekaHttpClient.execute(RedirectingEurekaHttpClient.java:80)
	at com.netflix.discovery.shared.transport.decorator.EurekaHttpClientDecorator.cancel(EurekaHttpClientDecorator.java:71)
	at com.netflix.discovery.shared.transport.decorator.EurekaHttpClientDecorator$2.execute(EurekaHttpClientDecorator.java:74)
	at com.netflix.discovery.shared.transport.decorator.RetryableEurekaHttpClient.execute(RetryableEurekaHttpClient.java:120)
	at com.netflix.discovery.shared.transport.decorator.EurekaHttpClientDecorator.cancel(EurekaHttpClientDecorator.java:71)
	at com.netflix.discovery.shared.transport.decorator.EurekaHttpClientDecorator$2.execute(EurekaHttpClientDecorator.java:74)
	at com.netflix.discovery.shared.transport.decorator.SessionedEurekaHttpClient.execute(SessionedEurekaHttpClient.java:76)
	at com.netflix.discovery.shared.transport.decorator.EurekaHttpClientDecorator.cancel(EurekaHttpClientDecorator.java:71)
	at com.netflix.discovery.DiscoveryClient.unregister(DiscoveryClient.java:919)
	at com.netflix.discovery.DiscoveryClient.shutdown(DiscoveryClient.java:900)
	at java.base/jdk.internal.reflect.DirectMethodHandleAccessor.invoke(DirectMethodHandleAccessor.java:104)
	at java.base/java.lang.reflect.Method.invoke(Method.java:565)
	at org.springframework.beans.factory.annotation.InitDestroyAnnotationBeanPostProcessor$LifecycleMethod.invoke(InitDestroyAnnotationBeanPostProcessor.java:457)
	at org.springframework.beans.factory.annotation.InitDestroyAnnotationBeanPostProcessor$LifecycleMetadata.invokeDestroyMethods(InitDestroyAnnotationBeanPostProcessor.java:415)
	at org.springframework.beans.factory.annotation.InitDestroyAnnotationBeanPostProcessor.postProcessBeforeDestruction(InitDestroyAnnotationBeanPostProcessor.java:239)
	at org.springframework.beans.factory.support.DisposableBeanAdapter.destroy(DisposableBeanAdapter.java:202)
	at org.springframework.beans.factory.support.DisposableBeanAdapter.run(DisposableBeanAdapter.java:195)
	at org.springframework.cloud.context.scope.GenericScope$BeanLifecycleWrapper.destroy(GenericScope.java:387)
	at org.springframework.cloud.context.scope.GenericScope.destroy(GenericScope.java:134)
	at org.springframework.beans.factory.support.DisposableBeanAdapter.destroy(DisposableBeanAdapter.java:211)
	at org.springframework.beans.factory.support.DefaultSingletonBeanRegistry.destroyBean(DefaultSingletonBeanRegistry.java:798)
	at org.springframework.beans.factory.support.DefaultSingletonBeanRegistry.destroySingleton(DefaultSingletonBeanRegistry.java:748)
	at org.springframework.beans.factory.support.DefaultListableBeanFactory.destroySingleton(DefaultListableBeanFactory.java:1481)
	at org.springframework.beans.factory.support.DefaultSingletonBeanRegistry.destroySingletons(DefaultSingletonBeanRegistry.java:707)
	at org.springframework.beans.factory.support.DefaultListableBeanFactory.destroySingletons(DefaultListableBeanFactory.java:1474)
	at org.springframework.context.support.AbstractApplicationContext.destroyBeans(AbstractApplicationContext.java:1219)
	at org.springframework.context.support.AbstractApplicationContext.doClose(AbstractApplicationContext.java:1180)
	at org.springframework.boot.web.servlet.context.ServletWebServerApplicationContext.doClose(ServletWebServerApplicationContext.java:179)
	at org.springframework.context.support.AbstractApplicationContext.close(AbstractApplicationContext.java:1126)
	at org.springframework.boot.SpringApplicationShutdownHook.closeAndWait(SpringApplicationShutdownHook.java:147)
	at java.base/java.lang.Iterable.forEach(Iterable.java:75)
	at org.springframework.boot.SpringApplicationShutdownHook.run(SpringApplicationShutdownHook.java:116)
	at java.base/java.lang.Thread.run(Thread.java:1447)
Caused by: org.apache.hc.client5.http.HttpHostConnectException: Connect to http://localhost:8761 failed: Connection refused: getsockopt
	at java.base/sun.nio.ch.Net.pollConnect(Native Method)
	at java.base/sun.nio.ch.Net.pollConnectNow(Net.java:628)
	at java.base/sun.nio.ch.NioSocketImpl.timedFinishConnect(NioSocketImpl.java:533)
	at java.base/sun.nio.ch.NioSocketImpl.connect(NioSocketImpl.java:583)
	at java.base/java.net.SocksSocketImpl.connect(SocksSocketImpl.java:282)
	at java.base/java.net.Socket.connect(Socket.java:665)
	at org.apache.hc.client5.http.impl.io.DefaultHttpClientConnectionOperator.connect(DefaultHttpClientConnectionOperator.java:205)
	at org.apache.hc.client5.http.impl.io.PoolingHttpClientConnectionManager.connect(PoolingHttpClientConnectionManager.java:490)
	at org.apache.hc.client5.http.impl.classic.InternalExecRuntime.connectEndpoint(InternalExecRuntime.java:164)
	at org.apache.hc.client5.http.impl.classic.InternalExecRuntime.connectEndpoint(InternalExecRuntime.java:174)
	at org.apache.hc.client5.http.impl.classic.ConnectExec.execute(ConnectExec.java:144)
	at org.apache.hc.client5.http.impl.classic.ExecChainElement.execute(ExecChainElement.java:51)
	at org.apache.hc.client5.http.impl.classic.ProtocolExec.execute(ProtocolExec.java:195)
	at org.apache.hc.client5.http.impl.classic.ExecChainElement.execute(ExecChainElement.java:51)
	at org.apache.hc.client5.http.impl.classic.ContentCompressionExec.execute(ContentCompressionExec.java:150)
	at org.apache.hc.client5.http.impl.classic.ExecChainElement.execute(ExecChainElement.java:51)
	at org.apache.hc.client5.http.impl.classic.HttpRequestRetryExec.execute(HttpRequestRetryExec.java:113)
	at org.apache.hc.client5.http.impl.classic.ExecChainElement.execute(ExecChainElement.java:51)
	at org.apache.hc.client5.http.impl.classic.RedirectExec.execute(RedirectExec.java:110)
	at org.apache.hc.client5.http.impl.classic.ExecChainElement.execute(ExecChainElement.java:51)
	at org.apache.hc.client5.http.impl.classic.InternalHttpClient.doExecute(InternalHttpClient.java:185)
	at org.apache.hc.client5.http.impl.classic.CloseableHttpClient.execute(CloseableHttpClient.java:87)
	at org.apache.hc.client5.http.impl.classic.CloseableHttpClient.execute(CloseableHttpClient.java:55)
	at org.apache.hc.client5.http.classic.HttpClient.executeOpen(HttpClient.java:183)
	at org.springframework.http.client.HttpComponentsClientHttpRequest.executeInternal(HttpComponentsClientHttpRequest.java:99)
	at org.springframework.http.client.AbstractStreamingClientHttpRequest.executeInternal(AbstractStreamingClientHttpRequest.java:71)
	at org.springframework.http.client.AbstractClientHttpRequest.execute(AbstractClientHttpRequest.java:81)
	at org.springframework.http.client.InterceptingClientHttpRequest$InterceptingRequestExecution.execute(InterceptingClientHttpRequest.java:117)
	at org.springframework.cloud.netflix.eureka.http.RestTemplateTransportClientFactory.lambda$restTemplate$2(RestTemplateTransportClientFactory.java:145)
	at org.springframework.http.client.InterceptingClientHttpRequest$InterceptingRequestExecution.execute(InterceptingClientHttpRequest.java:88)
	at org.springframework.http.client.InterceptingClientHttpRequest.executeInternal(InterceptingClientHttpRequest.java:72)
	at org.springframework.http.client.AbstractBufferingClientHttpRequest.executeInternal(AbstractBufferingClientHttpRequest.java:48)
	at org.springframework.http.client.AbstractClientHttpRequest.execute(AbstractClientHttpRequest.java:81)
	at org.springframework.web.client.RestTemplate.doExecute(RestTemplate.java:900)
	... 38 more

2025-10-29T21:02:28.958-03:00  WARN 14304 --- [Proyecto-Venta] [SpringApplicationShutdownHook] c.n.d.s.t.d.RetryableEurekaHttpClient    : Request execution failed with message: I/O error on DELETE request for "http://localhost:8761/eureka/apps/PROYECTO-VENTA/localhost:Proyecto-Venta:8081": Connect to http://localhost:8761 failed: Connection refused: getsockopt
2025-10-29T21:02:28.958-03:00 ERROR 14304 --- [Proyecto-Venta] [SpringApplicationShutdownHook] com.netflix.discovery.DiscoveryClient    : DiscoveryClient_PROYECTO-VENTA/localhost:Proyecto-Venta:8081 - de-registration failedCannot execute request on any known server

com.netflix.discovery.shared.transport.TransportException: Cannot execute request on any known server
	at com.netflix.discovery.shared.transport.decorator.RetryableEurekaHttpClient.execute(RetryableEurekaHttpClient.java:112) ~[eureka-client-2.0.4.jar:2.0.4]
	at com.netflix.discovery.shared.transport.decorator.EurekaHttpClientDecorator.cancel(EurekaHttpClientDecorator.java:71) ~[eureka-client-2.0.4.jar:2.0.4]
	at com.netflix.discovery.shared.transport.decorator.EurekaHttpClientDecorator$2.execute(EurekaHttpClientDecorator.java:74) ~[eureka-client-2.0.4.jar:2.0.4]
	at com.netflix.discovery.shared.transport.decorator.SessionedEurekaHttpClient.execute(SessionedEurekaHttpClient.java:76) ~[eureka-client-2.0.4.jar:2.0.4]
	at com.netflix.discovery.shared.transport.decorator.EurekaHttpClientDecorator.cancel(EurekaHttpClientDecorator.java:71) ~[eureka-client-2.0.4.jar:2.0.4]
	at com.netflix.discovery.DiscoveryClient.unregister(DiscoveryClient.java:919) ~[eureka-client-2.0.4.jar:2.0.4]
	at com.netflix.discovery.DiscoveryClient.shutdown(DiscoveryClient.java:900) ~[eureka-client-2.0.4.jar:2.0.4]
	at java.base/jdk.internal.reflect.DirectMethodHandleAccessor.invoke(DirectMethodHandleAccessor.java:104) ~[na:na]
	at java.base/java.lang.reflect.Method.invoke(Method.java:565) ~[na:na]
	at org.springframework.beans.factory.annotation.InitDestroyAnnotationBeanPostProcessor$LifecycleMethod.invoke(InitDestroyAnnotationBeanPostProcessor.java:457) ~[spring-beans-6.2.10.jar:6.2.10]
	at org.springframework.beans.factory.annotation.InitDestroyAnnotationBeanPostProcessor$LifecycleMetadata.invokeDestroyMethods(InitDestroyAnnotationBeanPostProcessor.java:415) ~[spring-beans-6.2.10.jar:6.2.10]
	at org.springframework.beans.factory.annotation.InitDestroyAnnotationBeanPostProcessor.postProcessBeforeDestruction(InitDestroyAnnotationBeanPostProcessor.java:239) ~[spring-beans-6.2.10.jar:6.2.10]
	at org.springframework.beans.factory.support.DisposableBeanAdapter.destroy(DisposableBeanAdapter.java:202) ~[spring-beans-6.2.10.jar:6.2.10]
	at org.springframework.beans.factory.support.DisposableBeanAdapter.run(DisposableBeanAdapter.java:195) ~[spring-beans-6.2.10.jar:6.2.10]
	at org.springframework.cloud.context.scope.GenericScope$BeanLifecycleWrapper.destroy(GenericScope.java:387) ~[spring-cloud-context-4.3.0.jar:4.3.0]
	at org.springframework.cloud.context.scope.GenericScope.destroy(GenericScope.java:134) ~[spring-cloud-context-4.3.0.jar:4.3.0]
	at org.springframework.beans.factory.support.DisposableBeanAdapter.destroy(DisposableBeanAdapter.java:211) ~[spring-beans-6.2.10.jar:6.2.10]
	at org.springframework.beans.factory.support.DefaultSingletonBeanRegistry.destroyBean(DefaultSingletonBeanRegistry.java:798) ~[spring-beans-6.2.10.jar:6.2.10]
	at org.springframework.beans.factory.support.DefaultSingletonBeanRegistry.destroySingleton(DefaultSingletonBeanRegistry.java:748) ~[spring-beans-6.2.10.jar:6.2.10]
	at org.springframework.beans.factory.support.DefaultListableBeanFactory.destroySingleton(DefaultListableBeanFactory.java:1481) ~[spring-beans-6.2.10.jar:6.2.10]
	at org.springframework.beans.factory.support.DefaultSingletonBeanRegistry.destroySingletons(DefaultSingletonBeanRegistry.java:707) ~[spring-beans-6.2.10.jar:6.2.10]
	at org.springframework.beans.factory.support.DefaultListableBeanFactory.destroySingletons(DefaultListableBeanFactory.java:1474) ~[spring-beans-6.2.10.jar:6.2.10]
	at org.springframework.context.support.AbstractApplicationContext.destroyBeans(AbstractApplicationContext.java:1219) ~[spring-context-6.2.10.jar:6.2.10]
	at org.springframework.context.support.AbstractApplicationContext.doClose(AbstractApplicationContext.java:1180) ~[spring-context-6.2.10.jar:6.2.10]
	at org.springframework.boot.web.servlet.context.ServletWebServerApplicationContext.doClose(ServletWebServerApplicationContext.java:179) ~[spring-boot-3.5.5.jar:3.5.5]
	at org.springframework.context.support.AbstractApplicationContext.close(AbstractApplicationContext.java:1126) ~[spring-context-6.2.10.jar:6.2.10]
	at org.springframework.boot.SpringApplicationShutdownHook.closeAndWait(SpringApplicationShutdownHook.java:147) ~[spring-boot-3.5.5.jar:3.5.5]
	at java.base/java.lang.Iterable.forEach(Iterable.java:75) ~[na:na]
	at org.springframework.boot.SpringApplicationShutdownHook.run(SpringApplicationShutdownHook.java:116) ~[spring-boot-3.5.5.jar:3.5.5]
	at java.base/java.lang.Thread.run(Thread.java:1447) ~[na:na]

2025-10-29T21:02:28.961-03:00  INFO 14304 --- [Proyecto-Venta] [SpringApplicationShutdownHook] com.netflix.discovery.DiscoveryClient    : Completed shut down of DiscoveryClient
2025-10-29T21:06:49.398-03:00  INFO 6020 --- [Proyecto-Venta] [main] c.d.p.ProyectoVentaApplication           : Starting ProyectoVentaApplication using Java 24 with PID 6020 (C:\Users\Usuario\IdeaProjects\Distri\SistemaWebYDistribuido\Proyecto-Venta\target\classes started by Usuario in C:\Users\Usuario\IdeaProjects\Distri\SistemaWebYDistribuido)
2025-10-29T21:06:49.402-03:00  INFO 6020 --- [Proyecto-Venta] [main] c.d.p.ProyectoVentaApplication           : No active profile set, falling back to 1 default profile: "default"
2025-10-29T21:06:50.174-03:00  INFO 6020 --- [Proyecto-Venta] [main] .s.d.r.c.RepositoryConfigurationDelegate : Bootstrapping Spring Data JPA repositories in DEFAULT mode.
2025-10-29T21:06:50.332-03:00  INFO 6020 --- [Proyecto-Venta] [main] .s.d.r.c.RepositoryConfigurationDelegate : Finished Spring Data repository scanning in 149 ms. Found 8 JPA repository interfaces.
2025-10-29T21:06:50.489-03:00  INFO 6020 --- [Proyecto-Venta] [main] o.s.cloud.context.scope.GenericScope     : BeanFactory id=01235d07-0bc7-3f81-a0a7-e4e7bced9c96
2025-10-29T21:06:50.820-03:00  INFO 6020 --- [Proyecto-Venta] [main] o.s.b.w.embedded.tomcat.TomcatWebServer  : Tomcat initialized with port 8081 (http)
2025-10-29T21:06:50.834-03:00  INFO 6020 --- [Proyecto-Venta] [main] o.apache.catalina.core.StandardService   : Starting service [Tomcat]
2025-10-29T21:06:50.835-03:00  INFO 6020 --- [Proyecto-Venta] [main] o.apache.catalina.core.StandardEngine    : Starting Servlet engine: [Apache Tomcat/10.1.44]
2025-10-29T21:06:50.899-03:00  INFO 6020 --- [Proyecto-Venta] [main] o.a.c.c.C.[Tomcat].[localhost].[/]       : Initializing Spring embedded WebApplicationContext
2025-10-29T21:06:50.899-03:00  INFO 6020 --- [Proyecto-Venta] [main] w.s.c.ServletWebServerApplicationContext : Root WebApplicationContext: initialization completed in 1459 ms
2025-10-29T21:06:51.025-03:00  INFO 6020 --- [Proyecto-Venta] [main] com.zaxxer.hikari.HikariDataSource       : HikariPool-1 - Starting...
2025-10-29T21:06:53.041-03:00  INFO 6020 --- [Proyecto-Venta] [main] com.zaxxer.hikari.pool.HikariPool        : HikariPool-1 - Added connection org.postgresql.jdbc.PgConnection@5fde1d64
2025-10-29T21:06:53.042-03:00  INFO 6020 --- [Proyecto-Venta] [main] com.zaxxer.hikari.HikariDataSource       : HikariPool-1 - Start completed.
2025-10-29T21:06:54.267-03:00  INFO 6020 --- [Proyecto-Venta] [main] liquibase.database                       : Set default schema name to public
2025-10-29T21:06:55.348-03:00  INFO 6020 --- [Proyecto-Venta] [main] liquibase.changelog                      : Reading from public.databasechangelog
2025-10-29T21:06:57.306-03:00  INFO 6020 --- [Proyecto-Venta] [main] liquibase.ui                             : Database is up to date, no changesets to execute
2025-10-29T21:06:57.492-03:00  INFO 6020 --- [Proyecto-Venta] [main] liquibase.changelog                      : Reading from public.databasechangelog
2025-10-29T21:06:57.703-03:00  INFO 6020 --- [Proyecto-Venta] [main] liquibase.util                           : UPDATE SUMMARY
2025-10-29T21:06:57.703-03:00  INFO 6020 --- [Proyecto-Venta] [main] liquibase.util                           : Run:                          0
2025-10-29T21:06:57.703-03:00  INFO 6020 --- [Proyecto-Venta] [main] liquibase.util                           : Previously run:              21
2025-10-29T21:06:57.703-03:00  INFO 6020 --- [Proyecto-Venta] [main] liquibase.util                           : Filtered out:                 0
2025-10-29T21:06:57.703-03:00  INFO 6020 --- [Proyecto-Venta] [main] liquibase.util                           : -------------------------------
2025-10-29T21:06:57.703-03:00  INFO 6020 --- [Proyecto-Venta] [main] liquibase.util                           : Total change sets:           21
2025-10-29T21:06:57.704-03:00  INFO 6020 --- [Proyecto-Venta] [main] liquibase.util                           : Update summary generated
2025-10-29T21:06:57.705-03:00  INFO 6020 --- [Proyecto-Venta] [main] liquibase.command                        : Command execution complete
2025-10-29T21:06:59.455-03:00  INFO 6020 --- [Proyecto-Venta] [main] o.hibernate.jpa.internal.util.LogHelper  : HHH000204: Processing PersistenceUnitInfo [name: default]
2025-10-29T21:06:59.505-03:00  INFO 6020 --- [Proyecto-Venta] [main] org.hibernate.Version                    : HHH000412: Hibernate ORM core version 6.6.26.Final
2025-10-29T21:06:59.535-03:00  INFO 6020 --- [Proyecto-Venta] [main] o.h.c.internal.RegionFactoryInitiator    : HHH000026: Second-level cache disabled
2025-10-29T21:06:59.794-03:00  INFO 6020 --- [Proyecto-Venta] [main] o.s.o.j.p.SpringPersistenceUnitInfo      : No LoadTimeWeaver setup: ignoring JPA class transformer
2025-10-29T21:07:00.412-03:00  INFO 6020 --- [Proyecto-Venta] [main] org.hibernate.orm.connections.pooling    : HHH10001005: Database info:
	Database JDBC URL [Connecting through datasource 'HikariDataSource (HikariPool-1)']
	Database driver: undefined/unknown
	Database version: 17.6
	Autocommit mode: undefined/unknown
	Isolation level: undefined/unknown
	Minimum pool size: undefined/unknown
	Maximum pool size: undefined/unknown
2025-10-29T21:07:01.361-03:00  INFO 6020 --- [Proyecto-Venta] [main] o.h.e.t.j.p.i.JtaPlatformInitiator       : HHH000489: No JTA platform available (set 'hibernate.transaction.jta.platform' to enable JTA platform integration)
2025-10-29T21:07:01.364-03:00  INFO 6020 --- [Proyecto-Venta] [main] j.LocalContainerEntityManagerFactoryBean : Initialized JPA EntityManagerFactory for persistence unit 'default'
2025-10-29T21:07:01.758-03:00  INFO 6020 --- [Proyecto-Venta] [main] o.s.d.j.r.query.QueryEnhancerFactory     : Hibernate is in classpath; If applicable, HQL parser will be used.
2025-10-29T21:07:02.358-03:00  WARN 6020 --- [Proyecto-Venta] [main] JpaBaseConfiguration$JpaWebConfiguration : spring.jpa.open-in-view is enabled by default. Therefore, database queries may be performed during view rendering. Explicitly configure spring.jpa.open-in-view to disable this warning
2025-10-29T21:07:03.810-03:00  INFO 6020 --- [Proyecto-Venta] [main] o.s.cloud.commons.util.InetUtils         : Cannot determine local hostname
2025-10-29T21:07:04.829-03:00  INFO 6020 --- [Proyecto-Venta] [main] o.s.cloud.commons.util.InetUtils         : Cannot determine local hostname
2025-10-29T21:07:04.846-03:00  INFO 6020 --- [Proyecto-Venta] [main] DiscoveryClientOptionalArgsConfiguration : Eureka HTTP Client uses RestTemplate.
2025-10-29T21:07:04.887-03:00  WARN 6020 --- [Proyecto-Venta] [main] iguration$LoadBalancerCaffeineWarnLogger : Spring Cloud LoadBalancer is currently working with the default cache. While this cache implementation is useful for development and tests, it's recommended to use Caffeine cache in production.You can switch to using Caffeine cache, by adding it and org.springframework.cache.caffeine.CaffeineCacheManager to the classpath.
2025-10-29T21:07:04.929-03:00  INFO 6020 --- [Proyecto-Venta] [main] o.s.c.n.eureka.InstanceInfoFactory       : Setting initial instance status as: STARTING
2025-10-29T21:07:04.951-03:00  INFO 6020 --- [Proyecto-Venta] [main] com.netflix.discovery.DiscoveryClient    : Initializing Eureka in region us-east-1
2025-10-29T21:07:04.954-03:00  INFO 6020 --- [Proyecto-Venta] [main] c.n.d.s.r.aws.ConfigClusterResolver      : Resolving eureka endpoints via configuration
2025-10-29T21:07:04.962-03:00  INFO 6020 --- [Proyecto-Venta] [main] com.netflix.discovery.DiscoveryClient    : Disable delta property : false
2025-10-29T21:07:04.962-03:00  INFO 6020 --- [Proyecto-Venta] [main] com.netflix.discovery.DiscoveryClient    : Single vip registry refresh property : null
2025-10-29T21:07:04.962-03:00  INFO 6020 --- [Proyecto-Venta] [main] com.netflix.discovery.DiscoveryClient    : Force full registry fetch : false
2025-10-29T21:07:04.962-03:00  INFO 6020 --- [Proyecto-Venta] [main] com.netflix.discovery.DiscoveryClient    : Application is null : false
2025-10-29T21:07:04.962-03:00  INFO 6020 --- [Proyecto-Venta] [main] com.netflix.discovery.DiscoveryClient    : Registered Applications size is zero : true
2025-10-29T21:07:04.962-03:00  INFO 6020 --- [Proyecto-Venta] [main] com.netflix.discovery.DiscoveryClient    : Application version is -1: true
2025-10-29T21:07:04.962-03:00  INFO 6020 --- [Proyecto-Venta] [main] com.netflix.discovery.DiscoveryClient    : Getting all instance registry info from the eureka server
2025-10-29T21:07:05.250-03:00  INFO 6020 --- [Proyecto-Venta] [main] com.netflix.discovery.DiscoveryClient    : The response status is 200
2025-10-29T21:07:05.252-03:00  INFO 6020 --- [Proyecto-Venta] [main] com.netflix.discovery.DiscoveryClient    : Starting heartbeat executor: renew interval is: 30
2025-10-29T21:07:05.254-03:00  INFO 6020 --- [Proyecto-Venta] [main] c.n.discovery.InstanceInfoReplicator     : InstanceInfoReplicator onDemand update allowed rate per min is 4
2025-10-29T21:07:05.255-03:00  INFO 6020 --- [Proyecto-Venta] [main] com.netflix.discovery.DiscoveryClient    : Discovery Client initialized at timestamp 1761782825254 with initial instances count: 1
2025-10-29T21:07:05.258-03:00  INFO 6020 --- [Proyecto-Venta] [main] o.s.c.n.e.s.EurekaServiceRegistry        : Registering application PROYECTO-VENTA with eureka with status UP
2025-10-29T21:07:05.258-03:00  INFO 6020 --- [Proyecto-Venta] [main] com.netflix.discovery.DiscoveryClient    : Saw local status change event StatusChangeEvent [timestamp=1761782825258, current=UP, previous=STARTING]
2025-10-29T21:07:05.260-03:00  INFO 6020 --- [Proyecto-Venta] [DiscoveryClient-InstanceInfoReplicator-%d] com.netflix.discovery.DiscoveryClient    : DiscoveryClient_PROYECTO-VENTA/localhost:Proyecto-Venta:8081: registering service...
2025-10-29T21:07:05.283-03:00  INFO 6020 --- [Proyecto-Venta] [main] o.s.b.w.embedded.tomcat.TomcatWebServer  : Tomcat started on port 8081 (http) with context path '/'
2025-10-29T21:07:05.284-03:00  INFO 6020 --- [Proyecto-Venta] [main] .s.c.n.e.s.EurekaAutoServiceRegistration : Updating port to 8081
2025-10-29T21:07:05.308-03:00  INFO 6020 --- [Proyecto-Venta] [DiscoveryClient-InstanceInfoReplicator-%d] com.netflix.discovery.DiscoveryClient    : DiscoveryClient_PROYECTO-VENTA/localhost:Proyecto-Venta:8081 - registration status: 204
2025-10-29T21:07:06.287-03:00  INFO 6020 --- [Proyecto-Venta] [main] o.s.cloud.commons.util.InetUtils         : Cannot determine local hostname
2025-10-29T21:07:06.295-03:00  INFO 6020 --- [Proyecto-Venta] [main] c.d.p.ProyectoVentaApplication           : Started ProyectoVentaApplication in 18.35 seconds (process running for 19.062)
2025-10-29T21:08:33.210-03:00  INFO 4324 --- [main] c.d.p.ProyectoDistriApplication          : Starting ProyectoDistriApplication using Java 24 with PID 4324 (C:\Users\Usuario\IdeaProjects\Distri\SistemaWebYDistribuido\ProyectoDistri\target\classes started by Usuario in C:\Users\Usuario\IdeaProjects\Distri\SistemaWebYDistribuido)
2025-10-29T21:08:33.212-03:00  INFO 4324 --- [main] c.d.p.ProyectoDistriApplication          : No active profile set, falling back to 1 default profile: "default"
2025-10-29T21:08:33.998-03:00  INFO 4324 --- [main] .s.d.r.c.RepositoryConfigurationDelegate : Bootstrapping Spring Data JPA repositories in DEFAULT mode.
2025-10-29T21:08:34.151-03:00  INFO 4324 --- [main] .s.d.r.c.RepositoryConfigurationDelegate : Finished Spring Data repository scanning in 145 ms. Found 7 JPA repository interfaces.
2025-10-29T21:08:34.307-03:00  INFO 4324 --- [main] o.s.cloud.context.scope.GenericScope     : BeanFactory id=eb0b12d4-b538-3e5a-a3ab-d49b06425bbb
2025-10-29T21:08:34.647-03:00  INFO 4324 --- [main] o.s.b.w.embedded.tomcat.TomcatWebServer  : Tomcat initialized with port 8082 (http)
2025-10-29T21:08:34.660-03:00  INFO 4324 --- [main] o.apache.catalina.core.StandardService   : Starting service [Tomcat]
2025-10-29T21:08:34.660-03:00  INFO 4324 --- [main] o.apache.catalina.core.StandardEngine    : Starting Servlet engine: [Apache Tomcat/10.1.44]
2025-10-29T21:08:34.722-03:00  INFO 4324 --- [main] o.a.c.c.C.[Tomcat].[localhost].[/]       : Initializing Spring embedded WebApplicationContext
2025-10-29T21:08:34.723-03:00  INFO 4324 --- [main] w.s.c.ServletWebServerApplicationContext : Root WebApplicationContext: initialization completed in 1470 ms
2025-10-29T21:08:34.847-03:00  INFO 4324 --- [main] com.zaxxer.hikari.HikariDataSource       : HikariPool-1 - Starting...
2025-10-29T21:08:52.204-03:00  WARN 4324 --- [main] ConfigServletWebServerApplicationContext : Exception encountered during context initialization - cancelling refresh attempt: org.springframework.beans.factory.BeanCreationException: Error creating bean with name 'entityManagerFactory' defined in class path resource [org/springframework/boot/autoconfigure/orm/jpa/HibernateJpaConfiguration.class]: Failed to initialize dependency 'liquibase' of LoadTimeWeaverAware bean 'entityManagerFactory': Error creating bean with name 'liquibase' defined in class path resource [org/springframework/boot/autoconfigure/liquibase/LiquibaseAutoConfiguration$LiquibaseConfiguration.class]: liquibase.exception.DatabaseException: org.postgresql.util.PSQLException: FATAL: MaxClientsInSessionMode: max clients reached - in Session mode max clients are limited to pool_size
2025-10-29T21:08:52.207-03:00  INFO 4324 --- [main] o.apache.catalina.core.StandardService   : Stopping service [Tomcat]
2025-10-29T21:08:52.217-03:00  INFO 4324 --- [main] .s.b.a.l.ConditionEvaluationReportLogger : 

Error starting ApplicationContext. To display the condition evaluation report re-run your application with 'debug' enabled.
2025-10-29T21:08:52.232-03:00 ERROR 4324 --- [main] o.s.boot.SpringApplication               : Application run failed

org.springframework.beans.factory.BeanCreationException: Error creating bean with name 'entityManagerFactory' defined in class path resource [org/springframework/boot/autoconfigure/orm/jpa/HibernateJpaConfiguration.class]: Failed to initialize dependency 'liquibase' of LoadTimeWeaverAware bean 'entityManagerFactory': Error creating bean with name 'liquibase' defined in class path resource [org/springframework/boot/autoconfigure/liquibase/LiquibaseAutoConfiguration$LiquibaseConfiguration.class]: liquibase.exception.DatabaseException: org.postgresql.util.PSQLException: FATAL: MaxClientsInSessionMode: max clients reached - in Session mode max clients are limited to pool_size
	at org.springframework.beans.factory.support.AbstractBeanFactory.doGetBean(AbstractBeanFactory.java:328) ~[spring-beans-6.2.10.jar:6.2.10]
	at org.springframework.beans.factory.support.AbstractBeanFactory.getBean(AbstractBeanFactory.java:207) ~[spring-beans-6.2.10.jar:6.2.10]
	at org.springframework.context.support.AbstractApplicationContext.finishBeanFactoryInitialization(AbstractApplicationContext.java:970) ~[spring-context-6.2.10.jar:6.2.10]
	at org.springframework.context.support.AbstractApplicationContext.refresh(AbstractApplicationContext.java:627) ~[spring-context-6.2.10.jar:6.2.10]
	at org.springframework.boot.web.servlet.context.ServletWebServerApplicationContext.refresh(ServletWebServerApplicationContext.java:146) ~[spring-boot-3.5.5.jar:3.5.5]
	at org.springframework.boot.SpringApplication.refresh(SpringApplication.java:752) ~[spring-boot-3.5.5.jar:3.5.5]
	at org.springframework.boot.SpringApplication.refreshContext(SpringApplication.java:439) ~[spring-boot-3.5.5.jar:3.5.5]
	at org.springframework.boot.SpringApplication.run(SpringApplication.java:318) ~[spring-boot-3.5.5.jar:3.5.5]
	at org.springframework.boot.SpringApplication.run(SpringApplication.java:1361) ~[spring-boot-3.5.5.jar:3.5.5]
	at org.springframework.boot.SpringApplication.run(SpringApplication.java:1350) ~[spring-boot-3.5.5.jar:3.5.5]
	at com.distri.proyectodistri.ProyectoDistriApplication.main(ProyectoDistriApplication.java:10) ~[classes/:na]
Caused by: org.springframework.beans.factory.BeanCreationException: Error creating bean with name 'liquibase' defined in class path resource [org/springframework/boot/autoconfigure/liquibase/LiquibaseAutoConfiguration$LiquibaseConfiguration.class]: liquibase.exception.DatabaseException: org.postgresql.util.PSQLException: FATAL: MaxClientsInSessionMode: max clients reached - in Session mode max clients are limited to pool_size
	at org.springframework.beans.factory.support.AbstractAutowireCapableBeanFactory.initializeBean(AbstractAutowireCapableBeanFactory.java:1826) ~[spring-beans-6.2.10.jar:6.2.10]
	at org.springframework.beans.factory.support.AbstractAutowireCapableBeanFactory.doCreateBean(AbstractAutowireCapableBeanFactory.java:607) ~[spring-beans-6.2.10.jar:6.2.10]
	at org.springframework.beans.factory.support.AbstractAutowireCapableBeanFactory.createBean(AbstractAutowireCapableBeanFactory.java:529) ~[spring-beans-6.2.10.jar:6.2.10]
	at org.springframework.beans.factory.support.AbstractBeanFactory.lambda$doGetBean$0(AbstractBeanFactory.java:339) ~[spring-beans-6.2.10.jar:6.2.10]
	at org.springframework.beans.factory.support.DefaultSingletonBeanRegistry.getSingleton(DefaultSingletonBeanRegistry.java:373) ~[spring-beans-6.2.10.jar:6.2.10]
	at org.springframework.beans.factory.support.AbstractBeanFactory.doGetBean(AbstractBeanFactory.java:337) ~[spring-beans-6.2.10.jar:6.2.10]
	at org.springframework.beans.factory.support.AbstractBeanFactory.getBean(AbstractBeanFactory.java:202) ~[spring-beans-6.2.10.jar:6.2.10]
	at org.springframework.beans.factory.support.AbstractBeanFactory.doGetBean(AbstractBeanFactory.java:315) ~[spring-beans-6.2.10.jar:6.2.10]
	... 10 common frames omitted
Caused by: liquibase.exception.LiquibaseException: liquibase.exception.DatabaseException: org.postgresql.util.PSQLException: FATAL: MaxClientsInSessionMode: max clients reached - in Session mode max clients are limited to pool_size
	at liquibase.integration.spring.SpringLiquibase.afterPropertiesSet(SpringLiquibase.java:288) ~[liquibase-core-4.31.1.jar:na]
	at org.springframework.beans.factory.support.AbstractAutowireCapableBeanFactory.invokeInitMethods(AbstractAutowireCapableBeanFactory.java:1873) ~[spring-beans-6.2.10.jar:6.2.10]
	at org.springframework.beans.factory.support.AbstractAutowireCapableBeanFactory.initializeBean(AbstractAutowireCapableBeanFactory.java:1822) ~[spring-beans-6.2.10.jar:6.2.10]
	... 17 common frames omitted
Caused by: liquibase.exception.DatabaseException: org.postgresql.util.PSQLException: FATAL: MaxClientsInSessionMode: max clients reached - in Session mode max clients are limited to pool_size
	at liquibase.integration.spring.SpringLiquibase.lambda$afterPropertiesSet$0(SpringLiquibase.java:280) ~[liquibase-core-4.31.1.jar:na]
	at liquibase.Scope.lambda$child$0(Scope.java:201) ~[liquibase-core-4.31.1.jar:na]
	at liquibase.Scope.child(Scope.java:210) ~[liquibase-core-4.31.1.jar:na]
	at liquibase.Scope.child(Scope.java:200) ~[liquibase-core-4.31.1.jar:na]
	at liquibase.Scope.child(Scope.java:179) ~[liquibase-core-4.31.1.jar:na]
	at liquibase.integration.spring.SpringLiquibase.afterPropertiesSet(SpringLiquibase.java:271) ~[liquibase-core-4.31.1.jar:na]
	... 19 common frames omitted
Caused by: org.postgresql.util.PSQLException: FATAL: MaxClientsInSessionMode: max clients reached - in Session mode max clients are limited to pool_size
	at org.postgresql.core.v3.QueryExecutorImpl.receiveErrorResponse(QueryExecutorImpl.java:2734) ~[postgresql-42.7.7.jar:42.7.7]
	at org.postgresql.core.v3.QueryExecutorImpl.readStartupMessages(QueryExecutorImpl.java:2859) ~[postgresql-42.7.7.jar:42.7.7]
	at org.postgresql.core.v3.QueryExecutorImpl.<init>(QueryExecutorImpl.java:178) ~[postgresql-42.7.7.jar:42.7.7]
	at org.postgresql.core.v3.ConnectionFactoryImpl.openConnectionImpl(ConnectionFactoryImpl.java:344) ~[postgresql-42.7.7.jar:42.7.7]
	at org.postgresql.core.ConnectionFactory.openConnection(ConnectionFactory.java:57) ~[postgresql-42.7.7.jar:42.7.7]
	at org.postgresql.jdbc.PgConnection.<init>(PgConnection.java:277) ~[postgresql-42.7.7.jar:42.7.7]
	at org.postgresql.Driver.makeConnection(Driver.java:448) ~[postgresql-42.7.7.jar:42.7.7]
	at org.postgresql.Driver.connect(Driver.java:298) ~[postgresql-42.7.7.jar:42.7.7]
	at com.zaxxer.hikari.util.DriverDataSource.getConnection(DriverDataSource.java:144) ~[HikariCP-6.3.2.jar:na]
	at com.zaxxer.hikari.pool.PoolBase.newConnection(PoolBase.java:370) ~[HikariCP-6.3.2.jar:na]
	at com.zaxxer.hikari.pool.PoolBase.newPoolEntry(PoolBase.java:207) ~[HikariCP-6.3.2.jar:na]
	at com.zaxxer.hikari.pool.HikariPool.createPoolEntry(HikariPool.java:488) ~[HikariCP-6.3.2.jar:na]
	at com.zaxxer.hikari.pool.HikariPool.checkFailFast(HikariPool.java:576) ~[HikariCP-6.3.2.jar:na]
	at com.zaxxer.hikari.pool.HikariPool.<init>(HikariPool.java:97) ~[HikariCP-6.3.2.jar:na]
	at com.zaxxer.hikari.HikariDataSource.getConnection(HikariDataSource.java:111) ~[HikariCP-6.3.2.jar:na]
	at liquibase.integration.spring.SpringLiquibase.lambda$afterPropertiesSet$0(SpringLiquibase.java:275) ~[liquibase-core-4.31.1.jar:na]
	... 24 common frames omitted

2025-10-29T21:09:27.263-03:00  INFO 6068 --- [main] c.d.p.ProyectoDistriApplication          : Starting ProyectoDistriApplication using Java 24 with PID 6068 (C:\Users\Usuario\IdeaProjects\Distri\SistemaWebYDistribuido\ProyectoDistri\target\classes started by Usuario in C:\Users\Usuario\IdeaProjects\Distri\SistemaWebYDistribuido)
2025-10-29T21:09:27.265-03:00  INFO 6068 --- [main] c.d.p.ProyectoDistriApplication          : No active profile set, falling back to 1 default profile: "default"
2025-10-29T21:09:28.030-03:00  INFO 6068 --- [main] .s.d.r.c.RepositoryConfigurationDelegate : Bootstrapping Spring Data JPA repositories in DEFAULT mode.
2025-10-29T21:09:28.185-03:00  INFO 6068 --- [main] .s.d.r.c.RepositoryConfigurationDelegate : Finished Spring Data repository scanning in 146 ms. Found 7 JPA repository interfaces.
2025-10-29T21:09:28.340-03:00  INFO 6068 --- [main] o.s.cloud.context.scope.GenericScope     : BeanFactory id=eb0b12d4-b538-3e5a-a3ab-d49b06425bbb
2025-10-29T21:09:28.675-03:00  INFO 6068 --- [main] o.s.b.w.embedded.tomcat.TomcatWebServer  : Tomcat initialized with port 8082 (http)
2025-10-29T21:09:28.692-03:00  INFO 6068 --- [main] o.apache.catalina.core.StandardService   : Starting service [Tomcat]
2025-10-29T21:09:28.692-03:00  INFO 6068 --- [main] o.apache.catalina.core.StandardEngine    : Starting Servlet engine: [Apache Tomcat/10.1.44]
2025-10-29T21:09:28.757-03:00  INFO 6068 --- [main] o.a.c.c.C.[Tomcat].[localhost].[/]       : Initializing Spring embedded WebApplicationContext
2025-10-29T21:09:28.757-03:00  INFO 6068 --- [main] w.s.c.ServletWebServerApplicationContext : Root WebApplicationContext: initialization completed in 1454 ms
2025-10-29T21:09:28.883-03:00  INFO 6068 --- [main] com.zaxxer.hikari.HikariDataSource       : HikariPool-1 - Starting...
2025-10-29T21:09:30.851-03:00  INFO 6068 --- [main] com.zaxxer.hikari.pool.HikariPool        : HikariPool-1 - Added connection org.postgresql.jdbc.PgConnection@7848321e
2025-10-29T21:09:30.852-03:00  INFO 6068 --- [main] com.zaxxer.hikari.HikariDataSource       : HikariPool-1 - Start completed.
2025-10-29T21:09:32.089-03:00  INFO 6068 --- [main] liquibase.database                       : Set default schema name to public
2025-10-29T21:09:33.164-03:00  INFO 6068 --- [main] liquibase.changelog                      : Reading from public.databasechangelog
2025-10-29T21:09:35.181-03:00  INFO 6068 --- [main] liquibase.ui                             : Database is up to date, no changesets to execute
2025-10-29T21:09:35.370-03:00  INFO 6068 --- [main] liquibase.changelog                      : Reading from public.databasechangelog
2025-10-29T21:09:35.563-03:00  INFO 6068 --- [main] liquibase.util                           : UPDATE SUMMARY
2025-10-29T21:09:35.563-03:00  INFO 6068 --- [main] liquibase.util                           : Run:                          0
2025-10-29T21:09:35.563-03:00  INFO 6068 --- [main] liquibase.util                           : Previously run:              21
2025-10-29T21:09:35.563-03:00  INFO 6068 --- [main] liquibase.util                           : Filtered out:                 0
2025-10-29T21:09:35.564-03:00  INFO 6068 --- [main] liquibase.util                           : -------------------------------
2025-10-29T21:09:35.564-03:00  INFO 6068 --- [main] liquibase.util                           : Total change sets:           21
2025-10-29T21:09:35.564-03:00  INFO 6068 --- [main] liquibase.util                           : Update summary generated
2025-10-29T21:09:35.565-03:00  INFO 6068 --- [main] liquibase.command                        : Command execution complete
2025-10-29T21:09:37.292-03:00  INFO 6068 --- [main] o.hibernate.jpa.internal.util.LogHelper  : HHH000204: Processing PersistenceUnitInfo [name: default]
2025-10-29T21:09:37.343-03:00  INFO 6068 --- [main] org.hibernate.Version                    : HHH000412: Hibernate ORM core version 6.6.26.Final
2025-10-29T21:09:37.373-03:00  INFO 6068 --- [main] o.h.c.internal.RegionFactoryInitiator    : HHH000026: Second-level cache disabled
2025-10-29T21:09:37.635-03:00  INFO 6068 --- [main] o.s.o.j.p.SpringPersistenceUnitInfo      : No LoadTimeWeaver setup: ignoring JPA class transformer
2025-10-29T21:09:38.318-03:00  INFO 6068 --- [main] org.hibernate.orm.connections.pooling    : HHH10001005: Database info:
	Database JDBC URL [Connecting through datasource 'HikariDataSource (HikariPool-1)']
	Database driver: undefined/unknown
	Database version: 17.6
	Autocommit mode: undefined/unknown
	Isolation level: undefined/unknown
	Minimum pool size: undefined/unknown
	Maximum pool size: undefined/unknown
2025-10-29T21:09:39.277-03:00  INFO 6068 --- [main] o.h.e.t.j.p.i.JtaPlatformInitiator       : HHH000489: No JTA platform available (set 'hibernate.transaction.jta.platform' to enable JTA platform integration)
2025-10-29T21:09:39.280-03:00  INFO 6068 --- [main] j.LocalContainerEntityManagerFactoryBean : Initialized JPA EntityManagerFactory for persistence unit 'default'
2025-10-29T21:09:39.662-03:00  INFO 6068 --- [main] o.s.d.j.r.query.QueryEnhancerFactory     : Hibernate is in classpath; If applicable, HQL parser will be used.
2025-10-29T21:09:40.227-03:00  WARN 6068 --- [main] JpaBaseConfiguration$JpaWebConfiguration : spring.jpa.open-in-view is enabled by default. Therefore, database queries may be performed during view rendering. Explicitly configure spring.jpa.open-in-view to disable this warning
2025-10-29T21:09:41.680-03:00  INFO 6068 --- [main] o.s.cloud.commons.util.InetUtils         : Cannot determine local hostname
2025-10-29T21:09:42.699-03:00  INFO 6068 --- [main] o.s.cloud.commons.util.InetUtils         : Cannot determine local hostname
2025-10-29T21:09:42.716-03:00  INFO 6068 --- [main] DiscoveryClientOptionalArgsConfiguration : Eureka HTTP Client uses RestTemplate.
2025-10-29T21:09:42.750-03:00  WARN 6068 --- [main] iguration$LoadBalancerCaffeineWarnLogger : Spring Cloud LoadBalancer is currently working with the default cache. While this cache implementation is useful for development and tests, it's recommended to use Caffeine cache in production.You can switch to using Caffeine cache, by adding it and org.springframework.cache.caffeine.CaffeineCacheManager to the classpath.
2025-10-29T21:09:42.790-03:00  INFO 6068 --- [main] o.s.c.n.eureka.InstanceInfoFactory       : Setting initial instance status as: STARTING
2025-10-29T21:09:42.812-03:00  INFO 6068 --- [main] com.netflix.discovery.DiscoveryClient    : Initializing Eureka in region us-east-1
2025-10-29T21:09:42.815-03:00  INFO 6068 --- [main] c.n.d.s.r.aws.ConfigClusterResolver      : Resolving eureka endpoints via configuration
2025-10-29T21:09:42.823-03:00  INFO 6068 --- [main] com.netflix.discovery.DiscoveryClient    : Disable delta property : false
2025-10-29T21:09:42.823-03:00  INFO 6068 --- [main] com.netflix.discovery.DiscoveryClient    : Single vip registry refresh property : null
2025-10-29T21:09:42.823-03:00  INFO 6068 --- [main] com.netflix.discovery.DiscoveryClient    : Force full registry fetch : false
2025-10-29T21:09:42.823-03:00  INFO 6068 --- [main] com.netflix.discovery.DiscoveryClient    : Application is null : false
2025-10-29T21:09:42.823-03:00  INFO 6068 --- [main] com.netflix.discovery.DiscoveryClient    : Registered Applications size is zero : true
2025-10-29T21:09:42.823-03:00  INFO 6068 --- [main] com.netflix.discovery.DiscoveryClient    : Application version is -1: true
2025-10-29T21:09:42.824-03:00  INFO 6068 --- [main] com.netflix.discovery.DiscoveryClient    : Getting all instance registry info from the eureka server
2025-10-29T21:09:43.115-03:00  INFO 6068 --- [main] com.netflix.discovery.DiscoveryClient    : The response status is 200
2025-10-29T21:09:43.117-03:00  INFO 6068 --- [main] com.netflix.discovery.DiscoveryClient    : Starting heartbeat executor: renew interval is: 30
2025-10-29T21:09:43.119-03:00  INFO 6068 --- [main] c.n.discovery.InstanceInfoReplicator     : InstanceInfoReplicator onDemand update allowed rate per min is 4
2025-10-29T21:09:43.120-03:00  INFO 6068 --- [main] com.netflix.discovery.DiscoveryClient    : Discovery Client initialized at timestamp 1761782983119 with initial instances count: 2
2025-10-29T21:09:43.123-03:00  INFO 6068 --- [main] o.s.c.n.e.s.EurekaServiceRegistry        : Registering application UNKNOWN with eureka with status UP
2025-10-29T21:09:43.124-03:00  INFO 6068 --- [main] com.netflix.discovery.DiscoveryClient    : Saw local status change event StatusChangeEvent [timestamp=1761782983124, current=UP, previous=STARTING]
2025-10-29T21:09:43.125-03:00  INFO 6068 --- [DiscoveryClient-InstanceInfoReplicator-%d] com.netflix.discovery.DiscoveryClient    : DiscoveryClient_UNKNOWN/localhost:8082: registering service...
2025-10-29T21:09:43.141-03:00  INFO 6068 --- [main] o.s.b.w.embedded.tomcat.TomcatWebServer  : Tomcat started on port 8082 (http) with context path '/'
2025-10-29T21:09:43.142-03:00  INFO 6068 --- [main] .s.c.n.e.s.EurekaAutoServiceRegistration : Updating port to 8082
2025-10-29T21:09:43.159-03:00  INFO 6068 --- [DiscoveryClient-InstanceInfoReplicator-%d] com.netflix.discovery.DiscoveryClient    : DiscoveryClient_UNKNOWN/localhost:8082 - registration status: 204
2025-10-29T21:09:44.145-03:00  INFO 6068 --- [main] o.s.cloud.commons.util.InetUtils         : Cannot determine local hostname
2025-10-29T21:09:44.152-03:00  INFO 6068 --- [main] c.d.p.ProyectoDistriApplication          : Started ProyectoDistriApplication in 18.324 seconds (process running for 19.015)
2025-10-29T21:11:10.834-03:00  INFO 6020 --- [Proyecto-Venta] [SpringApplicationShutdownHook] o.s.c.n.e.s.EurekaServiceRegistry        : Unregistering application PROYECTO-VENTA with eureka with status DOWN
2025-10-29T21:11:10.835-03:00  INFO 6020 --- [Proyecto-Venta] [SpringApplicationShutdownHook] com.netflix.discovery.DiscoveryClient    : Saw local status change event StatusChangeEvent [timestamp=1761783070835, current=DOWN, previous=UP]
2025-10-29T21:11:10.835-03:00  INFO 6020 --- [Proyecto-Venta] [DiscoveryClient-InstanceInfoReplicator-%d] com.netflix.discovery.DiscoveryClient    : DiscoveryClient_PROYECTO-VENTA/localhost:Proyecto-Venta:8081: registering service...
2025-10-29T21:11:10.837-03:00  INFO 6020 --- [Proyecto-Venta] [SpringApplicationShutdownHook] o.s.b.w.e.tomcat.GracefulShutdown        : Commencing graceful shutdown. Waiting for active requests to complete
2025-10-29T21:11:10.840-03:00  INFO 6020 --- [Proyecto-Venta] [tomcat-shutdown] o.s.b.w.e.tomcat.GracefulShutdown        : Graceful shutdown complete
2025-10-29T21:11:10.841-03:00  INFO 6020 --- [Proyecto-Venta] [DiscoveryClient-InstanceInfoReplicator-%d] com.netflix.discovery.DiscoveryClient    : DiscoveryClient_PROYECTO-VENTA/localhost:Proyecto-Venta:8081 - registration status: 204
2025-10-29T21:11:10.845-03:00  INFO 6020 --- [Proyecto-Venta] [SpringApplicationShutdownHook] j.LocalContainerEntityManagerFactoryBean : Closing JPA EntityManagerFactory for persistence unit 'default'
2025-10-29T21:11:10.847-03:00  INFO 6020 --- [Proyecto-Venta] [SpringApplicationShutdownHook] com.zaxxer.hikari.HikariDataSource       : HikariPool-1 - Shutdown initiated...
2025-10-29T21:11:12.703-03:00  INFO 6020 --- [Proyecto-Venta] [SpringApplicationShutdownHook] com.zaxxer.hikari.HikariDataSource       : HikariPool-1 - Shutdown completed.
2025-10-29T21:11:12.703-03:00  INFO 6020 --- [Proyecto-Venta] [SpringApplicationShutdownHook] com.netflix.discovery.DiscoveryClient    : Shutting down DiscoveryClient ...
2025-10-29T21:11:15.704-03:00  INFO 6020 --- [Proyecto-Venta] [SpringApplicationShutdownHook] com.netflix.discovery.DiscoveryClient    : Unregistering ...
2025-10-29T21:11:15.710-03:00  INFO 6020 --- [Proyecto-Venta] [SpringApplicationShutdownHook] com.netflix.discovery.DiscoveryClient    : DiscoveryClient_PROYECTO-VENTA/localhost:Proyecto-Venta:8081 - deregister  status: 200
2025-10-29T21:11:15.711-03:00  INFO 6020 --- [Proyecto-Venta] [SpringApplicationShutdownHook] com.netflix.discovery.DiscoveryClient    : Completed shut down of DiscoveryClient
2025-10-29T21:11:19.315-03:00  INFO 14372 --- [Proyecto-Venta] [main] c.d.p.ProyectoVentaApplication           : Starting ProyectoVentaApplication using Java 24 with PID 14372 (C:\Users\Usuario\IdeaProjects\Distri\SistemaWebYDistribuido\Proyecto-Venta\target\classes started by Usuario in C:\Users\Usuario\IdeaProjects\Distri\SistemaWebYDistribuido)
2025-10-29T21:11:19.317-03:00  INFO 14372 --- [Proyecto-Venta] [main] c.d.p.ProyectoVentaApplication           : No active profile set, falling back to 1 default profile: "default"
2025-10-29T21:11:20.117-03:00  INFO 14372 --- [Proyecto-Venta] [main] .s.d.r.c.RepositoryConfigurationDelegate : Bootstrapping Spring Data JPA repositories in DEFAULT mode.
2025-10-29T21:11:20.298-03:00  INFO 14372 --- [Proyecto-Venta] [main] .s.d.r.c.RepositoryConfigurationDelegate : Finished Spring Data repository scanning in 173 ms. Found 8 JPA repository interfaces.
2025-10-29T21:11:20.454-03:00  INFO 14372 --- [Proyecto-Venta] [main] o.s.cloud.context.scope.GenericScope     : BeanFactory id=01235d07-0bc7-3f81-a0a7-e4e7bced9c96
2025-10-29T21:11:20.849-03:00  INFO 14372 --- [Proyecto-Venta] [main] o.s.b.w.embedded.tomcat.TomcatWebServer  : Tomcat initialized with port 8081 (http)
2025-10-29T21:11:20.865-03:00  INFO 14372 --- [Proyecto-Venta] [main] o.apache.catalina.core.StandardService   : Starting service [Tomcat]
2025-10-29T21:11:20.866-03:00  INFO 14372 --- [Proyecto-Venta] [main] o.apache.catalina.core.StandardEngine    : Starting Servlet engine: [Apache Tomcat/10.1.44]
2025-10-29T21:11:20.935-03:00  INFO 14372 --- [Proyecto-Venta] [main] o.a.c.c.C.[Tomcat].[localhost].[/]       : Initializing Spring embedded WebApplicationContext
2025-10-29T21:11:20.936-03:00  INFO 14372 --- [Proyecto-Venta] [main] w.s.c.ServletWebServerApplicationContext : Root WebApplicationContext: initialization completed in 1580 ms
2025-10-29T21:11:21.067-03:00  INFO 14372 --- [Proyecto-Venta] [main] com.zaxxer.hikari.HikariDataSource       : HikariPool-1 - Starting...
2025-10-29T21:11:22.885-03:00  INFO 6068 --- [SpringApplicationShutdownHook] o.s.c.n.e.s.EurekaServiceRegistry        : Unregistering application UNKNOWN with eureka with status DOWN
2025-10-29T21:11:22.885-03:00  INFO 6068 --- [SpringApplicationShutdownHook] com.netflix.discovery.DiscoveryClient    : Saw local status change event StatusChangeEvent [timestamp=1761783082885, current=DOWN, previous=UP]
2025-10-29T21:11:22.885-03:00  INFO 6068 --- [DiscoveryClient-InstanceInfoReplicator-%d] com.netflix.discovery.DiscoveryClient    : DiscoveryClient_UNKNOWN/localhost:8082: registering service...
2025-10-29T21:11:22.887-03:00  INFO 6068 --- [SpringApplicationShutdownHook] o.s.b.w.e.tomcat.GracefulShutdown        : Commencing graceful shutdown. Waiting for active requests to complete
2025-10-29T21:11:22.891-03:00  INFO 6068 --- [DiscoveryClient-InstanceInfoReplicator-%d] c.n.d.s.t.d.RedirectingEurekaHttpClient  : Request execution error. endpoint=DefaultEndpoint{ serviceUrl='http://localhost:8761/eureka/} exception=I/O error on POST request for "http://localhost:8761/eureka/apps/UNKNOWN": Connect to http://localhost:8761 failed: Connection refused: getsockopt stacktrace=org.springframework.web.client.ResourceAccessException: I/O error on POST request for "http://localhost:8761/eureka/apps/UNKNOWN": Connect to http://localhost:8761 failed: Connection refused: getsockopt
	at org.springframework.web.client.RestTemplate.createResourceAccessException(RestTemplate.java:926)
	at org.springframework.web.client.RestTemplate.doExecute(RestTemplate.java:906)
	at org.springframework.web.client.RestTemplate.execute(RestTemplate.java:841)
	at org.springframework.web.client.RestTemplate.exchange(RestTemplate.java:702)
	at org.springframework.cloud.netflix.eureka.http.RestTemplateEurekaHttpClient.register(RestTemplateEurekaHttpClient.java:87)
	at com.netflix.discovery.shared.transport.decorator.EurekaHttpClientDecorator$1.execute(EurekaHttpClientDecorator.java:59)
	at com.netflix.discovery.shared.transport.decorator.RedirectingEurekaHttpClient.execute(RedirectingEurekaHttpClient.java:91)
	at com.netflix.discovery.shared.transport.decorator.EurekaHttpClientDecorator.register(EurekaHttpClientDecorator.java:56)
	at com.netflix.discovery.shared.transport.decorator.EurekaHttpClientDecorator$1.execute(EurekaHttpClientDecorator.java:59)
	at com.netflix.discovery.shared.transport.decorator.RetryableEurekaHttpClient.execute(RetryableEurekaHttpClient.java:120)
	at com.netflix.discovery.shared.transport.decorator.EurekaHttpClientDecorator.register(EurekaHttpClientDecorator.java:56)
	at com.netflix.discovery.shared.transport.decorator.EurekaHttpClientDecorator$1.execute(EurekaHttpClientDecorator.java:59)
	at com.netflix.discovery.shared.transport.decorator.SessionedEurekaHttpClient.execute(SessionedEurekaHttpClient.java:76)
	at com.netflix.discovery.shared.transport.decorator.EurekaHttpClientDecorator.register(EurekaHttpClientDecorator.java:56)
	at com.netflix.discovery.DiscoveryClient.register(DiscoveryClient.java:828)
	at com.netflix.discovery.InstanceInfoReplicator.run(InstanceInfoReplicator.java:125)
	at com.netflix.discovery.InstanceInfoReplicator$2.run(InstanceInfoReplicator.java:105)
	at java.base/java.util.concurrent.Executors$RunnableAdapter.call(Executors.java:545)
	at java.base/java.util.concurrent.FutureTask.run(FutureTask.java:328)
	at java.base/java.util.concurrent.ScheduledThreadPoolExecutor$ScheduledFutureTask.run(ScheduledThreadPoolExecutor.java:309)
	at java.base/java.util.concurrent.ThreadPoolExecutor.runWorker(ThreadPoolExecutor.java:1095)
	at java.base/java.util.concurrent.ThreadPoolExecutor$Worker.run(ThreadPoolExecutor.java:619)
	at java.base/java.lang.Thread.run(Thread.java:1447)
Caused by: org.apache.hc.client5.http.HttpHostConnectException: Connect to http://localhost:8761 failed: Connection refused: getsockopt
	at java.base/sun.nio.ch.Net.pollConnect(Native Method)
	at java.base/sun.nio.ch.Net.pollConnectNow(Net.java:628)
	at java.base/sun.nio.ch.NioSocketImpl.timedFinishConnect(NioSocketImpl.java:533)
	at java.base/sun.nio.ch.NioSocketImpl.connect(NioSocketImpl.java:583)
	at java.base/java.net.SocksSocketImpl.connect(SocksSocketImpl.java:282)
	at java.base/java.net.Socket.connect(Socket.java:665)
	at org.apache.hc.client5.http.impl.io.DefaultHttpClientConnectionOperator.connect(DefaultHttpClientConnectionOperator.java:205)
	at org.apache.hc.client5.http.impl.io.PoolingHttpClientConnectionManager.connect(PoolingHttpClientConnectionManager.java:490)
	at org.apache.hc.client5.http.impl.classic.InternalExecRuntime.connectEndpoint(InternalExecRuntime.java:164)
	at org.apache.hc.client5.http.impl.classic.InternalExecRuntime.connectEndpoint(InternalExecRuntime.java:174)
	at org.apache.hc.client5.http.impl.classic.ConnectExec.execute(ConnectExec.java:144)
	at org.apache.hc.client5.http.impl.classic.ExecChainElement.execute(ExecChainElement.java:51)
	at org.apache.hc.client5.http.impl.classic.ProtocolExec.execute(ProtocolExec.java:195)
	at org.apache.hc.client5.http.impl.classic.ExecChainElement.execute(ExecChainElement.java:51)
	at org.apache.hc.client5.http.impl.classic.ContentCompressionExec.execute(ContentCompressionExec.java:150)
	at org.apache.hc.client5.http.impl.classic.ExecChainElement.execute(ExecChainElement.java:51)
	at org.apache.hc.client5.http.impl.classic.HttpRequestRetryExec.execute(HttpRequestRetryExec.java:113)
	at org.apache.hc.client5.http.impl.classic.ExecChainElement.execute(ExecChainElement.java:51)
	at org.apache.hc.client5.http.impl.classic.RedirectExec.execute(RedirectExec.java:110)
	at org.apache.hc.client5.http.impl.classic.ExecChainElement.execute(ExecChainElement.java:51)
	at org.apache.hc.client5.http.impl.classic.InternalHttpClient.doExecute(InternalHttpClient.java:185)
	at org.apache.hc.client5.http.impl.classic.CloseableHttpClient.execute(CloseableHttpClient.java:87)
	at org.apache.hc.client5.http.impl.classic.CloseableHttpClient.execute(CloseableHttpClient.java:55)
	at org.apache.hc.client5.http.classic.HttpClient.executeOpen(HttpClient.java:183)
	at org.springframework.http.client.HttpComponentsClientHttpRequest.executeInternal(HttpComponentsClientHttpRequest.java:99)
	at org.springframework.http.client.AbstractStreamingClientHttpRequest.executeInternal(AbstractStreamingClientHttpRequest.java:71)
	at org.springframework.http.client.AbstractClientHttpRequest.execute(AbstractClientHttpRequest.java:81)
	at org.springframework.http.client.InterceptingClientHttpRequest$InterceptingRequestExecution.execute(InterceptingClientHttpRequest.java:117)
	at org.springframework.cloud.netflix.eureka.http.RestTemplateTransportClientFactory.lambda$restTemplate$2(RestTemplateTransportClientFactory.java:145)
	at org.springframework.http.client.InterceptingClientHttpRequest$InterceptingRequestExecution.execute(InterceptingClientHttpRequest.java:88)
	at org.springframework.http.client.InterceptingClientHttpRequest.executeInternal(InterceptingClientHttpRequest.java:72)
	at org.springframework.http.client.AbstractBufferingClientHttpRequest.executeInternal(AbstractBufferingClientHttpRequest.java:48)
	at org.springframework.http.client.AbstractClientHttpRequest.execute(AbstractClientHttpRequest.java:81)
	at org.springframework.web.client.RestTemplate.doExecute(RestTemplate.java:900)
	... 21 more

2025-10-29T21:11:22.892-03:00  WARN 6068 --- [DiscoveryClient-InstanceInfoReplicator-%d] c.n.d.s.t.d.RetryableEurekaHttpClient    : Request execution failed with message: I/O error on POST request for "http://localhost:8761/eureka/apps/UNKNOWN": Connect to http://localhost:8761 failed: Connection refused: getsockopt
2025-10-29T21:11:22.893-03:00  INFO 6068 --- [tomcat-shutdown] o.s.b.w.e.tomcat.GracefulShutdown        : Graceful shutdown complete
2025-10-29T21:11:22.901-03:00  INFO 6068 --- [SpringApplicationShutdownHook] j.LocalContainerEntityManagerFactoryBean : Closing JPA EntityManagerFactory for persistence unit 'default'
2025-10-29T21:11:22.905-03:00  INFO 6068 --- [SpringApplicationShutdownHook] com.zaxxer.hikari.HikariDataSource       : HikariPool-1 - Shutdown initiated...
2025-10-29T21:11:22.916-03:00  INFO 6068 --- [DiscoveryClient-InstanceInfoReplicator-%d] c.n.d.s.t.d.RedirectingEurekaHttpClient  : Request execution error. endpoint=DefaultEndpoint{ serviceUrl='http://localhost:8761/eureka/}, exception=I/O error on POST request for "http://localhost:8761/eureka/apps/UNKNOWN": Connect to http://localhost:8761 failed: Connection refused: getsockopt stacktrace=org.springframework.web.client.ResourceAccessException: I/O error on POST request for "http://localhost:8761/eureka/apps/UNKNOWN": Connect to http://localhost:8761 failed: Connection refused: getsockopt
	at org.springframework.web.client.RestTemplate.createResourceAccessException(RestTemplate.java:926)
	at org.springframework.web.client.RestTemplate.doExecute(RestTemplate.java:906)
	at org.springframework.web.client.RestTemplate.execute(RestTemplate.java:841)
	at org.springframework.web.client.RestTemplate.exchange(RestTemplate.java:702)
	at org.springframework.cloud.netflix.eureka.http.RestTemplateEurekaHttpClient.register(RestTemplateEurekaHttpClient.java:87)
	at com.netflix.discovery.shared.transport.decorator.EurekaHttpClientDecorator$1.execute(EurekaHttpClientDecorator.java:59)
	at com.netflix.discovery.shared.transport.decorator.RedirectingEurekaHttpClient.executeOnNewServer(RedirectingEurekaHttpClient.java:121)
	at com.netflix.discovery.shared.transport.decorator.RedirectingEurekaHttpClient.execute(RedirectingEurekaHttpClient.java:80)
	at com.netflix.discovery.shared.transport.decorator.EurekaHttpClientDecorator.register(EurekaHttpClientDecorator.java:56)
	at com.netflix.discovery.shared.transport.decorator.EurekaHttpClientDecorator$1.execute(EurekaHttpClientDecorator.java:59)
	at com.netflix.discovery.shared.transport.decorator.RetryableEurekaHttpClient.execute(RetryableEurekaHttpClient.java:120)
	at com.netflix.discovery.shared.transport.decorator.EurekaHttpClientDecorator.register(EurekaHttpClientDecorator.java:56)
	at com.netflix.discovery.shared.transport.decorator.EurekaHttpClientDecorator$1.execute(EurekaHttpClientDecorator.java:59)
	at com.netflix.discovery.shared.transport.decorator.SessionedEurekaHttpClient.execute(SessionedEurekaHttpClient.java:76)
	at com.netflix.discovery.shared.transport.decorator.EurekaHttpClientDecorator.register(EurekaHttpClientDecorator.java:56)
	at com.netflix.discovery.DiscoveryClient.register(DiscoveryClient.java:828)
	at com.netflix.discovery.InstanceInfoReplicator.run(InstanceInfoReplicator.java:125)
	at com.netflix.discovery.InstanceInfoReplicator$2.run(InstanceInfoReplicator.java:105)
	at java.base/java.util.concurrent.Executors$RunnableAdapter.call(Executors.java:545)
	at java.base/java.util.concurrent.FutureTask.run(FutureTask.java:328)
	at java.base/java.util.concurrent.ScheduledThreadPoolExecutor$ScheduledFutureTask.run(ScheduledThreadPoolExecutor.java:309)
	at java.base/java.util.concurrent.ThreadPoolExecutor.runWorker(ThreadPoolExecutor.java:1095)
	at java.base/java.util.concurrent.ThreadPoolExecutor$Worker.run(ThreadPoolExecutor.java:619)
	at java.base/java.lang.Thread.run(Thread.java:1447)
Caused by: org.apache.hc.client5.http.HttpHostConnectException: Connect to http://localhost:8761 failed: Connection refused: getsockopt
	at java.base/sun.nio.ch.Net.pollConnect(Native Method)
	at java.base/sun.nio.ch.Net.pollConnectNow(Net.java:628)
	at java.base/sun.nio.ch.NioSocketImpl.timedFinishConnect(NioSocketImpl.java:533)
	at java.base/sun.nio.ch.NioSocketImpl.connect(NioSocketImpl.java:583)
	at java.base/java.net.SocksSocketImpl.connect(SocksSocketImpl.java:282)
	at java.base/java.net.Socket.connect(Socket.java:665)
	at org.apache.hc.client5.http.impl.io.DefaultHttpClientConnectionOperator.connect(DefaultHttpClientConnectionOperator.java:205)
	at org.apache.hc.client5.http.impl.io.PoolingHttpClientConnectionManager.connect(PoolingHttpClientConnectionManager.java:490)
	at org.apache.hc.client5.http.impl.classic.InternalExecRuntime.connectEndpoint(InternalExecRuntime.java:164)
	at org.apache.hc.client5.http.impl.classic.InternalExecRuntime.connectEndpoint(InternalExecRuntime.java:174)
	at org.apache.hc.client5.http.impl.classic.ConnectExec.execute(ConnectExec.java:144)
	at org.apache.hc.client5.http.impl.classic.ExecChainElement.execute(ExecChainElement.java:51)
	at org.apache.hc.client5.http.impl.classic.ProtocolExec.execute(ProtocolExec.java:195)
	at org.apache.hc.client5.http.impl.classic.ExecChainElement.execute(ExecChainElement.java:51)
	at org.apache.hc.client5.http.impl.classic.ContentCompressionExec.execute(ContentCompressionExec.java:150)
	at org.apache.hc.client5.http.impl.classic.ExecChainElement.execute(ExecChainElement.java:51)
	at org.apache.hc.client5.http.impl.classic.HttpRequestRetryExec.execute(HttpRequestRetryExec.java:113)
	at org.apache.hc.client5.http.impl.classic.ExecChainElement.execute(ExecChainElement.java:51)
	at org.apache.hc.client5.http.impl.classic.RedirectExec.execute(RedirectExec.java:110)
	at org.apache.hc.client5.http.impl.classic.ExecChainElement.execute(ExecChainElement.java:51)
	at org.apache.hc.client5.http.impl.classic.InternalHttpClient.doExecute(InternalHttpClient.java:185)
	at org.apache.hc.client5.http.impl.classic.CloseableHttpClient.execute(CloseableHttpClient.java:87)
	at org.apache.hc.client5.http.impl.classic.CloseableHttpClient.execute(CloseableHttpClient.java:55)
	at org.apache.hc.client5.http.classic.HttpClient.executeOpen(HttpClient.java:183)
	at org.springframework.http.client.HttpComponentsClientHttpRequest.executeInternal(HttpComponentsClientHttpRequest.java:99)
	at org.springframework.http.client.AbstractStreamingClientHttpRequest.executeInternal(AbstractStreamingClientHttpRequest.java:71)
	at org.springframework.http.client.AbstractClientHttpRequest.execute(AbstractClientHttpRequest.java:81)
	at org.springframework.http.client.InterceptingClientHttpRequest$InterceptingRequestExecution.execute(InterceptingClientHttpRequest.java:117)
	at org.springframework.cloud.netflix.eureka.http.RestTemplateTransportClientFactory.lambda$restTemplate$2(RestTemplateTransportClientFactory.java:145)
	at org.springframework.http.client.InterceptingClientHttpRequest$InterceptingRequestExecution.execute(InterceptingClientHttpRequest.java:88)
	at org.springframework.http.client.InterceptingClientHttpRequest.executeInternal(InterceptingClientHttpRequest.java:72)
	at org.springframework.http.client.AbstractBufferingClientHttpRequest.executeInternal(AbstractBufferingClientHttpRequest.java:48)
	at org.springframework.http.client.AbstractClientHttpRequest.execute(AbstractClientHttpRequest.java:81)
	at org.springframework.web.client.RestTemplate.doExecute(RestTemplate.java:900)
	... 22 more

2025-10-29T21:11:22.916-03:00  WARN 6068 --- [DiscoveryClient-InstanceInfoReplicator-%d] c.n.d.s.t.d.RetryableEurekaHttpClient    : Request execution failed with message: I/O error on POST request for "http://localhost:8761/eureka/apps/UNKNOWN": Connect to http://localhost:8761 failed: Connection refused: getsockopt
2025-10-29T21:11:22.916-03:00  WARN 6068 --- [DiscoveryClient-InstanceInfoReplicator-%d] com.netflix.discovery.DiscoveryClient    : DiscoveryClient_UNKNOWN/localhost:8082 - registration failed Cannot execute request on any known server

com.netflix.discovery.shared.transport.TransportException: Cannot execute request on any known server
	at com.netflix.discovery.shared.transport.decorator.RetryableEurekaHttpClient.execute(RetryableEurekaHttpClient.java:112) ~[eureka-client-2.0.4.jar:2.0.4]
	at com.netflix.discovery.shared.transport.decorator.EurekaHttpClientDecorator.register(EurekaHttpClientDecorator.java:56) ~[eureka-client-2.0.4.jar:2.0.4]
	at com.netflix.discovery.shared.transport.decorator.EurekaHttpClientDecorator$1.execute(EurekaHttpClientDecorator.java:59) ~[eureka-client-2.0.4.jar:2.0.4]
	at com.netflix.discovery.shared.transport.decorator.SessionedEurekaHttpClient.execute(SessionedEurekaHttpClient.java:76) ~[eureka-client-2.0.4.jar:2.0.4]
	at com.netflix.discovery.shared.transport.decorator.EurekaHttpClientDecorator.register(EurekaHttpClientDecorator.java:56) ~[eureka-client-2.0.4.jar:2.0.4]
	at com.netflix.discovery.DiscoveryClient.register(DiscoveryClient.java:828) ~[eureka-client-2.0.4.jar:2.0.4]
	at com.netflix.discovery.InstanceInfoReplicator.run(InstanceInfoReplicator.java:125) ~[eureka-client-2.0.4.jar:2.0.4]
	at com.netflix.discovery.InstanceInfoReplicator$2.run(InstanceInfoReplicator.java:105) ~[eureka-client-2.0.4.jar:2.0.4]
	at java.base/java.util.concurrent.Executors$RunnableAdapter.call(Executors.java:545) ~[na:na]
	at java.base/java.util.concurrent.FutureTask.run(FutureTask.java:328) ~[na:na]
	at java.base/java.util.concurrent.ScheduledThreadPoolExecutor$ScheduledFutureTask.run(ScheduledThreadPoolExecutor.java:309) ~[na:na]
	at java.base/java.util.concurrent.ThreadPoolExecutor.runWorker(ThreadPoolExecutor.java:1095) ~[na:na]
	at java.base/java.util.concurrent.ThreadPoolExecutor$Worker.run(ThreadPoolExecutor.java:619) ~[na:na]
	at java.base/java.lang.Thread.run(Thread.java:1447) ~[na:na]

2025-10-29T21:11:22.919-03:00  WARN 6068 --- [DiscoveryClient-InstanceInfoReplicator-%d] c.n.discovery.InstanceInfoReplicator     : There was a problem with the instance info replicator

com.netflix.discovery.shared.transport.TransportException: Cannot execute request on any known server
	at com.netflix.discovery.shared.transport.decorator.RetryableEurekaHttpClient.execute(RetryableEurekaHttpClient.java:112) ~[eureka-client-2.0.4.jar:2.0.4]
	at com.netflix.discovery.shared.transport.decorator.EurekaHttpClientDecorator.register(EurekaHttpClientDecorator.java:56) ~[eureka-client-2.0.4.jar:2.0.4]
	at com.netflix.discovery.shared.transport.decorator.EurekaHttpClientDecorator$1.execute(EurekaHttpClientDecorator.java:59) ~[eureka-client-2.0.4.jar:2.0.4]
	at com.netflix.discovery.shared.transport.decorator.SessionedEurekaHttpClient.execute(SessionedEurekaHttpClient.java:76) ~[eureka-client-2.0.4.jar:2.0.4]
	at com.netflix.discovery.shared.transport.decorator.EurekaHttpClientDecorator.register(EurekaHttpClientDecorator.java:56) ~[eureka-client-2.0.4.jar:2.0.4]
	at com.netflix.discovery.DiscoveryClient.register(DiscoveryClient.java:828) ~[eureka-client-2.0.4.jar:2.0.4]
	at com.netflix.discovery.InstanceInfoReplicator.run(InstanceInfoReplicator.java:125) ~[eureka-client-2.0.4.jar:2.0.4]
	at com.netflix.discovery.InstanceInfoReplicator$2.run(InstanceInfoReplicator.java:105) ~[eureka-client-2.0.4.jar:2.0.4]
	at java.base/java.util.concurrent.Executors$RunnableAdapter.call(Executors.java:545) ~[na:na]
	at java.base/java.util.concurrent.FutureTask.run(FutureTask.java:328) ~[na:na]
	at java.base/java.util.concurrent.ScheduledThreadPoolExecutor$ScheduledFutureTask.run(ScheduledThreadPoolExecutor.java:309) ~[na:na]
	at java.base/java.util.concurrent.ThreadPoolExecutor.runWorker(ThreadPoolExecutor.java:1095) ~[na:na]
	at java.base/java.util.concurrent.ThreadPoolExecutor$Worker.run(ThreadPoolExecutor.java:619) ~[na:na]
	at java.base/java.lang.Thread.run(Thread.java:1447) ~[na:na]

2025-10-29T21:11:23.030-03:00  INFO 14372 --- [Proyecto-Venta] [main] com.zaxxer.hikari.pool.HikariPool        : HikariPool-1 - Added connection org.postgresql.jdbc.PgConnection@1752e45c
2025-10-29T21:11:23.031-03:00  INFO 14372 --- [Proyecto-Venta] [main] com.zaxxer.hikari.HikariDataSource       : HikariPool-1 - Start completed.
2025-10-29T21:11:24.745-03:00  INFO 6068 --- [SpringApplicationShutdownHook] com.zaxxer.hikari.HikariDataSource       : HikariPool-1 - Shutdown completed.
2025-10-29T21:11:24.746-03:00  INFO 6068 --- [SpringApplicationShutdownHook] com.netflix.discovery.DiscoveryClient    : Shutting down DiscoveryClient ...
2025-10-29T21:11:27.747-03:00  INFO 6068 --- [SpringApplicationShutdownHook] com.netflix.discovery.DiscoveryClient    : Unregistering ...
2025-10-29T21:11:27.772-03:00  INFO 6068 --- [SpringApplicationShutdownHook] c.n.d.s.t.d.RedirectingEurekaHttpClient  : Request execution error. endpoint=DefaultEndpoint{ serviceUrl='http://localhost:8761/eureka/}, exception=I/O error on DELETE request for "http://localhost:8761/eureka/apps/UNKNOWN/localhost:8082": Connect to http://localhost:8761 failed: Connection refused: getsockopt stacktrace=org.springframework.web.client.ResourceAccessException: I/O error on DELETE request for "http://localhost:8761/eureka/apps/UNKNOWN/localhost:8082": Connect to http://localhost:8761 failed: Connection refused: getsockopt
	at org.springframework.web.client.RestTemplate.createResourceAccessException(RestTemplate.java:926)
	at org.springframework.web.client.RestTemplate.doExecute(RestTemplate.java:906)
	at org.springframework.web.client.RestTemplate.execute(RestTemplate.java:841)
	at org.springframework.web.client.RestTemplate.exchange(RestTemplate.java:702)
	at org.springframework.cloud.netflix.eureka.http.RestTemplateEurekaHttpClient.cancel(RestTemplateEurekaHttpClient.java:100)
	at com.netflix.discovery.shared.transport.decorator.EurekaHttpClientDecorator$2.execute(EurekaHttpClientDecorator.java:74)
	at com.netflix.discovery.shared.transport.decorator.RedirectingEurekaHttpClient.executeOnNewServer(RedirectingEurekaHttpClient.java:121)
	at com.netflix.discovery.shared.transport.decorator.RedirectingEurekaHttpClient.execute(RedirectingEurekaHttpClient.java:80)
	at com.netflix.discovery.shared.transport.decorator.EurekaHttpClientDecorator.cancel(EurekaHttpClientDecorator.java:71)
	at com.netflix.discovery.shared.transport.decorator.EurekaHttpClientDecorator$2.execute(EurekaHttpClientDecorator.java:74)
	at com.netflix.discovery.shared.transport.decorator.RetryableEurekaHttpClient.execute(RetryableEurekaHttpClient.java:120)
	at com.netflix.discovery.shared.transport.decorator.EurekaHttpClientDecorator.cancel(EurekaHttpClientDecorator.java:71)
	at com.netflix.discovery.shared.transport.decorator.EurekaHttpClientDecorator$2.execute(EurekaHttpClientDecorator.java:74)
	at com.netflix.discovery.shared.transport.decorator.SessionedEurekaHttpClient.execute(SessionedEurekaHttpClient.java:76)
	at com.netflix.discovery.shared.transport.decorator.EurekaHttpClientDecorator.cancel(EurekaHttpClientDecorator.java:71)
	at com.netflix.discovery.DiscoveryClient.unregister(DiscoveryClient.java:919)
	at com.netflix.discovery.DiscoveryClient.shutdown(DiscoveryClient.java:900)
	at java.base/jdk.internal.reflect.DirectMethodHandleAccessor.invoke(DirectMethodHandleAccessor.java:104)
	at java.base/java.lang.reflect.Method.invoke(Method.java:565)
	at org.springframework.beans.factory.annotation.InitDestroyAnnotationBeanPostProcessor$LifecycleMethod.invoke(InitDestroyAnnotationBeanPostProcessor.java:457)
	at org.springframework.beans.factory.annotation.InitDestroyAnnotationBeanPostProcessor$LifecycleMetadata.invokeDestroyMethods(InitDestroyAnnotationBeanPostProcessor.java:415)
	at org.springframework.beans.factory.annotation.InitDestroyAnnotationBeanPostProcessor.postProcessBeforeDestruction(InitDestroyAnnotationBeanPostProcessor.java:239)
	at org.springframework.beans.factory.support.DisposableBeanAdapter.destroy(DisposableBeanAdapter.java:202)
	at org.springframework.beans.factory.support.DisposableBeanAdapter.run(DisposableBeanAdapter.java:195)
	at org.springframework.cloud.context.scope.GenericScope$BeanLifecycleWrapper.destroy(GenericScope.java:387)
	at org.springframework.cloud.context.scope.GenericScope.destroy(GenericScope.java:134)
	at org.springframework.beans.factory.support.DisposableBeanAdapter.destroy(DisposableBeanAdapter.java:211)
	at org.springframework.beans.factory.support.DefaultSingletonBeanRegistry.destroyBean(DefaultSingletonBeanRegistry.java:798)
	at org.springframework.beans.factory.support.DefaultSingletonBeanRegistry.destroySingleton(DefaultSingletonBeanRegistry.java:748)
	at org.springframework.beans.factory.support.DefaultListableBeanFactory.destroySingleton(DefaultListableBeanFactory.java:1481)
	at org.springframework.beans.factory.support.DefaultSingletonBeanRegistry.destroySingletons(DefaultSingletonBeanRegistry.java:707)
	at org.springframework.beans.factory.support.DefaultListableBeanFactory.destroySingletons(DefaultListableBeanFactory.java:1474)
	at org.springframework.context.support.AbstractApplicationContext.destroyBeans(AbstractApplicationContext.java:1219)
	at org.springframework.context.support.AbstractApplicationContext.doClose(AbstractApplicationContext.java:1180)
	at org.springframework.boot.web.servlet.context.ServletWebServerApplicationContext.doClose(ServletWebServerApplicationContext.java:179)
	at org.springframework.context.support.AbstractApplicationContext.close(AbstractApplicationContext.java:1126)
	at org.springframework.boot.SpringApplicationShutdownHook.closeAndWait(SpringApplicationShutdownHook.java:147)
	at java.base/java.lang.Iterable.forEach(Iterable.java:75)
	at org.springframework.boot.SpringApplicationShutdownHook.run(SpringApplicationShutdownHook.java:116)
	at java.base/java.lang.Thread.run(Thread.java:1447)
Caused by: org.apache.hc.client5.http.HttpHostConnectException: Connect to http://localhost:8761 failed: Connection refused: getsockopt
	at java.base/sun.nio.ch.Net.pollConnect(Native Method)
	at java.base/sun.nio.ch.Net.pollConnectNow(Net.java:628)
	at java.base/sun.nio.ch.NioSocketImpl.timedFinishConnect(NioSocketImpl.java:533)
	at java.base/sun.nio.ch.NioSocketImpl.connect(NioSocketImpl.java:583)
	at java.base/java.net.SocksSocketImpl.connect(SocksSocketImpl.java:282)
	at java.base/java.net.Socket.connect(Socket.java:665)
	at org.apache.hc.client5.http.impl.io.DefaultHttpClientConnectionOperator.connect(DefaultHttpClientConnectionOperator.java:205)
	at org.apache.hc.client5.http.impl.io.PoolingHttpClientConnectionManager.connect(PoolingHttpClientConnectionManager.java:490)
	at org.apache.hc.client5.http.impl.classic.InternalExecRuntime.connectEndpoint(InternalExecRuntime.java:164)
	at org.apache.hc.client5.http.impl.classic.InternalExecRuntime.connectEndpoint(InternalExecRuntime.java:174)
	at org.apache.hc.client5.http.impl.classic.ConnectExec.execute(ConnectExec.java:144)
	at org.apache.hc.client5.http.impl.classic.ExecChainElement.execute(ExecChainElement.java:51)
	at org.apache.hc.client5.http.impl.classic.ProtocolExec.execute(ProtocolExec.java:195)
	at org.apache.hc.client5.http.impl.classic.ExecChainElement.execute(ExecChainElement.java:51)
	at org.apache.hc.client5.http.impl.classic.ContentCompressionExec.execute(ContentCompressionExec.java:150)
	at org.apache.hc.client5.http.impl.classic.ExecChainElement.execute(ExecChainElement.java:51)
	at org.apache.hc.client5.http.impl.classic.HttpRequestRetryExec.execute(HttpRequestRetryExec.java:113)
	at org.apache.hc.client5.http.impl.classic.ExecChainElement.execute(ExecChainElement.java:51)
	at org.apache.hc.client5.http.impl.classic.RedirectExec.execute(RedirectExec.java:110)
	at org.apache.hc.client5.http.impl.classic.ExecChainElement.execute(ExecChainElement.java:51)
	at org.apache.hc.client5.http.impl.classic.InternalHttpClient.doExecute(InternalHttpClient.java:185)
	at org.apache.hc.client5.http.impl.classic.CloseableHttpClient.execute(CloseableHttpClient.java:87)
	at org.apache.hc.client5.http.impl.classic.CloseableHttpClient.execute(CloseableHttpClient.java:55)
	at org.apache.hc.client5.http.classic.HttpClient.executeOpen(HttpClient.java:183)
	at org.springframework.http.client.HttpComponentsClientHttpRequest.executeInternal(HttpComponentsClientHttpRequest.java:99)
	at org.springframework.http.client.AbstractStreamingClientHttpRequest.executeInternal(AbstractStreamingClientHttpRequest.java:71)
	at org.springframework.http.client.AbstractClientHttpRequest.execute(AbstractClientHttpRequest.java:81)
	at org.springframework.http.client.InterceptingClientHttpRequest$InterceptingRequestExecution.execute(InterceptingClientHttpRequest.java:117)
	at org.springframework.cloud.netflix.eureka.http.RestTemplateTransportClientFactory.lambda$restTemplate$2(RestTemplateTransportClientFactory.java:145)
	at org.springframework.http.client.InterceptingClientHttpRequest$InterceptingRequestExecution.execute(InterceptingClientHttpRequest.java:88)
	at org.springframework.http.client.InterceptingClientHttpRequest.executeInternal(InterceptingClientHttpRequest.java:72)
	at org.springframework.http.client.AbstractBufferingClientHttpRequest.executeInternal(AbstractBufferingClientHttpRequest.java:48)
	at org.springframework.http.client.AbstractClientHttpRequest.execute(AbstractClientHttpRequest.java:81)
	at org.springframework.web.client.RestTemplate.doExecute(RestTemplate.java:900)
	... 38 more

2025-10-29T21:11:27.772-03:00  WARN 6068 --- [SpringApplicationShutdownHook] c.n.d.s.t.d.RetryableEurekaHttpClient    : Request execution failed with message: I/O error on DELETE request for "http://localhost:8761/eureka/apps/UNKNOWN/localhost:8082": Connect to http://localhost:8761 failed: Connection refused: getsockopt
2025-10-29T21:11:27.772-03:00 ERROR 6068 --- [SpringApplicationShutdownHook] com.netflix.discovery.DiscoveryClient    : DiscoveryClient_UNKNOWN/localhost:8082 - de-registration failedCannot execute request on any known server

com.netflix.discovery.shared.transport.TransportException: Cannot execute request on any known server
	at com.netflix.discovery.shared.transport.decorator.RetryableEurekaHttpClient.execute(RetryableEurekaHttpClient.java:112) ~[eureka-client-2.0.4.jar:2.0.4]
	at com.netflix.discovery.shared.transport.decorator.EurekaHttpClientDecorator.cancel(EurekaHttpClientDecorator.java:71) ~[eureka-client-2.0.4.jar:2.0.4]
	at com.netflix.discovery.shared.transport.decorator.EurekaHttpClientDecorator$2.execute(EurekaHttpClientDecorator.java:74) ~[eureka-client-2.0.4.jar:2.0.4]
	at com.netflix.discovery.shared.transport.decorator.SessionedEurekaHttpClient.execute(SessionedEurekaHttpClient.java:76) ~[eureka-client-2.0.4.jar:2.0.4]
	at com.netflix.discovery.shared.transport.decorator.EurekaHttpClientDecorator.cancel(EurekaHttpClientDecorator.java:71) ~[eureka-client-2.0.4.jar:2.0.4]
	at com.netflix.discovery.DiscoveryClient.unregister(DiscoveryClient.java:919) ~[eureka-client-2.0.4.jar:2.0.4]
	at com.netflix.discovery.DiscoveryClient.shutdown(DiscoveryClient.java:900) ~[eureka-client-2.0.4.jar:2.0.4]
	at java.base/jdk.internal.reflect.DirectMethodHandleAccessor.invoke(DirectMethodHandleAccessor.java:104) ~[na:na]
	at java.base/java.lang.reflect.Method.invoke(Method.java:565) ~[na:na]
	at org.springframework.beans.factory.annotation.InitDestroyAnnotationBeanPostProcessor$LifecycleMethod.invoke(InitDestroyAnnotationBeanPostProcessor.java:457) ~[spring-beans-6.2.10.jar:6.2.10]
	at org.springframework.beans.factory.annotation.InitDestroyAnnotationBeanPostProcessor$LifecycleMetadata.invokeDestroyMethods(InitDestroyAnnotationBeanPostProcessor.java:415) ~[spring-beans-6.2.10.jar:6.2.10]
	at org.springframework.beans.factory.annotation.InitDestroyAnnotationBeanPostProcessor.postProcessBeforeDestruction(InitDestroyAnnotationBeanPostProcessor.java:239) ~[spring-beans-6.2.10.jar:6.2.10]
	at org.springframework.beans.factory.support.DisposableBeanAdapter.destroy(DisposableBeanAdapter.java:202) ~[spring-beans-6.2.10.jar:6.2.10]
	at org.springframework.beans.factory.support.DisposableBeanAdapter.run(DisposableBeanAdapter.java:195) ~[spring-beans-6.2.10.jar:6.2.10]
	at org.springframework.cloud.context.scope.GenericScope$BeanLifecycleWrapper.destroy(GenericScope.java:387) ~[spring-cloud-context-4.3.0.jar:4.3.0]
	at org.springframework.cloud.context.scope.GenericScope.destroy(GenericScope.java:134) ~[spring-cloud-context-4.3.0.jar:4.3.0]
	at org.springframework.beans.factory.support.DisposableBeanAdapter.destroy(DisposableBeanAdapter.java:211) ~[spring-beans-6.2.10.jar:6.2.10]
	at org.springframework.beans.factory.support.DefaultSingletonBeanRegistry.destroyBean(DefaultSingletonBeanRegistry.java:798) ~[spring-beans-6.2.10.jar:6.2.10]
	at org.springframework.beans.factory.support.DefaultSingletonBeanRegistry.destroySingleton(DefaultSingletonBeanRegistry.java:748) ~[spring-beans-6.2.10.jar:6.2.10]
	at org.springframework.beans.factory.support.DefaultListableBeanFactory.destroySingleton(DefaultListableBeanFactory.java:1481) ~[spring-beans-6.2.10.jar:6.2.10]
	at org.springframework.beans.factory.support.DefaultSingletonBeanRegistry.destroySingletons(DefaultSingletonBeanRegistry.java:707) ~[spring-beans-6.2.10.jar:6.2.10]
	at org.springframework.beans.factory.support.DefaultListableBeanFactory.destroySingletons(DefaultListableBeanFactory.java:1474) ~[spring-beans-6.2.10.jar:6.2.10]
	at org.springframework.context.support.AbstractApplicationContext.destroyBeans(AbstractApplicationContext.java:1219) ~[spring-context-6.2.10.jar:6.2.10]
	at org.springframework.context.support.AbstractApplicationContext.doClose(AbstractApplicationContext.java:1180) ~[spring-context-6.2.10.jar:6.2.10]
	at org.springframework.boot.web.servlet.context.ServletWebServerApplicationContext.doClose(ServletWebServerApplicationContext.java:179) ~[spring-boot-3.5.5.jar:3.5.5]
	at org.springframework.context.support.AbstractApplicationContext.close(AbstractApplicationContext.java:1126) ~[spring-context-6.2.10.jar:6.2.10]
	at org.springframework.boot.SpringApplicationShutdownHook.closeAndWait(SpringApplicationShutdownHook.java:147) ~[spring-boot-3.5.5.jar:3.5.5]
	at java.base/java.lang.Iterable.forEach(Iterable.java:75) ~[na:na]
	at org.springframework.boot.SpringApplicationShutdownHook.run(SpringApplicationShutdownHook.java:116) ~[spring-boot-3.5.5.jar:3.5.5]
	at java.base/java.lang.Thread.run(Thread.java:1447) ~[na:na]

2025-10-29T21:11:27.773-03:00  INFO 6068 --- [SpringApplicationShutdownHook] com.netflix.discovery.DiscoveryClient    : Completed shut down of DiscoveryClient
2025-10-29T21:11:29.387-03:00  INFO 14372 --- [Proyecto-Venta] [main] o.hibernate.jpa.internal.util.LogHelper  : HHH000204: Processing PersistenceUnitInfo [name: default]
2025-10-29T21:11:29.438-03:00  INFO 14372 --- [Proyecto-Venta] [main] org.hibernate.Version                    : HHH000412: Hibernate ORM core version 6.6.26.Final
2025-10-29T21:11:29.471-03:00  INFO 14372 --- [Proyecto-Venta] [main] o.h.c.internal.RegionFactoryInitiator    : HHH000026: Second-level cache disabled
2025-10-29T21:11:29.729-03:00  INFO 14372 --- [Proyecto-Venta] [main] o.s.o.j.p.SpringPersistenceUnitInfo      : No LoadTimeWeaver setup: ignoring JPA class transformer
2025-10-29T21:11:30.335-03:00  INFO 14372 --- [Proyecto-Venta] [main] org.hibernate.orm.connections.pooling    : HHH10001005: Database info:
	Database JDBC URL [Connecting through datasource 'HikariDataSource (HikariPool-1)']
	Database driver: undefined/unknown
	Database version: 17.6
	Autocommit mode: undefined/unknown
	Isolation level: undefined/unknown
	Minimum pool size: undefined/unknown
	Maximum pool size: undefined/unknown
2025-10-29T21:11:31.308-03:00  INFO 14372 --- [Proyecto-Venta] [main] o.h.e.t.j.p.i.JtaPlatformInitiator       : HHH000489: No JTA platform available (set 'hibernate.transaction.jta.platform' to enable JTA platform integration)
2025-10-29T21:11:31.311-03:00  INFO 14372 --- [Proyecto-Venta] [main] j.LocalContainerEntityManagerFactoryBean : Initialized JPA EntityManagerFactory for persistence unit 'default'
2025-10-29T21:11:31.664-03:00  INFO 14372 --- [Proyecto-Venta] [main] o.s.d.j.r.query.QueryEnhancerFactory     : Hibernate is in classpath; If applicable, HQL parser will be used.
2025-10-29T21:11:32.247-03:00  WARN 14372 --- [Proyecto-Venta] [main] JpaBaseConfiguration$JpaWebConfiguration : spring.jpa.open-in-view is enabled by default. Therefore, database queries may be performed during view rendering. Explicitly configure spring.jpa.open-in-view to disable this warning
2025-10-29T21:11:33.729-03:00  INFO 14372 --- [Proyecto-Venta] [main] o.s.cloud.commons.util.InetUtils         : Cannot determine local hostname
2025-10-29T21:11:34.759-03:00  INFO 14372 --- [Proyecto-Venta] [main] o.s.cloud.commons.util.InetUtils         : Cannot determine local hostname
2025-10-29T21:11:34.776-03:00  INFO 14372 --- [Proyecto-Venta] [main] DiscoveryClientOptionalArgsConfiguration : Eureka HTTP Client uses RestTemplate.
2025-10-29T21:11:34.809-03:00  WARN 14372 --- [Proyecto-Venta] [main] iguration$LoadBalancerCaffeineWarnLogger : Spring Cloud LoadBalancer is currently working with the default cache. While this cache implementation is useful for development and tests, it's recommended to use Caffeine cache in production.You can switch to using Caffeine cache, by adding it and org.springframework.cache.caffeine.CaffeineCacheManager to the classpath.
2025-10-29T21:11:34.852-03:00  INFO 14372 --- [Proyecto-Venta] [main] o.s.c.n.eureka.InstanceInfoFactory       : Setting initial instance status as: STARTING
2025-10-29T21:11:34.873-03:00  INFO 14372 --- [Proyecto-Venta] [main] com.netflix.discovery.DiscoveryClient    : Initializing Eureka in region us-east-1
2025-10-29T21:11:34.876-03:00  INFO 14372 --- [Proyecto-Venta] [main] c.n.d.s.r.aws.ConfigClusterResolver      : Resolving eureka endpoints via configuration
2025-10-29T21:11:34.884-03:00  INFO 14372 --- [Proyecto-Venta] [main] com.netflix.discovery.DiscoveryClient    : Disable delta property : false
2025-10-29T21:11:34.884-03:00  INFO 14372 --- [Proyecto-Venta] [main] com.netflix.discovery.DiscoveryClient    : Single vip registry refresh property : null
2025-10-29T21:11:34.884-03:00  INFO 14372 --- [Proyecto-Venta] [main] com.netflix.discovery.DiscoveryClient    : Force full registry fetch : false
2025-10-29T21:11:34.884-03:00  INFO 14372 --- [Proyecto-Venta] [main] com.netflix.discovery.DiscoveryClient    : Application is null : false
2025-10-29T21:11:34.884-03:00  INFO 14372 --- [Proyecto-Venta] [main] com.netflix.discovery.DiscoveryClient    : Registered Applications size is zero : true
2025-10-29T21:11:34.884-03:00  INFO 14372 --- [Proyecto-Venta] [main] com.netflix.discovery.DiscoveryClient    : Application version is -1: true
2025-10-29T21:11:34.884-03:00  INFO 14372 --- [Proyecto-Venta] [main] com.netflix.discovery.DiscoveryClient    : Getting all instance registry info from the eureka server
2025-10-29T21:11:35.156-03:00  INFO 14372 --- [Proyecto-Venta] [main] c.n.d.s.t.d.RedirectingEurekaHttpClient  : Request execution error. endpoint=DefaultEndpoint{ serviceUrl='http://localhost:8761/eureka/}, exception=I/O error on GET request for "http://localhost:8761/eureka/apps/": Connect to http://localhost:8761 failed: Connection refused: getsockopt stacktrace=org.springframework.web.client.ResourceAccessException: I/O error on GET request for "http://localhost:8761/eureka/apps/": Connect to http://localhost:8761 failed: Connection refused: getsockopt
	at org.springframework.web.client.RestTemplate.createResourceAccessException(RestTemplate.java:926)
	at org.springframework.web.client.RestTemplate.doExecute(RestTemplate.java:906)
	at org.springframework.web.client.RestTemplate.execute(RestTemplate.java:841)
	at org.springframework.web.client.RestTemplate.exchange(RestTemplate.java:702)
	at org.springframework.cloud.netflix.eureka.http.RestTemplateEurekaHttpClient.getApplicationsInternal(RestTemplateEurekaHttpClient.java:174)
	at org.springframework.cloud.netflix.eureka.http.RestTemplateEurekaHttpClient.getApplications(RestTemplateEurekaHttpClient.java:162)
	at com.netflix.discovery.shared.transport.decorator.EurekaHttpClientDecorator$6.execute(EurekaHttpClientDecorator.java:137)
	at com.netflix.discovery.shared.transport.decorator.RedirectingEurekaHttpClient.executeOnNewServer(RedirectingEurekaHttpClient.java:121)
	at com.netflix.discovery.shared.transport.decorator.RedirectingEurekaHttpClient.execute(RedirectingEurekaHttpClient.java:80)
	at com.netflix.discovery.shared.transport.decorator.EurekaHttpClientDecorator.getApplications(EurekaHttpClientDecorator.java:134)
	at com.netflix.discovery.shared.transport.decorator.EurekaHttpClientDecorator$6.execute(EurekaHttpClientDecorator.java:137)
	at com.netflix.discovery.shared.transport.decorator.RetryableEurekaHttpClient.execute(RetryableEurekaHttpClient.java:120)
	at com.netflix.discovery.shared.transport.decorator.EurekaHttpClientDecorator.getApplications(EurekaHttpClientDecorator.java:134)
	at com.netflix.discovery.shared.transport.decorator.EurekaHttpClientDecorator$6.execute(EurekaHttpClientDecorator.java:137)
	at com.netflix.discovery.shared.transport.decorator.SessionedEurekaHttpClient.execute(SessionedEurekaHttpClient.java:76)
	at com.netflix.discovery.shared.transport.decorator.EurekaHttpClientDecorator.getApplications(EurekaHttpClientDecorator.java:134)
	at com.netflix.discovery.DiscoveryClient.getAndStoreFullRegistry(DiscoveryClient.java:1046)
	at com.netflix.discovery.DiscoveryClient.fetchRegistry(DiscoveryClient.java:961)
	at com.netflix.discovery.DiscoveryClient.<init>(DiscoveryClient.java:410)
	at com.netflix.discovery.DiscoveryClient.<init>(DiscoveryClient.java:245)
	at com.netflix.discovery.DiscoveryClient.<init>(DiscoveryClient.java:240)
	at org.springframework.cloud.netflix.eureka.CloudEurekaClient.<init>(CloudEurekaClient.java:68)
	at org.springframework.cloud.netflix.eureka.EurekaClientAutoConfiguration$RefreshableEurekaClientConfiguration.eurekaClient(EurekaClientAutoConfiguration.java:324)
	at java.base/jdk.internal.reflect.DirectMethodHandleAccessor.invoke(DirectMethodHandleAccessor.java:104)
	at java.base/java.lang.reflect.Method.invoke(Method.java:565)
	at org.springframework.beans.factory.support.SimpleInstantiationStrategy.lambda$instantiate$0(SimpleInstantiationStrategy.java:172)
	at org.springframework.beans.factory.support.SimpleInstantiationStrategy.instantiateWithFactoryMethod(SimpleInstantiationStrategy.java:89)
	at org.springframework.beans.factory.support.SimpleInstantiationStrategy.instantiate(SimpleInstantiationStrategy.java:169)
	at org.springframework.beans.factory.support.ConstructorResolver.instantiate(ConstructorResolver.java:653)
	at org.springframework.beans.factory.support.ConstructorResolver.instantiateUsingFactoryMethod(ConstructorResolver.java:645)
	at org.springframework.beans.factory.support.AbstractAutowireCapableBeanFactory.instantiateUsingFactoryMethod(AbstractAutowireCapableBeanFactory.java:1375)
	at org.springframework.beans.factory.support.AbstractAutowireCapableBeanFactory.createBeanInstance(AbstractAutowireCapableBeanFactory.java:1205)
	at org.springframework.beans.factory.support.AbstractAutowireCapableBeanFactory.doCreateBean(AbstractAutowireCapableBeanFactory.java:569)
	at org.springframework.beans.factory.support.AbstractAutowireCapableBeanFactory.createBean(AbstractAutowireCapableBeanFactory.java:529)
	at org.springframework.beans.factory.support.AbstractBeanFactory.lambda$doGetBean$1(AbstractBeanFactory.java:378)
	at org.springframework.cloud.context.scope.GenericScope$BeanLifecycleWrapper.getBean(GenericScope.java:373)
	at org.springframework.cloud.context.scope.GenericScope.get(GenericScope.java:177)
	at org.springframework.beans.factory.support.AbstractBeanFactory.doGetBean(AbstractBeanFactory.java:375)
	at org.springframework.beans.factory.support.AbstractBeanFactory.getBean(AbstractBeanFactory.java:202)
	at org.springframework.aop.target.SimpleBeanTargetSource.getTarget(SimpleBeanTargetSource.java:35)
	at org.springframework.cloud.netflix.eureka.serviceregistry.EurekaRegistration.getTargetObject(EurekaRegistration.java:128)
	at org.springframework.cloud.netflix.eureka.serviceregistry.EurekaRegistration.getEurekaClient(EurekaRegistration.java:116)
	at java.base/jdk.internal.reflect.DirectMethodHandleAccessor.invoke(DirectMethodHandleAccessor.java:104)
	at java.base/java.lang.reflect.Method.invoke(Method.java:565)
	at org.springframework.util.ReflectionUtils.invokeMethod(ReflectionUtils.java:281)
	at org.springframework.cloud.context.scope.GenericScope$LockedScopedProxyFactoryBean.invoke(GenericScope.java:480)
	at org.springframework.aop.framework.ReflectiveMethodInvocation.proceed(ReflectiveMethodInvocation.java:184)
	at org.springframework.aop.framework.CglibAopProxy$DynamicAdvisedInterceptor.intercept(CglibAopProxy.java:728)
	at org.springframework.cloud.netflix.eureka.serviceregistry.EurekaRegistration$$SpringCGLIB$$0.getEurekaClient(<generated>)
	at org.springframework.cloud.netflix.eureka.serviceregistry.EurekaServiceRegistry.maybeInitializeClient(EurekaServiceRegistry.java:83)
	at org.springframework.cloud.netflix.eureka.serviceregistry.EurekaServiceRegistry.register(EurekaServiceRegistry.java:66)
	at org.springframework.cloud.netflix.eureka.serviceregistry.EurekaAutoServiceRegistration.start(EurekaAutoServiceRegistration.java:89)
	at org.springframework.context.support.DefaultLifecycleProcessor.doStart(DefaultLifecycleProcessor.java:405)
	at org.springframework.context.support.DefaultLifecycleProcessor.doStart(DefaultLifecycleProcessor.java:394)
	at org.springframework.context.support.DefaultLifecycleProcessor$LifecycleGroup.start(DefaultLifecycleProcessor.java:586)
	at java.base/java.lang.Iterable.forEach(Iterable.java:75)
	at org.springframework.context.support.DefaultLifecycleProcessor.startBeans(DefaultLifecycleProcessor.java:364)
	at org.springframework.context.support.DefaultLifecycleProcessor.onRefresh(DefaultLifecycleProcessor.java:310)
	at org.springframework.context.support.AbstractApplicationContext.finishRefresh(AbstractApplicationContext.java:1006)
	at org.springframework.context.support.AbstractApplicationContext.refresh(AbstractApplicationContext.java:630)
	at org.springframework.boot.web.servlet.context.ServletWebServerApplicationContext.refresh(ServletWebServerApplicationContext.java:146)
	at org.springframework.boot.SpringApplication.refresh(SpringApplication.java:752)
	at org.springframework.boot.SpringApplication.refreshContext(SpringApplication.java:439)
	at org.springframework.boot.SpringApplication.run(SpringApplication.java:318)
	at org.springframework.boot.SpringApplication.run(SpringApplication.java:1361)
	at org.springframework.boot.SpringApplication.run(SpringApplication.java:1350)
	at com.distri.proyectoVenta.ProyectoVentaApplication.main(ProyectoVentaApplication.java:10)
Caused by: org.apache.hc.client5.http.HttpHostConnectException: Connect to http://localhost:8761 failed: Connection refused: getsockopt
	at java.base/sun.nio.ch.Net.pollConnect(Native Method)
	at java.base/sun.nio.ch.Net.pollConnectNow(Net.java:628)
	at java.base/sun.nio.ch.NioSocketImpl.timedFinishConnect(NioSocketImpl.java:533)
	at java.base/sun.nio.ch.NioSocketImpl.connect(NioSocketImpl.java:583)
	at java.base/java.net.SocksSocketImpl.connect(SocksSocketImpl.java:282)
	at java.base/java.net.Socket.connect(Socket.java:665)
	at org.apache.hc.client5.http.impl.io.DefaultHttpClientConnectionOperator.connect(DefaultHttpClientConnectionOperator.java:205)
	at org.apache.hc.client5.http.impl.io.PoolingHttpClientConnectionManager.connect(PoolingHttpClientConnectionManager.java:490)
	at org.apache.hc.client5.http.impl.classic.InternalExecRuntime.connectEndpoint(InternalExecRuntime.java:164)
	at org.apache.hc.client5.http.impl.classic.InternalExecRuntime.connectEndpoint(InternalExecRuntime.java:174)
	at org.apache.hc.client5.http.impl.classic.ConnectExec.execute(ConnectExec.java:144)
	at org.apache.hc.client5.http.impl.classic.ExecChainElement.execute(ExecChainElement.java:51)
	at org.apache.hc.client5.http.impl.classic.ProtocolExec.execute(ProtocolExec.java:195)
	at org.apache.hc.client5.http.impl.classic.ExecChainElement.execute(ExecChainElement.java:51)
	at org.apache.hc.client5.http.impl.classic.ContentCompressionExec.execute(ContentCompressionExec.java:150)
	at org.apache.hc.client5.http.impl.classic.ExecChainElement.execute(ExecChainElement.java:51)
	at org.apache.hc.client5.http.impl.classic.HttpRequestRetryExec.execute(HttpRequestRetryExec.java:113)
	at org.apache.hc.client5.http.impl.classic.ExecChainElement.execute(ExecChainElement.java:51)
	at org.apache.hc.client5.http.impl.classic.RedirectExec.execute(RedirectExec.java:110)
	at org.apache.hc.client5.http.impl.classic.ExecChainElement.execute(ExecChainElement.java:51)
	at org.apache.hc.client5.http.impl.classic.InternalHttpClient.doExecute(InternalHttpClient.java:185)
	at org.apache.hc.client5.http.impl.classic.CloseableHttpClient.execute(CloseableHttpClient.java:87)
	at org.apache.hc.client5.http.impl.classic.CloseableHttpClient.execute(CloseableHttpClient.java:55)
	at org.apache.hc.client5.http.classic.HttpClient.executeOpen(HttpClient.java:183)
	at org.springframework.http.client.HttpComponentsClientHttpRequest.executeInternal(HttpComponentsClientHttpRequest.java:99)
	at org.springframework.http.client.AbstractStreamingClientHttpRequest.executeInternal(AbstractStreamingClientHttpRequest.java:71)
	at org.springframework.http.client.AbstractClientHttpRequest.execute(AbstractClientHttpRequest.java:81)
	at org.springframework.http.client.InterceptingClientHttpRequest$InterceptingRequestExecution.execute(InterceptingClientHttpRequest.java:117)
	at org.springframework.cloud.netflix.eureka.http.RestTemplateTransportClientFactory.lambda$restTemplate$2(RestTemplateTransportClientFactory.java:145)
	at org.springframework.http.client.InterceptingClientHttpRequest$InterceptingRequestExecution.execute(InterceptingClientHttpRequest.java:88)
	at org.springframework.http.client.InterceptingClientHttpRequest.executeInternal(InterceptingClientHttpRequest.java:72)
	at org.springframework.http.client.AbstractBufferingClientHttpRequest.executeInternal(AbstractBufferingClientHttpRequest.java:48)
	at org.springframework.http.client.AbstractClientHttpRequest.execute(AbstractClientHttpRequest.java:81)
	at org.springframework.web.client.RestTemplate.doExecute(RestTemplate.java:900)
	... 65 more

2025-10-29T21:11:35.156-03:00  WARN 14372 --- [Proyecto-Venta] [main] c.n.d.s.t.d.RetryableEurekaHttpClient    : Request execution failed with message: I/O error on GET request for "http://localhost:8761/eureka/apps/": Connect to http://localhost:8761 failed: Connection refused: getsockopt
2025-10-29T21:11:35.157-03:00  INFO 14372 --- [Proyecto-Venta] [main] com.netflix.discovery.DiscoveryClient    : DiscoveryClient_PROYECTO-VENTA/localhost:Proyecto-Venta:8081 - was unable to refresh its cache! This periodic background refresh will be retried in 30 seconds. status = Cannot execute request on any known server stacktrace = com.netflix.discovery.shared.transport.TransportException: Cannot execute request on any known server
	at com.netflix.discovery.shared.transport.decorator.RetryableEurekaHttpClient.execute(RetryableEurekaHttpClient.java:112)
	at com.netflix.discovery.shared.transport.decorator.EurekaHttpClientDecorator.getApplications(EurekaHttpClientDecorator.java:134)
	at com.netflix.discovery.shared.transport.decorator.EurekaHttpClientDecorator$6.execute(EurekaHttpClientDecorator.java:137)
	at com.netflix.discovery.shared.transport.decorator.SessionedEurekaHttpClient.execute(SessionedEurekaHttpClient.java:76)
	at com.netflix.discovery.shared.transport.decorator.EurekaHttpClientDecorator.getApplications(EurekaHttpClientDecorator.java:134)
	at com.netflix.discovery.DiscoveryClient.getAndStoreFullRegistry(DiscoveryClient.java:1046)
	at com.netflix.discovery.DiscoveryClient.fetchRegistry(DiscoveryClient.java:961)
	at com.netflix.discovery.DiscoveryClient.<init>(DiscoveryClient.java:410)
	at com.netflix.discovery.DiscoveryClient.<init>(DiscoveryClient.java:245)
	at com.netflix.discovery.DiscoveryClient.<init>(DiscoveryClient.java:240)
	at org.springframework.cloud.netflix.eureka.CloudEurekaClient.<init>(CloudEurekaClient.java:68)
	at org.springframework.cloud.netflix.eureka.EurekaClientAutoConfiguration$RefreshableEurekaClientConfiguration.eurekaClient(EurekaClientAutoConfiguration.java:324)
	at java.base/jdk.internal.reflect.DirectMethodHandleAccessor.invoke(DirectMethodHandleAccessor.java:104)
	at java.base/java.lang.reflect.Method.invoke(Method.java:565)
	at org.springframework.beans.factory.support.SimpleInstantiationStrategy.lambda$instantiate$0(SimpleInstantiationStrategy.java:172)
	at org.springframework.beans.factory.support.SimpleInstantiationStrategy.instantiateWithFactoryMethod(SimpleInstantiationStrategy.java:89)
	at org.springframework.beans.factory.support.SimpleInstantiationStrategy.instantiate(SimpleInstantiationStrategy.java:169)
	at org.springframework.beans.factory.support.ConstructorResolver.instantiate(ConstructorResolver.java:653)
	at org.springframework.beans.factory.support.ConstructorResolver.instantiateUsingFactoryMethod(ConstructorResolver.java:645)
	at org.springframework.beans.factory.support.AbstractAutowireCapableBeanFactory.instantiateUsingFactoryMethod(AbstractAutowireCapableBeanFactory.java:1375)
	at org.springframework.beans.factory.support.AbstractAutowireCapableBeanFactory.createBeanInstance(AbstractAutowireCapableBeanFactory.java:1205)
	at org.springframework.beans.factory.support.AbstractAutowireCapableBeanFactory.doCreateBean(AbstractAutowireCapableBeanFactory.java:569)
	at org.springframework.beans.factory.support.AbstractAutowireCapableBeanFactory.createBean(AbstractAutowireCapableBeanFactory.java:529)
	at org.springframework.beans.factory.support.AbstractBeanFactory.lambda$doGetBean$1(AbstractBeanFactory.java:378)
	at org.springframework.cloud.context.scope.GenericScope$BeanLifecycleWrapper.getBean(GenericScope.java:373)
	at org.springframework.cloud.context.scope.GenericScope.get(GenericScope.java:177)
	at org.springframework.beans.factory.support.AbstractBeanFactory.doGetBean(AbstractBeanFactory.java:375)
	at org.springframework.beans.factory.support.AbstractBeanFactory.getBean(AbstractBeanFactory.java:202)
	at org.springframework.aop.target.SimpleBeanTargetSource.getTarget(SimpleBeanTargetSource.java:35)
	at org.springframework.cloud.netflix.eureka.serviceregistry.EurekaRegistration.getTargetObject(EurekaRegistration.java:128)
	at org.springframework.cloud.netflix.eureka.serviceregistry.EurekaRegistration.getEurekaClient(EurekaRegistration.java:116)
	at java.base/jdk.internal.reflect.DirectMethodHandleAccessor.invoke(DirectMethodHandleAccessor.java:104)
	at java.base/java.lang.reflect.Method.invoke(Method.java:565)
	at org.springframework.util.ReflectionUtils.invokeMethod(ReflectionUtils.java:281)
	at org.springframework.cloud.context.scope.GenericScope$LockedScopedProxyFactoryBean.invoke(GenericScope.java:480)
	at org.springframework.aop.framework.ReflectiveMethodInvocation.proceed(ReflectiveMethodInvocation.java:184)
	at org.springframework.aop.framework.CglibAopProxy$DynamicAdvisedInterceptor.intercept(CglibAopProxy.java:728)
	at org.springframework.cloud.netflix.eureka.serviceregistry.EurekaRegistration$$SpringCGLIB$$0.getEurekaClient(<generated>)
	at org.springframework.cloud.netflix.eureka.serviceregistry.EurekaServiceRegistry.maybeInitializeClient(EurekaServiceRegistry.java:83)
	at org.springframework.cloud.netflix.eureka.serviceregistry.EurekaServiceRegistry.register(EurekaServiceRegistry.java:66)
	at org.springframework.cloud.netflix.eureka.serviceregistry.EurekaAutoServiceRegistration.start(EurekaAutoServiceRegistration.java:89)
	at org.springframework.context.support.DefaultLifecycleProcessor.doStart(DefaultLifecycleProcessor.java:405)
	at org.springframework.context.support.DefaultLifecycleProcessor.doStart(DefaultLifecycleProcessor.java:394)
	at org.springframework.context.support.DefaultLifecycleProcessor$LifecycleGroup.start(DefaultLifecycleProcessor.java:586)
	at java.base/java.lang.Iterable.forEach(Iterable.java:75)
	at org.springframework.context.support.DefaultLifecycleProcessor.startBeans(DefaultLifecycleProcessor.java:364)
	at org.springframework.context.support.DefaultLifecycleProcessor.onRefresh(DefaultLifecycleProcessor.java:310)
	at org.springframework.context.support.AbstractApplicationContext.finishRefresh(AbstractApplicationContext.java:1006)
	at org.springframework.context.support.AbstractApplicationContext.refresh(AbstractApplicationContext.java:630)
	at org.springframework.boot.web.servlet.context.ServletWebServerApplicationContext.refresh(ServletWebServerApplicationContext.java:146)
	at org.springframework.boot.SpringApplication.refresh(SpringApplication.java:752)
	at org.springframework.boot.SpringApplication.refreshContext(SpringApplication.java:439)
	at org.springframework.boot.SpringApplication.run(SpringApplication.java:318)
	at org.springframework.boot.SpringApplication.run(SpringApplication.java:1361)
	at org.springframework.boot.SpringApplication.run(SpringApplication.java:1350)
	at com.distri.proyectoVenta.ProyectoVentaApplication.main(ProyectoVentaApplication.java:10)

2025-10-29T21:11:35.157-03:00  INFO 14372 --- [Proyecto-Venta] [main] com.netflix.discovery.DiscoveryClient    : Initial registry fetch from primary servers failed
2025-10-29T21:11:35.157-03:00  WARN 14372 --- [Proyecto-Venta] [main] com.netflix.discovery.DiscoveryClient    : Using default backup registry implementation which does not do anything.
2025-10-29T21:11:35.157-03:00  INFO 14372 --- [Proyecto-Venta] [main] com.netflix.discovery.DiscoveryClient    : Initial registry fetch from backup servers failed
2025-10-29T21:11:35.158-03:00  INFO 14372 --- [Proyecto-Venta] [main] com.netflix.discovery.DiscoveryClient    : Starting heartbeat executor: renew interval is: 30
2025-10-29T21:11:35.160-03:00  INFO 14372 --- [Proyecto-Venta] [main] c.n.discovery.InstanceInfoReplicator     : InstanceInfoReplicator onDemand update allowed rate per min is 4
2025-10-29T21:11:35.162-03:00  INFO 14372 --- [Proyecto-Venta] [main] com.netflix.discovery.DiscoveryClient    : Discovery Client initialized at timestamp 1761783095161 with initial instances count: 0
2025-10-29T21:11:35.165-03:00  INFO 14372 --- [Proyecto-Venta] [main] o.s.c.n.e.s.EurekaServiceRegistry        : Registering application PROYECTO-VENTA with eureka with status UP
2025-10-29T21:11:35.165-03:00  INFO 14372 --- [Proyecto-Venta] [main] com.netflix.discovery.DiscoveryClient    : Saw local status change event StatusChangeEvent [timestamp=1761783095165, current=UP, previous=STARTING]
2025-10-29T21:11:35.167-03:00  INFO 14372 --- [Proyecto-Venta] [DiscoveryClient-InstanceInfoReplicator-%d] com.netflix.discovery.DiscoveryClient    : DiscoveryClient_PROYECTO-VENTA/localhost:Proyecto-Venta:8081: registering service...
2025-10-29T21:11:35.183-03:00  INFO 14372 --- [Proyecto-Venta] [main] o.s.b.w.embedded.tomcat.TomcatWebServer  : Tomcat started on port 8081 (http) with context path '/'
2025-10-29T21:11:35.183-03:00  INFO 14372 --- [Proyecto-Venta] [main] .s.c.n.e.s.EurekaAutoServiceRegistration : Updating port to 8081
2025-10-29T21:11:35.233-03:00  INFO 14372 --- [Proyecto-Venta] [DiscoveryClient-InstanceInfoReplicator-%d] c.n.d.s.t.d.RedirectingEurekaHttpClient  : Request execution error. endpoint=DefaultEndpoint{ serviceUrl='http://localhost:8761/eureka/}, exception=I/O error on POST request for "http://localhost:8761/eureka/apps/PROYECTO-VENTA": Connect to http://localhost:8761 failed: Connection refused: getsockopt stacktrace=org.springframework.web.client.ResourceAccessException: I/O error on POST request for "http://localhost:8761/eureka/apps/PROYECTO-VENTA": Connect to http://localhost:8761 failed: Connection refused: getsockopt
	at org.springframework.web.client.RestTemplate.createResourceAccessException(RestTemplate.java:926)
	at org.springframework.web.client.RestTemplate.doExecute(RestTemplate.java:906)
	at org.springframework.web.client.RestTemplate.execute(RestTemplate.java:841)
	at org.springframework.web.client.RestTemplate.exchange(RestTemplate.java:702)
	at org.springframework.cloud.netflix.eureka.http.RestTemplateEurekaHttpClient.register(RestTemplateEurekaHttpClient.java:87)
	at com.netflix.discovery.shared.transport.decorator.EurekaHttpClientDecorator$1.execute(EurekaHttpClientDecorator.java:59)
	at com.netflix.discovery.shared.transport.decorator.RedirectingEurekaHttpClient.executeOnNewServer(RedirectingEurekaHttpClient.java:121)
	at com.netflix.discovery.shared.transport.decorator.RedirectingEurekaHttpClient.execute(RedirectingEurekaHttpClient.java:80)
	at com.netflix.discovery.shared.transport.decorator.EurekaHttpClientDecorator.register(EurekaHttpClientDecorator.java:56)
	at com.netflix.discovery.shared.transport.decorator.EurekaHttpClientDecorator$1.execute(EurekaHttpClientDecorator.java:59)
	at com.netflix.discovery.shared.transport.decorator.RetryableEurekaHttpClient.execute(RetryableEurekaHttpClient.java:120)
	at com.netflix.discovery.shared.transport.decorator.EurekaHttpClientDecorator.register(EurekaHttpClientDecorator.java:56)
	at com.netflix.discovery.shared.transport.decorator.EurekaHttpClientDecorator$1.execute(EurekaHttpClientDecorator.java:59)
	at com.netflix.discovery.shared.transport.decorator.SessionedEurekaHttpClient.execute(SessionedEurekaHttpClient.java:76)
	at com.netflix.discovery.shared.transport.decorator.EurekaHttpClientDecorator.register(EurekaHttpClientDecorator.java:56)
	at com.netflix.discovery.DiscoveryClient.register(DiscoveryClient.java:828)
	at com.netflix.discovery.InstanceInfoReplicator.run(InstanceInfoReplicator.java:125)
	at com.netflix.discovery.InstanceInfoReplicator$2.run(InstanceInfoReplicator.java:105)
	at java.base/java.util.concurrent.Executors$RunnableAdapter.call(Executors.java:545)
	at java.base/java.util.concurrent.FutureTask.run(FutureTask.java:328)
	at java.base/java.util.concurrent.ScheduledThreadPoolExecutor$ScheduledFutureTask.run(ScheduledThreadPoolExecutor.java:309)
	at java.base/java.util.concurrent.ThreadPoolExecutor.runWorker(ThreadPoolExecutor.java:1095)
	at java.base/java.util.concurrent.ThreadPoolExecutor$Worker.run(ThreadPoolExecutor.java:619)
	at java.base/java.lang.Thread.run(Thread.java:1447)
Caused by: org.apache.hc.client5.http.HttpHostConnectException: Connect to http://localhost:8761 failed: Connection refused: getsockopt
	at java.base/sun.nio.ch.Net.pollConnect(Native Method)
	at java.base/sun.nio.ch.Net.pollConnectNow(Net.java:628)
	at java.base/sun.nio.ch.NioSocketImpl.timedFinishConnect(NioSocketImpl.java:533)
	at java.base/sun.nio.ch.NioSocketImpl.connect(NioSocketImpl.java:583)
	at java.base/java.net.SocksSocketImpl.connect(SocksSocketImpl.java:282)
	at java.base/java.net.Socket.connect(Socket.java:665)
	at org.apache.hc.client5.http.impl.io.DefaultHttpClientConnectionOperator.connect(DefaultHttpClientConnectionOperator.java:205)
	at org.apache.hc.client5.http.impl.io.PoolingHttpClientConnectionManager.connect(PoolingHttpClientConnectionManager.java:490)
	at org.apache.hc.client5.http.impl.classic.InternalExecRuntime.connectEndpoint(InternalExecRuntime.java:164)
	at org.apache.hc.client5.http.impl.classic.InternalExecRuntime.connectEndpoint(InternalExecRuntime.java:174)
	at org.apache.hc.client5.http.impl.classic.ConnectExec.execute(ConnectExec.java:144)
	at org.apache.hc.client5.http.impl.classic.ExecChainElement.execute(ExecChainElement.java:51)
	at org.apache.hc.client5.http.impl.classic.ProtocolExec.execute(ProtocolExec.java:195)
	at org.apache.hc.client5.http.impl.classic.ExecChainElement.execute(ExecChainElement.java:51)
	at org.apache.hc.client5.http.impl.classic.ContentCompressionExec.execute(ContentCompressionExec.java:150)
	at org.apache.hc.client5.http.impl.classic.ExecChainElement.execute(ExecChainElement.java:51)
	at org.apache.hc.client5.http.impl.classic.HttpRequestRetryExec.execute(HttpRequestRetryExec.java:113)
	at org.apache.hc.client5.http.impl.classic.ExecChainElement.execute(ExecChainElement.java:51)
	at org.apache.hc.client5.http.impl.classic.RedirectExec.execute(RedirectExec.java:110)
	at org.apache.hc.client5.http.impl.classic.ExecChainElement.execute(ExecChainElement.java:51)
	at org.apache.hc.client5.http.impl.classic.InternalHttpClient.doExecute(InternalHttpClient.java:185)
	at org.apache.hc.client5.http.impl.classic.CloseableHttpClient.execute(CloseableHttpClient.java:87)
	at org.apache.hc.client5.http.impl.classic.CloseableHttpClient.execute(CloseableHttpClient.java:55)
	at org.apache.hc.client5.http.classic.HttpClient.executeOpen(HttpClient.java:183)
	at org.springframework.http.client.HttpComponentsClientHttpRequest.executeInternal(HttpComponentsClientHttpRequest.java:99)
	at org.springframework.http.client.AbstractStreamingClientHttpRequest.executeInternal(AbstractStreamingClientHttpRequest.java:71)
	at org.springframework.http.client.AbstractClientHttpRequest.execute(AbstractClientHttpRequest.java:81)
	at org.springframework.http.client.InterceptingClientHttpRequest$InterceptingRequestExecution.execute(InterceptingClientHttpRequest.java:117)
	at org.springframework.cloud.netflix.eureka.http.RestTemplateTransportClientFactory.lambda$restTemplate$2(RestTemplateTransportClientFactory.java:145)
	at org.springframework.http.client.InterceptingClientHttpRequest$InterceptingRequestExecution.execute(InterceptingClientHttpRequest.java:88)
	at org.springframework.http.client.InterceptingClientHttpRequest.executeInternal(InterceptingClientHttpRequest.java:72)
	at org.springframework.http.client.AbstractBufferingClientHttpRequest.executeInternal(AbstractBufferingClientHttpRequest.java:48)
	at org.springframework.http.client.AbstractClientHttpRequest.execute(AbstractClientHttpRequest.java:81)
	at org.springframework.web.client.RestTemplate.doExecute(RestTemplate.java:900)
	... 22 more

2025-10-29T21:11:35.233-03:00  WARN 14372 --- [Proyecto-Venta] [DiscoveryClient-InstanceInfoReplicator-%d] c.n.d.s.t.d.RetryableEurekaHttpClient    : Request execution failed with message: I/O error on POST request for "http://localhost:8761/eureka/apps/PROYECTO-VENTA": Connect to http://localhost:8761 failed: Connection refused: getsockopt
2025-10-29T21:11:35.233-03:00  WARN 14372 --- [Proyecto-Venta] [DiscoveryClient-InstanceInfoReplicator-%d] com.netflix.discovery.DiscoveryClient    : DiscoveryClient_PROYECTO-VENTA/localhost:Proyecto-Venta:8081 - registration failed Cannot execute request on any known server

com.netflix.discovery.shared.transport.TransportException: Cannot execute request on any known server
	at com.netflix.discovery.shared.transport.decorator.RetryableEurekaHttpClient.execute(RetryableEurekaHttpClient.java:112) ~[eureka-client-2.0.4.jar:2.0.4]
	at com.netflix.discovery.shared.transport.decorator.EurekaHttpClientDecorator.register(EurekaHttpClientDecorator.java:56) ~[eureka-client-2.0.4.jar:2.0.4]
	at com.netflix.discovery.shared.transport.decorator.EurekaHttpClientDecorator$1.execute(EurekaHttpClientDecorator.java:59) ~[eureka-client-2.0.4.jar:2.0.4]
	at com.netflix.discovery.shared.transport.decorator.SessionedEurekaHttpClient.execute(SessionedEurekaHttpClient.java:76) ~[eureka-client-2.0.4.jar:2.0.4]
	at com.netflix.discovery.shared.transport.decorator.EurekaHttpClientDecorator.register(EurekaHttpClientDecorator.java:56) ~[eureka-client-2.0.4.jar:2.0.4]
	at com.netflix.discovery.DiscoveryClient.register(DiscoveryClient.java:828) ~[eureka-client-2.0.4.jar:2.0.4]
	at com.netflix.discovery.InstanceInfoReplicator.run(InstanceInfoReplicator.java:125) ~[eureka-client-2.0.4.jar:2.0.4]
	at com.netflix.discovery.InstanceInfoReplicator$2.run(InstanceInfoReplicator.java:105) ~[eureka-client-2.0.4.jar:2.0.4]
	at java.base/java.util.concurrent.Executors$RunnableAdapter.call(Executors.java:545) ~[na:na]
	at java.base/java.util.concurrent.FutureTask.run(FutureTask.java:328) ~[na:na]
	at java.base/java.util.concurrent.ScheduledThreadPoolExecutor$ScheduledFutureTask.run(ScheduledThreadPoolExecutor.java:309) ~[na:na]
	at java.base/java.util.concurrent.ThreadPoolExecutor.runWorker(ThreadPoolExecutor.java:1095) ~[na:na]
	at java.base/java.util.concurrent.ThreadPoolExecutor$Worker.run(ThreadPoolExecutor.java:619) ~[na:na]
	at java.base/java.lang.Thread.run(Thread.java:1447) ~[na:na]

2025-10-29T21:11:35.236-03:00  WARN 14372 --- [Proyecto-Venta] [DiscoveryClient-InstanceInfoReplicator-%d] c.n.discovery.InstanceInfoReplicator     : There was a problem with the instance info replicator

com.netflix.discovery.shared.transport.TransportException: Cannot execute request on any known server
	at com.netflix.discovery.shared.transport.decorator.RetryableEurekaHttpClient.execute(RetryableEurekaHttpClient.java:112) ~[eureka-client-2.0.4.jar:2.0.4]
	at com.netflix.discovery.shared.transport.decorator.EurekaHttpClientDecorator.register(EurekaHttpClientDecorator.java:56) ~[eureka-client-2.0.4.jar:2.0.4]
	at com.netflix.discovery.shared.transport.decorator.EurekaHttpClientDecorator$1.execute(EurekaHttpClientDecorator.java:59) ~[eureka-client-2.0.4.jar:2.0.4]
	at com.netflix.discovery.shared.transport.decorator.SessionedEurekaHttpClient.execute(SessionedEurekaHttpClient.java:76) ~[eureka-client-2.0.4.jar:2.0.4]
	at com.netflix.discovery.shared.transport.decorator.EurekaHttpClientDecorator.register(EurekaHttpClientDecorator.java:56) ~[eureka-client-2.0.4.jar:2.0.4]
	at com.netflix.discovery.DiscoveryClient.register(DiscoveryClient.java:828) ~[eureka-client-2.0.4.jar:2.0.4]
	at com.netflix.discovery.InstanceInfoReplicator.run(InstanceInfoReplicator.java:125) ~[eureka-client-2.0.4.jar:2.0.4]
	at com.netflix.discovery.InstanceInfoReplicator$2.run(InstanceInfoReplicator.java:105) ~[eureka-client-2.0.4.jar:2.0.4]
	at java.base/java.util.concurrent.Executors$RunnableAdapter.call(Executors.java:545) ~[na:na]
	at java.base/java.util.concurrent.FutureTask.run(FutureTask.java:328) ~[na:na]
	at java.base/java.util.concurrent.ScheduledThreadPoolExecutor$ScheduledFutureTask.run(ScheduledThreadPoolExecutor.java:309) ~[na:na]
	at java.base/java.util.concurrent.ThreadPoolExecutor.runWorker(ThreadPoolExecutor.java:1095) ~[na:na]
	at java.base/java.util.concurrent.ThreadPoolExecutor$Worker.run(ThreadPoolExecutor.java:619) ~[na:na]
	at java.base/java.lang.Thread.run(Thread.java:1447) ~[na:na]

2025-10-29T21:11:36.186-03:00  INFO 14372 --- [Proyecto-Venta] [main] o.s.cloud.commons.util.InetUtils         : Cannot determine local hostname
2025-10-29T21:11:36.194-03:00  INFO 14372 --- [Proyecto-Venta] [main] c.d.p.ProyectoVentaApplication           : Started ProyectoVentaApplication in 18.343 seconds (process running for 19.118)
2025-10-29T21:11:36.194-03:00  INFO 14372 --- [Proyecto-Venta] [SpringApplicationShutdownHook] o.s.c.n.e.s.EurekaServiceRegistry        : Unregistering application PROYECTO-VENTA with eureka with status DOWN
2025-10-29T21:11:36.194-03:00  INFO 14372 --- [Proyecto-Venta] [SpringApplicationShutdownHook] com.netflix.discovery.DiscoveryClient    : Saw local status change event StatusChangeEvent [timestamp=1761783096194, current=DOWN, previous=UP]
2025-10-29T21:11:36.194-03:00  INFO 14372 --- [Proyecto-Venta] [DiscoveryClient-InstanceInfoReplicator-%d] com.netflix.discovery.DiscoveryClient    : DiscoveryClient_PROYECTO-VENTA/localhost:Proyecto-Venta:8081: registering service...
2025-10-29T21:11:36.196-03:00  INFO 14372 --- [Proyecto-Venta] [SpringApplicationShutdownHook] o.s.b.w.e.tomcat.GracefulShutdown        : Commencing graceful shutdown. Waiting for active requests to complete
2025-10-29T21:11:36.200-03:00  INFO 14372 --- [Proyecto-Venta] [tomcat-shutdown] o.s.b.w.e.tomcat.GracefulShutdown        : Graceful shutdown complete
2025-10-29T21:11:36.206-03:00  INFO 14372 --- [Proyecto-Venta] [SpringApplicationShutdownHook] j.LocalContainerEntityManagerFactoryBean : Closing JPA EntityManagerFactory for persistence unit 'default'
2025-10-29T21:11:36.207-03:00  INFO 14372 --- [Proyecto-Venta] [SpringApplicationShutdownHook] com.zaxxer.hikari.HikariDataSource       : HikariPool-1 - Shutdown initiated...
2025-10-29T21:11:36.214-03:00  INFO 14372 --- [Proyecto-Venta] [DiscoveryClient-InstanceInfoReplicator-%d] c.n.d.s.t.d.RedirectingEurekaHttpClient  : Request execution error. endpoint=DefaultEndpoint{ serviceUrl='http://localhost:8761/eureka/}, exception=I/O error on POST request for "http://localhost:8761/eureka/apps/PROYECTO-VENTA": Connect to http://localhost:8761 failed: Connection refused: getsockopt stacktrace=org.springframework.web.client.ResourceAccessException: I/O error on POST request for "http://localhost:8761/eureka/apps/PROYECTO-VENTA": Connect to http://localhost:8761 failed: Connection refused: getsockopt
	at org.springframework.web.client.RestTemplate.createResourceAccessException(RestTemplate.java:926)
	at org.springframework.web.client.RestTemplate.doExecute(RestTemplate.java:906)
	at org.springframework.web.client.RestTemplate.execute(RestTemplate.java:841)
	at org.springframework.web.client.RestTemplate.exchange(RestTemplate.java:702)
	at org.springframework.cloud.netflix.eureka.http.RestTemplateEurekaHttpClient.register(RestTemplateEurekaHttpClient.java:87)
	at com.netflix.discovery.shared.transport.decorator.EurekaHttpClientDecorator$1.execute(EurekaHttpClientDecorator.java:59)
	at com.netflix.discovery.shared.transport.decorator.RedirectingEurekaHttpClient.executeOnNewServer(RedirectingEurekaHttpClient.java:121)
	at com.netflix.discovery.shared.transport.decorator.RedirectingEurekaHttpClient.execute(RedirectingEurekaHttpClient.java:80)
	at com.netflix.discovery.shared.transport.decorator.EurekaHttpClientDecorator.register(EurekaHttpClientDecorator.java:56)
	at com.netflix.discovery.shared.transport.decorator.EurekaHttpClientDecorator$1.execute(EurekaHttpClientDecorator.java:59)
	at com.netflix.discovery.shared.transport.decorator.RetryableEurekaHttpClient.execute(RetryableEurekaHttpClient.java:120)
	at com.netflix.discovery.shared.transport.decorator.EurekaHttpClientDecorator.register(EurekaHttpClientDecorator.java:56)
	at com.netflix.discovery.shared.transport.decorator.EurekaHttpClientDecorator$1.execute(EurekaHttpClientDecorator.java:59)
	at com.netflix.discovery.shared.transport.decorator.SessionedEurekaHttpClient.execute(SessionedEurekaHttpClient.java:76)
	at com.netflix.discovery.shared.transport.decorator.EurekaHttpClientDecorator.register(EurekaHttpClientDecorator.java:56)
	at com.netflix.discovery.DiscoveryClient.register(DiscoveryClient.java:828)
	at com.netflix.discovery.InstanceInfoReplicator.run(InstanceInfoReplicator.java:125)
	at com.netflix.discovery.InstanceInfoReplicator$2.run(InstanceInfoReplicator.java:105)
	at java.base/java.util.concurrent.Executors$RunnableAdapter.call(Executors.java:545)
	at java.base/java.util.concurrent.FutureTask.run(FutureTask.java:328)
	at java.base/java.util.concurrent.ScheduledThreadPoolExecutor$ScheduledFutureTask.run(ScheduledThreadPoolExecutor.java:309)
	at java.base/java.util.concurrent.ThreadPoolExecutor.runWorker(ThreadPoolExecutor.java:1095)
	at java.base/java.util.concurrent.ThreadPoolExecutor$Worker.run(ThreadPoolExecutor.java:619)
	at java.base/java.lang.Thread.run(Thread.java:1447)
Caused by: org.apache.hc.client5.http.HttpHostConnectException: Connect to http://localhost:8761 failed: Connection refused: getsockopt
	at java.base/sun.nio.ch.Net.pollConnect(Native Method)
	at java.base/sun.nio.ch.Net.pollConnectNow(Net.java:628)
	at java.base/sun.nio.ch.NioSocketImpl.timedFinishConnect(NioSocketImpl.java:533)
	at java.base/sun.nio.ch.NioSocketImpl.connect(NioSocketImpl.java:583)
	at java.base/java.net.SocksSocketImpl.connect(SocksSocketImpl.java:282)
	at java.base/java.net.Socket.connect(Socket.java:665)
	at org.apache.hc.client5.http.impl.io.DefaultHttpClientConnectionOperator.connect(DefaultHttpClientConnectionOperator.java:205)
	at org.apache.hc.client5.http.impl.io.PoolingHttpClientConnectionManager.connect(PoolingHttpClientConnectionManager.java:490)
	at org.apache.hc.client5.http.impl.classic.InternalExecRuntime.connectEndpoint(InternalExecRuntime.java:164)
	at org.apache.hc.client5.http.impl.classic.InternalExecRuntime.connectEndpoint(InternalExecRuntime.java:174)
	at org.apache.hc.client5.http.impl.classic.ConnectExec.execute(ConnectExec.java:144)
	at org.apache.hc.client5.http.impl.classic.ExecChainElement.execute(ExecChainElement.java:51)
	at org.apache.hc.client5.http.impl.classic.ProtocolExec.execute(ProtocolExec.java:195)
	at org.apache.hc.client5.http.impl.classic.ExecChainElement.execute(ExecChainElement.java:51)
	at org.apache.hc.client5.http.impl.classic.ContentCompressionExec.execute(ContentCompressionExec.java:150)
	at org.apache.hc.client5.http.impl.classic.ExecChainElement.execute(ExecChainElement.java:51)
	at org.apache.hc.client5.http.impl.classic.HttpRequestRetryExec.execute(HttpRequestRetryExec.java:113)
	at org.apache.hc.client5.http.impl.classic.ExecChainElement.execute(ExecChainElement.java:51)
	at org.apache.hc.client5.http.impl.classic.RedirectExec.execute(RedirectExec.java:110)
	at org.apache.hc.client5.http.impl.classic.ExecChainElement.execute(ExecChainElement.java:51)
	at org.apache.hc.client5.http.impl.classic.InternalHttpClient.doExecute(InternalHttpClient.java:185)
	at org.apache.hc.client5.http.impl.classic.CloseableHttpClient.execute(CloseableHttpClient.java:87)
	at org.apache.hc.client5.http.impl.classic.CloseableHttpClient.execute(CloseableHttpClient.java:55)
	at org.apache.hc.client5.http.classic.HttpClient.executeOpen(HttpClient.java:183)
	at org.springframework.http.client.HttpComponentsClientHttpRequest.executeInternal(HttpComponentsClientHttpRequest.java:99)
	at org.springframework.http.client.AbstractStreamingClientHttpRequest.executeInternal(AbstractStreamingClientHttpRequest.java:71)
	at org.springframework.http.client.AbstractClientHttpRequest.execute(AbstractClientHttpRequest.java:81)
	at org.springframework.http.client.InterceptingClientHttpRequest$InterceptingRequestExecution.execute(InterceptingClientHttpRequest.java:117)
	at org.springframework.cloud.netflix.eureka.http.RestTemplateTransportClientFactory.lambda$restTemplate$2(RestTemplateTransportClientFactory.java:145)
	at org.springframework.http.client.InterceptingClientHttpRequest$InterceptingRequestExecution.execute(InterceptingClientHttpRequest.java:88)
	at org.springframework.http.client.InterceptingClientHttpRequest.executeInternal(InterceptingClientHttpRequest.java:72)
	at org.springframework.http.client.AbstractBufferingClientHttpRequest.executeInternal(AbstractBufferingClientHttpRequest.java:48)
	at org.springframework.http.client.AbstractClientHttpRequest.execute(AbstractClientHttpRequest.java:81)
	at org.springframework.web.client.RestTemplate.doExecute(RestTemplate.java:900)
	... 22 more

2025-10-29T21:11:36.214-03:00  WARN 14372 --- [Proyecto-Venta] [DiscoveryClient-InstanceInfoReplicator-%d] c.n.d.s.t.d.RetryableEurekaHttpClient    : Request execution failed with message: I/O error on POST request for "http://localhost:8761/eureka/apps/PROYECTO-VENTA": Connect to http://localhost:8761 failed: Connection refused: getsockopt
2025-10-29T21:11:36.214-03:00  WARN 14372 --- [Proyecto-Venta] [DiscoveryClient-InstanceInfoReplicator-%d] com.netflix.discovery.DiscoveryClient    : DiscoveryClient_PROYECTO-VENTA/localhost:Proyecto-Venta:8081 - registration failed Cannot execute request on any known server

com.netflix.discovery.shared.transport.TransportException: Cannot execute request on any known server
	at com.netflix.discovery.shared.transport.decorator.RetryableEurekaHttpClient.execute(RetryableEurekaHttpClient.java:112) ~[eureka-client-2.0.4.jar:2.0.4]
	at com.netflix.discovery.shared.transport.decorator.EurekaHttpClientDecorator.register(EurekaHttpClientDecorator.java:56) ~[eureka-client-2.0.4.jar:2.0.4]
	at com.netflix.discovery.shared.transport.decorator.EurekaHttpClientDecorator$1.execute(EurekaHttpClientDecorator.java:59) ~[eureka-client-2.0.4.jar:2.0.4]
	at com.netflix.discovery.shared.transport.decorator.SessionedEurekaHttpClient.execute(SessionedEurekaHttpClient.java:76) ~[eureka-client-2.0.4.jar:2.0.4]
	at com.netflix.discovery.shared.transport.decorator.EurekaHttpClientDecorator.register(EurekaHttpClientDecorator.java:56) ~[eureka-client-2.0.4.jar:2.0.4]
	at com.netflix.discovery.DiscoveryClient.register(DiscoveryClient.java:828) ~[eureka-client-2.0.4.jar:2.0.4]
	at com.netflix.discovery.InstanceInfoReplicator.run(InstanceInfoReplicator.java:125) ~[eureka-client-2.0.4.jar:2.0.4]
	at com.netflix.discovery.InstanceInfoReplicator$2.run(InstanceInfoReplicator.java:105) ~[eureka-client-2.0.4.jar:2.0.4]
	at java.base/java.util.concurrent.Executors$RunnableAdapter.call(Executors.java:545) ~[na:na]
	at java.base/java.util.concurrent.FutureTask.run(FutureTask.java:328) ~[na:na]
	at java.base/java.util.concurrent.ScheduledThreadPoolExecutor$ScheduledFutureTask.run(ScheduledThreadPoolExecutor.java:309) ~[na:na]
	at java.base/java.util.concurrent.ThreadPoolExecutor.runWorker(ThreadPoolExecutor.java:1095) ~[na:na]
	at java.base/java.util.concurrent.ThreadPoolExecutor$Worker.run(ThreadPoolExecutor.java:619) ~[na:na]
	at java.base/java.lang.Thread.run(Thread.java:1447) ~[na:na]

2025-10-29T21:11:36.214-03:00  WARN 14372 --- [Proyecto-Venta] [DiscoveryClient-InstanceInfoReplicator-%d] c.n.discovery.InstanceInfoReplicator     : There was a problem with the instance info replicator

com.netflix.discovery.shared.transport.TransportException: Cannot execute request on any known server
	at com.netflix.discovery.shared.transport.decorator.RetryableEurekaHttpClient.execute(RetryableEurekaHttpClient.java:112) ~[eureka-client-2.0.4.jar:2.0.4]
	at com.netflix.discovery.shared.transport.decorator.EurekaHttpClientDecorator.register(EurekaHttpClientDecorator.java:56) ~[eureka-client-2.0.4.jar:2.0.4]
	at com.netflix.discovery.shared.transport.decorator.EurekaHttpClientDecorator$1.execute(EurekaHttpClientDecorator.java:59) ~[eureka-client-2.0.4.jar:2.0.4]
	at com.netflix.discovery.shared.transport.decorator.SessionedEurekaHttpClient.execute(SessionedEurekaHttpClient.java:76) ~[eureka-client-2.0.4.jar:2.0.4]
	at com.netflix.discovery.shared.transport.decorator.EurekaHttpClientDecorator.register(EurekaHttpClientDecorator.java:56) ~[eureka-client-2.0.4.jar:2.0.4]
	at com.netflix.discovery.DiscoveryClient.register(DiscoveryClient.java:828) ~[eureka-client-2.0.4.jar:2.0.4]
	at com.netflix.discovery.InstanceInfoReplicator.run(InstanceInfoReplicator.java:125) ~[eureka-client-2.0.4.jar:2.0.4]
	at com.netflix.discovery.InstanceInfoReplicator$2.run(InstanceInfoReplicator.java:105) ~[eureka-client-2.0.4.jar:2.0.4]
	at java.base/java.util.concurrent.Executors$RunnableAdapter.call(Executors.java:545) ~[na:na]
	at java.base/java.util.concurrent.FutureTask.run(FutureTask.java:328) ~[na:na]
	at java.base/java.util.concurrent.ScheduledThreadPoolExecutor$ScheduledFutureTask.run(ScheduledThreadPoolExecutor.java:309) ~[na:na]
	at java.base/java.util.concurrent.ThreadPoolExecutor.runWorker(ThreadPoolExecutor.java:1095) ~[na:na]
	at java.base/java.util.concurrent.ThreadPoolExecutor$Worker.run(ThreadPoolExecutor.java:619) ~[na:na]
	at java.base/java.lang.Thread.run(Thread.java:1447) ~[na:na]

2025-10-29T21:11:38.076-03:00  INFO 14372 --- [Proyecto-Venta] [SpringApplicationShutdownHook] com.zaxxer.hikari.HikariDataSource       : HikariPool-1 - Shutdown completed.
2025-10-29T21:11:38.077-03:00  INFO 14372 --- [Proyecto-Venta] [SpringApplicationShutdownHook] com.netflix.discovery.DiscoveryClient    : Shutting down DiscoveryClient ...
2025-10-29T21:11:41.078-03:00  INFO 14372 --- [Proyecto-Venta] [SpringApplicationShutdownHook] com.netflix.discovery.DiscoveryClient    : Unregistering ...
2025-10-29T21:11:41.104-03:00  INFO 14372 --- [Proyecto-Venta] [SpringApplicationShutdownHook] c.n.d.s.t.d.RedirectingEurekaHttpClient  : Request execution error. endpoint=DefaultEndpoint{ serviceUrl='http://localhost:8761/eureka/}, exception=I/O error on DELETE request for "http://localhost:8761/eureka/apps/PROYECTO-VENTA/localhost:Proyecto-Venta:8081": Connect to http://localhost:8761 failed: Connection refused: getsockopt stacktrace=org.springframework.web.client.ResourceAccessException: I/O error on DELETE request for "http://localhost:8761/eureka/apps/PROYECTO-VENTA/localhost:Proyecto-Venta:8081": Connect to http://localhost:8761 failed: Connection refused: getsockopt
	at org.springframework.web.client.RestTemplate.createResourceAccessException(RestTemplate.java:926)
	at org.springframework.web.client.RestTemplate.doExecute(RestTemplate.java:906)
	at org.springframework.web.client.RestTemplate.execute(RestTemplate.java:841)
	at org.springframework.web.client.RestTemplate.exchange(RestTemplate.java:702)
	at org.springframework.cloud.netflix.eureka.http.RestTemplateEurekaHttpClient.cancel(RestTemplateEurekaHttpClient.java:100)
	at com.netflix.discovery.shared.transport.decorator.EurekaHttpClientDecorator$2.execute(EurekaHttpClientDecorator.java:74)
	at com.netflix.discovery.shared.transport.decorator.RedirectingEurekaHttpClient.executeOnNewServer(RedirectingEurekaHttpClient.java:121)
	at com.netflix.discovery.shared.transport.decorator.RedirectingEurekaHttpClient.execute(RedirectingEurekaHttpClient.java:80)
	at com.netflix.discovery.shared.transport.decorator.EurekaHttpClientDecorator.cancel(EurekaHttpClientDecorator.java:71)
	at com.netflix.discovery.shared.transport.decorator.EurekaHttpClientDecorator$2.execute(EurekaHttpClientDecorator.java:74)
	at com.netflix.discovery.shared.transport.decorator.RetryableEurekaHttpClient.execute(RetryableEurekaHttpClient.java:120)
	at com.netflix.discovery.shared.transport.decorator.EurekaHttpClientDecorator.cancel(EurekaHttpClientDecorator.java:71)
	at com.netflix.discovery.shared.transport.decorator.EurekaHttpClientDecorator$2.execute(EurekaHttpClientDecorator.java:74)
	at com.netflix.discovery.shared.transport.decorator.SessionedEurekaHttpClient.execute(SessionedEurekaHttpClient.java:76)
	at com.netflix.discovery.shared.transport.decorator.EurekaHttpClientDecorator.cancel(EurekaHttpClientDecorator.java:71)
	at com.netflix.discovery.DiscoveryClient.unregister(DiscoveryClient.java:919)
	at com.netflix.discovery.DiscoveryClient.shutdown(DiscoveryClient.java:900)
	at java.base/jdk.internal.reflect.DirectMethodHandleAccessor.invoke(DirectMethodHandleAccessor.java:104)
	at java.base/java.lang.reflect.Method.invoke(Method.java:565)
	at org.springframework.beans.factory.annotation.InitDestroyAnnotationBeanPostProcessor$LifecycleMethod.invoke(InitDestroyAnnotationBeanPostProcessor.java:457)
	at org.springframework.beans.factory.annotation.InitDestroyAnnotationBeanPostProcessor$LifecycleMetadata.invokeDestroyMethods(InitDestroyAnnotationBeanPostProcessor.java:415)
	at org.springframework.beans.factory.annotation.InitDestroyAnnotationBeanPostProcessor.postProcessBeforeDestruction(InitDestroyAnnotationBeanPostProcessor.java:239)
	at org.springframework.beans.factory.support.DisposableBeanAdapter.destroy(DisposableBeanAdapter.java:202)
	at org.springframework.beans.factory.support.DisposableBeanAdapter.run(DisposableBeanAdapter.java:195)
	at org.springframework.cloud.context.scope.GenericScope$BeanLifecycleWrapper.destroy(GenericScope.java:387)
	at org.springframework.cloud.context.scope.GenericScope.destroy(GenericScope.java:134)
	at org.springframework.beans.factory.support.DisposableBeanAdapter.destroy(DisposableBeanAdapter.java:211)
	at org.springframework.beans.factory.support.DefaultSingletonBeanRegistry.destroyBean(DefaultSingletonBeanRegistry.java:798)
	at org.springframework.beans.factory.support.DefaultSingletonBeanRegistry.destroySingleton(DefaultSingletonBeanRegistry.java:748)
	at org.springframework.beans.factory.support.DefaultListableBeanFactory.destroySingleton(DefaultListableBeanFactory.java:1481)
	at org.springframework.beans.factory.support.DefaultSingletonBeanRegistry.destroySingletons(DefaultSingletonBeanRegistry.java:707)
	at org.springframework.beans.factory.support.DefaultListableBeanFactory.destroySingletons(DefaultListableBeanFactory.java:1474)
	at org.springframework.context.support.AbstractApplicationContext.destroyBeans(AbstractApplicationContext.java:1219)
	at org.springframework.context.support.AbstractApplicationContext.doClose(AbstractApplicationContext.java:1180)
	at org.springframework.boot.web.servlet.context.ServletWebServerApplicationContext.doClose(ServletWebServerApplicationContext.java:179)
	at org.springframework.context.support.AbstractApplicationContext.close(AbstractApplicationContext.java:1126)
	at org.springframework.boot.SpringApplicationShutdownHook.closeAndWait(SpringApplicationShutdownHook.java:147)
	at java.base/java.lang.Iterable.forEach(Iterable.java:75)
	at org.springframework.boot.SpringApplicationShutdownHook.run(SpringApplicationShutdownHook.java:116)
	at java.base/java.lang.Thread.run(Thread.java:1447)
Caused by: org.apache.hc.client5.http.HttpHostConnectException: Connect to http://localhost:8761 failed: Connection refused: getsockopt
	at java.base/sun.nio.ch.Net.pollConnect(Native Method)
	at java.base/sun.nio.ch.Net.pollConnectNow(Net.java:628)
	at java.base/sun.nio.ch.NioSocketImpl.timedFinishConnect(NioSocketImpl.java:533)
	at java.base/sun.nio.ch.NioSocketImpl.connect(NioSocketImpl.java:583)
	at java.base/java.net.SocksSocketImpl.connect(SocksSocketImpl.java:282)
	at java.base/java.net.Socket.connect(Socket.java:665)
	at org.apache.hc.client5.http.impl.io.DefaultHttpClientConnectionOperator.connect(DefaultHttpClientConnectionOperator.java:205)
	at org.apache.hc.client5.http.impl.io.PoolingHttpClientConnectionManager.connect(PoolingHttpClientConnectionManager.java:490)
	at org.apache.hc.client5.http.impl.classic.InternalExecRuntime.connectEndpoint(InternalExecRuntime.java:164)
	at org.apache.hc.client5.http.impl.classic.InternalExecRuntime.connectEndpoint(InternalExecRuntime.java:174)
	at org.apache.hc.client5.http.impl.classic.ConnectExec.execute(ConnectExec.java:144)
	at org.apache.hc.client5.http.impl.classic.ExecChainElement.execute(ExecChainElement.java:51)
	at org.apache.hc.client5.http.impl.classic.ProtocolExec.execute(ProtocolExec.java:195)
	at org.apache.hc.client5.http.impl.classic.ExecChainElement.execute(ExecChainElement.java:51)
	at org.apache.hc.client5.http.impl.classic.ContentCompressionExec.execute(ContentCompressionExec.java:150)
	at org.apache.hc.client5.http.impl.classic.ExecChainElement.execute(ExecChainElement.java:51)
	at org.apache.hc.client5.http.impl.classic.HttpRequestRetryExec.execute(HttpRequestRetryExec.java:113)
	at org.apache.hc.client5.http.impl.classic.ExecChainElement.execute(ExecChainElement.java:51)
	at org.apache.hc.client5.http.impl.classic.RedirectExec.execute(RedirectExec.java:110)
	at org.apache.hc.client5.http.impl.classic.ExecChainElement.execute(ExecChainElement.java:51)
	at org.apache.hc.client5.http.impl.classic.InternalHttpClient.doExecute(InternalHttpClient.java:185)
	at org.apache.hc.client5.http.impl.classic.CloseableHttpClient.execute(CloseableHttpClient.java:87)
	at org.apache.hc.client5.http.impl.classic.CloseableHttpClient.execute(CloseableHttpClient.java:55)
	at org.apache.hc.client5.http.classic.HttpClient.executeOpen(HttpClient.java:183)
	at org.springframework.http.client.HttpComponentsClientHttpRequest.executeInternal(HttpComponentsClientHttpRequest.java:99)
	at org.springframework.http.client.AbstractStreamingClientHttpRequest.executeInternal(AbstractStreamingClientHttpRequest.java:71)
	at org.springframework.http.client.AbstractClientHttpRequest.execute(AbstractClientHttpRequest.java:81)
	at org.springframework.http.client.InterceptingClientHttpRequest$InterceptingRequestExecution.execute(InterceptingClientHttpRequest.java:117)
	at org.springframework.cloud.netflix.eureka.http.RestTemplateTransportClientFactory.lambda$restTemplate$2(RestTemplateTransportClientFactory.java:145)
	at org.springframework.http.client.InterceptingClientHttpRequest$InterceptingRequestExecution.execute(InterceptingClientHttpRequest.java:88)
	at org.springframework.http.client.InterceptingClientHttpRequest.executeInternal(InterceptingClientHttpRequest.java:72)
	at org.springframework.http.client.AbstractBufferingClientHttpRequest.executeInternal(AbstractBufferingClientHttpRequest.java:48)
	at org.springframework.http.client.AbstractClientHttpRequest.execute(AbstractClientHttpRequest.java:81)
	at org.springframework.web.client.RestTemplate.doExecute(RestTemplate.java:900)
	... 38 more

2025-10-29T21:11:41.104-03:00  WARN 14372 --- [Proyecto-Venta] [SpringApplicationShutdownHook] c.n.d.s.t.d.RetryableEurekaHttpClient    : Request execution failed with message: I/O error on DELETE request for "http://localhost:8761/eureka/apps/PROYECTO-VENTA/localhost:Proyecto-Venta:8081": Connect to http://localhost:8761 failed: Connection refused: getsockopt
2025-10-29T21:11:41.104-03:00 ERROR 14372 --- [Proyecto-Venta] [SpringApplicationShutdownHook] com.netflix.discovery.DiscoveryClient    : DiscoveryClient_PROYECTO-VENTA/localhost:Proyecto-Venta:8081 - de-registration failedCannot execute request on any known server

com.netflix.discovery.shared.transport.TransportException: Cannot execute request on any known server
	at com.netflix.discovery.shared.transport.decorator.RetryableEurekaHttpClient.execute(RetryableEurekaHttpClient.java:112) ~[eureka-client-2.0.4.jar:2.0.4]
	at com.netflix.discovery.shared.transport.decorator.EurekaHttpClientDecorator.cancel(EurekaHttpClientDecorator.java:71) ~[eureka-client-2.0.4.jar:2.0.4]
	at com.netflix.discovery.shared.transport.decorator.EurekaHttpClientDecorator$2.execute(EurekaHttpClientDecorator.java:74) ~[eureka-client-2.0.4.jar:2.0.4]
	at com.netflix.discovery.shared.transport.decorator.SessionedEurekaHttpClient.execute(SessionedEurekaHttpClient.java:76) ~[eureka-client-2.0.4.jar:2.0.4]
	at com.netflix.discovery.shared.transport.decorator.EurekaHttpClientDecorator.cancel(EurekaHttpClientDecorator.java:71) ~[eureka-client-2.0.4.jar:2.0.4]
	at com.netflix.discovery.DiscoveryClient.unregister(DiscoveryClient.java:919) ~[eureka-client-2.0.4.jar:2.0.4]
	at com.netflix.discovery.DiscoveryClient.shutdown(DiscoveryClient.java:900) ~[eureka-client-2.0.4.jar:2.0.4]
	at java.base/jdk.internal.reflect.DirectMethodHandleAccessor.invoke(DirectMethodHandleAccessor.java:104) ~[na:na]
	at java.base/java.lang.reflect.Method.invoke(Method.java:565) ~[na:na]
	at org.springframework.beans.factory.annotation.InitDestroyAnnotationBeanPostProcessor$LifecycleMethod.invoke(InitDestroyAnnotationBeanPostProcessor.java:457) ~[spring-beans-6.2.10.jar:6.2.10]
	at org.springframework.beans.factory.annotation.InitDestroyAnnotationBeanPostProcessor$LifecycleMetadata.invokeDestroyMethods(InitDestroyAnnotationBeanPostProcessor.java:415) ~[spring-beans-6.2.10.jar:6.2.10]
	at org.springframework.beans.factory.annotation.InitDestroyAnnotationBeanPostProcessor.postProcessBeforeDestruction(InitDestroyAnnotationBeanPostProcessor.java:239) ~[spring-beans-6.2.10.jar:6.2.10]
	at org.springframework.beans.factory.support.DisposableBeanAdapter.destroy(DisposableBeanAdapter.java:202) ~[spring-beans-6.2.10.jar:6.2.10]
	at org.springframework.beans.factory.support.DisposableBeanAdapter.run(DisposableBeanAdapter.java:195) ~[spring-beans-6.2.10.jar:6.2.10]
	at org.springframework.cloud.context.scope.GenericScope$BeanLifecycleWrapper.destroy(GenericScope.java:387) ~[spring-cloud-context-4.3.0.jar:4.3.0]
	at org.springframework.cloud.context.scope.GenericScope.destroy(GenericScope.java:134) ~[spring-cloud-context-4.3.0.jar:4.3.0]
	at org.springframework.beans.factory.support.DisposableBeanAdapter.destroy(DisposableBeanAdapter.java:211) ~[spring-beans-6.2.10.jar:6.2.10]
	at org.springframework.beans.factory.support.DefaultSingletonBeanRegistry.destroyBean(DefaultSingletonBeanRegistry.java:798) ~[spring-beans-6.2.10.jar:6.2.10]
	at org.springframework.beans.factory.support.DefaultSingletonBeanRegistry.destroySingleton(DefaultSingletonBeanRegistry.java:748) ~[spring-beans-6.2.10.jar:6.2.10]
	at org.springframework.beans.factory.support.DefaultListableBeanFactory.destroySingleton(DefaultListableBeanFactory.java:1481) ~[spring-beans-6.2.10.jar:6.2.10]
	at org.springframework.beans.factory.support.DefaultSingletonBeanRegistry.destroySingletons(DefaultSingletonBeanRegistry.java:707) ~[spring-beans-6.2.10.jar:6.2.10]
	at org.springframework.beans.factory.support.DefaultListableBeanFactory.destroySingletons(DefaultListableBeanFactory.java:1474) ~[spring-beans-6.2.10.jar:6.2.10]
	at org.springframework.context.support.AbstractApplicationContext.destroyBeans(AbstractApplicationContext.java:1219) ~[spring-context-6.2.10.jar:6.2.10]
	at org.springframework.context.support.AbstractApplicationContext.doClose(AbstractApplicationContext.java:1180) ~[spring-context-6.2.10.jar:6.2.10]
	at org.springframework.boot.web.servlet.context.ServletWebServerApplicationContext.doClose(ServletWebServerApplicationContext.java:179) ~[spring-boot-3.5.5.jar:3.5.5]
	at org.springframework.context.support.AbstractApplicationContext.close(AbstractApplicationContext.java:1126) ~[spring-context-6.2.10.jar:6.2.10]
	at org.springframework.boot.SpringApplicationShutdownHook.closeAndWait(SpringApplicationShutdownHook.java:147) ~[spring-boot-3.5.5.jar:3.5.5]
	at java.base/java.lang.Iterable.forEach(Iterable.java:75) ~[na:na]
	at org.springframework.boot.SpringApplicationShutdownHook.run(SpringApplicationShutdownHook.java:116) ~[spring-boot-3.5.5.jar:3.5.5]
	at java.base/java.lang.Thread.run(Thread.java:1447) ~[na:na]

2025-10-29T21:11:41.105-03:00  INFO 14372 --- [Proyecto-Venta] [SpringApplicationShutdownHook] com.netflix.discovery.DiscoveryClient    : Completed shut down of DiscoveryClient
2025-10-29T21:13:24.247-03:00  INFO 13888 --- [Proyecto-Venta] [main] c.d.p.ProyectoVentaApplication           : Starting ProyectoVentaApplication using Java 24 with PID 13888 (C:\Users\Usuario\IdeaProjects\Distri\SistemaWebYDistribuido\Proyecto-Venta\target\classes started by Usuario in C:\Users\Usuario\IdeaProjects\Distri\SistemaWebYDistribuido)
2025-10-29T21:13:24.248-03:00  INFO 13888 --- [Proyecto-Venta] [main] c.d.p.ProyectoVentaApplication           : No active profile set, falling back to 1 default profile: "default"
2025-10-29T21:13:25.020-03:00  INFO 13888 --- [Proyecto-Venta] [main] .s.d.r.c.RepositoryConfigurationDelegate : Bootstrapping Spring Data JPA repositories in DEFAULT mode.
2025-10-29T21:13:25.177-03:00  INFO 13888 --- [Proyecto-Venta] [main] .s.d.r.c.RepositoryConfigurationDelegate : Finished Spring Data repository scanning in 149 ms. Found 8 JPA repository interfaces.
2025-10-29T21:13:25.332-03:00  INFO 13888 --- [Proyecto-Venta] [main] o.s.cloud.context.scope.GenericScope     : BeanFactory id=01235d07-0bc7-3f81-a0a7-e4e7bced9c96
2025-10-29T21:13:25.678-03:00  INFO 13888 --- [Proyecto-Venta] [main] o.s.b.w.embedded.tomcat.TomcatWebServer  : Tomcat initialized with port 8081 (http)
2025-10-29T21:13:25.694-03:00  INFO 13888 --- [Proyecto-Venta] [main] o.apache.catalina.core.StandardService   : Starting service [Tomcat]
2025-10-29T21:13:25.694-03:00  INFO 13888 --- [Proyecto-Venta] [main] o.apache.catalina.core.StandardEngine    : Starting Servlet engine: [Apache Tomcat/10.1.44]
2025-10-29T21:13:25.759-03:00  INFO 13888 --- [Proyecto-Venta] [main] o.a.c.c.C.[Tomcat].[localhost].[/]       : Initializing Spring embedded WebApplicationContext
2025-10-29T21:13:25.759-03:00  INFO 13888 --- [Proyecto-Venta] [main] w.s.c.ServletWebServerApplicationContext : Root WebApplicationContext: initialization completed in 1473 ms
2025-10-29T21:13:25.882-03:00  INFO 13888 --- [Proyecto-Venta] [main] com.zaxxer.hikari.HikariDataSource       : HikariPool-1 - Starting...
2025-10-29T21:13:27.952-03:00  INFO 13888 --- [Proyecto-Venta] [main] com.zaxxer.hikari.pool.HikariPool        : HikariPool-1 - Added connection org.postgresql.jdbc.PgConnection@7848321e
2025-10-29T21:13:27.953-03:00  INFO 13888 --- [Proyecto-Venta] [main] com.zaxxer.hikari.HikariDataSource       : HikariPool-1 - Start completed.
2025-10-29T21:13:29.201-03:00  INFO 13888 --- [Proyecto-Venta] [main] liquibase.database                       : Set default schema name to public
2025-10-29T21:13:30.278-03:00  INFO 13888 --- [Proyecto-Venta] [main] liquibase.changelog                      : Reading from public.databasechangelog
2025-10-29T21:13:32.317-03:00  INFO 13888 --- [Proyecto-Venta] [main] liquibase.ui                             : Database is up to date, no changesets to execute
2025-10-29T21:13:32.499-03:00  INFO 13888 --- [Proyecto-Venta] [main] liquibase.changelog                      : Reading from public.databasechangelog
2025-10-29T21:13:32.698-03:00  INFO 13888 --- [Proyecto-Venta] [main] liquibase.util                           : UPDATE SUMMARY
2025-10-29T21:13:32.698-03:00  INFO 13888 --- [Proyecto-Venta] [main] liquibase.util                           : Run:                          0
2025-10-29T21:13:32.698-03:00  INFO 13888 --- [Proyecto-Venta] [main] liquibase.util                           : Previously run:              21
2025-10-29T21:13:32.698-03:00  INFO 13888 --- [Proyecto-Venta] [main] liquibase.util                           : Filtered out:                 0
2025-10-29T21:13:32.698-03:00  INFO 13888 --- [Proyecto-Venta] [main] liquibase.util                           : -------------------------------
2025-10-29T21:13:32.698-03:00  INFO 13888 --- [Proyecto-Venta] [main] liquibase.util                           : Total change sets:           21
2025-10-29T21:13:32.699-03:00  INFO 13888 --- [Proyecto-Venta] [main] liquibase.util                           : Update summary generated
2025-10-29T21:13:32.700-03:00  INFO 13888 --- [Proyecto-Venta] [main] liquibase.command                        : Command execution complete
2025-10-29T21:13:34.395-03:00  INFO 13888 --- [Proyecto-Venta] [main] o.hibernate.jpa.internal.util.LogHelper  : HHH000204: Processing PersistenceUnitInfo [name: default]
2025-10-29T21:13:34.443-03:00  INFO 13888 --- [Proyecto-Venta] [main] org.hibernate.Version                    : HHH000412: Hibernate ORM core version 6.6.26.Final
2025-10-29T21:13:34.475-03:00  INFO 13888 --- [Proyecto-Venta] [main] o.h.c.internal.RegionFactoryInitiator    : HHH000026: Second-level cache disabled
2025-10-29T21:13:34.736-03:00  INFO 13888 --- [Proyecto-Venta] [main] o.s.o.j.p.SpringPersistenceUnitInfo      : No LoadTimeWeaver setup: ignoring JPA class transformer
2025-10-29T21:13:35.374-03:00  INFO 13888 --- [Proyecto-Venta] [main] org.hibernate.orm.connections.pooling    : HHH10001005: Database info:
	Database JDBC URL [Connecting through datasource 'HikariDataSource (HikariPool-1)']
	Database driver: undefined/unknown
	Database version: 17.6
	Autocommit mode: undefined/unknown
	Isolation level: undefined/unknown
	Minimum pool size: undefined/unknown
	Maximum pool size: undefined/unknown
2025-10-29T21:13:36.332-03:00  INFO 13888 --- [Proyecto-Venta] [main] o.h.e.t.j.p.i.JtaPlatformInitiator       : HHH000489: No JTA platform available (set 'hibernate.transaction.jta.platform' to enable JTA platform integration)
2025-10-29T21:13:36.335-03:00  INFO 13888 --- [Proyecto-Venta] [main] j.LocalContainerEntityManagerFactoryBean : Initialized JPA EntityManagerFactory for persistence unit 'default'
2025-10-29T21:13:36.692-03:00  INFO 13888 --- [Proyecto-Venta] [main] o.s.d.j.r.query.QueryEnhancerFactory     : Hibernate is in classpath; If applicable, HQL parser will be used.
2025-10-29T21:13:37.286-03:00  WARN 13888 --- [Proyecto-Venta] [main] JpaBaseConfiguration$JpaWebConfiguration : spring.jpa.open-in-view is enabled by default. Therefore, database queries may be performed during view rendering. Explicitly configure spring.jpa.open-in-view to disable this warning
2025-10-29T21:13:38.735-03:00  INFO 13888 --- [Proyecto-Venta] [main] o.s.cloud.commons.util.InetUtils         : Cannot determine local hostname
2025-10-29T21:13:39.754-03:00  INFO 13888 --- [Proyecto-Venta] [main] o.s.cloud.commons.util.InetUtils         : Cannot determine local hostname
2025-10-29T21:13:39.772-03:00  INFO 13888 --- [Proyecto-Venta] [main] DiscoveryClientOptionalArgsConfiguration : Eureka HTTP Client uses RestTemplate.
2025-10-29T21:13:39.804-03:00  WARN 13888 --- [Proyecto-Venta] [main] iguration$LoadBalancerCaffeineWarnLogger : Spring Cloud LoadBalancer is currently working with the default cache. While this cache implementation is useful for development and tests, it's recommended to use Caffeine cache in production.You can switch to using Caffeine cache, by adding it and org.springframework.cache.caffeine.CaffeineCacheManager to the classpath.
2025-10-29T21:13:39.851-03:00  INFO 13888 --- [Proyecto-Venta] [main] o.s.c.n.eureka.InstanceInfoFactory       : Setting initial instance status as: STARTING
2025-10-29T21:13:39.872-03:00  INFO 13888 --- [Proyecto-Venta] [main] com.netflix.discovery.DiscoveryClient    : Initializing Eureka in region us-east-1
2025-10-29T21:13:39.875-03:00  INFO 13888 --- [Proyecto-Venta] [main] c.n.d.s.r.aws.ConfigClusterResolver      : Resolving eureka endpoints via configuration
2025-10-29T21:13:39.882-03:00  INFO 13888 --- [Proyecto-Venta] [main] com.netflix.discovery.DiscoveryClient    : Disable delta property : false
2025-10-29T21:13:39.883-03:00  INFO 13888 --- [Proyecto-Venta] [main] com.netflix.discovery.DiscoveryClient    : Single vip registry refresh property : null
2025-10-29T21:13:39.883-03:00  INFO 13888 --- [Proyecto-Venta] [main] com.netflix.discovery.DiscoveryClient    : Force full registry fetch : false
2025-10-29T21:13:39.883-03:00  INFO 13888 --- [Proyecto-Venta] [main] com.netflix.discovery.DiscoveryClient    : Application is null : false
2025-10-29T21:13:39.883-03:00  INFO 13888 --- [Proyecto-Venta] [main] com.netflix.discovery.DiscoveryClient    : Registered Applications size is zero : true
2025-10-29T21:13:39.883-03:00  INFO 13888 --- [Proyecto-Venta] [main] com.netflix.discovery.DiscoveryClient    : Application version is -1: true
2025-10-29T21:13:39.883-03:00  INFO 13888 --- [Proyecto-Venta] [main] com.netflix.discovery.DiscoveryClient    : Getting all instance registry info from the eureka server
2025-10-29T21:13:40.184-03:00  INFO 13888 --- [Proyecto-Venta] [main] com.netflix.discovery.DiscoveryClient    : The response status is 200
2025-10-29T21:13:40.186-03:00  INFO 13888 --- [Proyecto-Venta] [main] com.netflix.discovery.DiscoveryClient    : Starting heartbeat executor: renew interval is: 30
2025-10-29T21:13:40.188-03:00  INFO 13888 --- [Proyecto-Venta] [main] c.n.discovery.InstanceInfoReplicator     : InstanceInfoReplicator onDemand update allowed rate per min is 4
2025-10-29T21:13:40.190-03:00  INFO 13888 --- [Proyecto-Venta] [main] com.netflix.discovery.DiscoveryClient    : Discovery Client initialized at timestamp 1761783220190 with initial instances count: 1
2025-10-29T21:13:40.194-03:00  INFO 13888 --- [Proyecto-Venta] [main] o.s.c.n.e.s.EurekaServiceRegistry        : Registering application PROYECTO-VENTA with eureka with status UP
2025-10-29T21:13:40.195-03:00  INFO 13888 --- [Proyecto-Venta] [main] com.netflix.discovery.DiscoveryClient    : Saw local status change event StatusChangeEvent [timestamp=1761783220195, current=UP, previous=STARTING]
2025-10-29T21:13:40.196-03:00  INFO 13888 --- [Proyecto-Venta] [DiscoveryClient-InstanceInfoReplicator-%d] com.netflix.discovery.DiscoveryClient    : DiscoveryClient_PROYECTO-VENTA/localhost:Proyecto-Venta:8081: registering service...
2025-10-29T21:13:40.218-03:00  INFO 13888 --- [Proyecto-Venta] [main] o.s.b.w.embedded.tomcat.TomcatWebServer  : Tomcat started on port 8081 (http) with context path '/'
2025-10-29T21:13:40.218-03:00  INFO 13888 --- [Proyecto-Venta] [main] .s.c.n.e.s.EurekaAutoServiceRegistration : Updating port to 8081
2025-10-29T21:13:40.237-03:00  INFO 13888 --- [Proyecto-Venta] [DiscoveryClient-InstanceInfoReplicator-%d] com.netflix.discovery.DiscoveryClient    : DiscoveryClient_PROYECTO-VENTA/localhost:Proyecto-Venta:8081 - registration status: 204
2025-10-29T21:13:41.222-03:00  INFO 13888 --- [Proyecto-Venta] [main] o.s.cloud.commons.util.InetUtils         : Cannot determine local hostname
2025-10-29T21:13:41.229-03:00  INFO 13888 --- [Proyecto-Venta] [main] c.d.p.ProyectoVentaApplication           : Started ProyectoVentaApplication in 18.42 seconds (process running for 19.111)
2025-10-29T21:13:46.529-03:00  INFO 13888 --- [Proyecto-Venta] [http-nio-8081-exec-1] o.a.c.c.C.[Tomcat].[localhost].[/]       : Initializing Spring DispatcherServlet 'dispatcherServlet'
2025-10-29T21:13:46.529-03:00  INFO 13888 --- [Proyecto-Venta] [http-nio-8081-exec-1] o.s.web.servlet.DispatcherServlet        : Initializing Servlet 'dispatcherServlet'
2025-10-29T21:13:46.530-03:00  INFO 13888 --- [Proyecto-Venta] [http-nio-8081-exec-1] o.s.web.servlet.DispatcherServlet        : Completed initialization in 1 ms
2025-10-29T21:13:46.564-03:00  INFO 13888 --- [Proyecto-Venta] [http-nio-8081-exec-1] c.d.p.apis.controller.VentaController    : GET /ventas page=0 size=10 filtros: clienteId=null, desde=null, hasta=null
2025-10-29T21:13:46.762-03:00  INFO 13888 --- [Proyecto-Venta] [http-nio-8081-exec-1] c.d.p.apis.service.VentaService          : Listando ventas - clienteId=null desde=null hasta=null
2025-10-29T21:13:46.816-03:00 DEBUG 13888 --- [Proyecto-Venta] [http-nio-8081-exec-1] org.hibernate.SQL                        : select v1_0.id,v1_0.activo,v1_0.cliente_id,v1_0.creado_por,v1_0.fecha_venta,v1_0.iva,v1_0.subtotal,v1_0.total from venta v1_0 where (v1_0.activo = true) offset ? rows fetch first ? rows only
2025-10-29T21:13:46.817-03:00 TRACE 13888 --- [Proyecto-Venta] [http-nio-8081-exec-1] org.hibernate.orm.jdbc.bind              : binding parameter (1:INTEGER) <- [0]
2025-10-29T21:13:46.817-03:00 TRACE 13888 --- [Proyecto-Venta] [http-nio-8081-exec-1] org.hibernate.orm.jdbc.bind              : binding parameter (2:INTEGER) <- [10]
2025-10-29T21:13:47.059-03:00 DEBUG 13888 --- [Proyecto-Venta] [http-nio-8081-exec-1] org.hibernate.SQL                        : select count(v1_0.id) from venta v1_0 where (v1_0.activo = true)
2025-10-29T21:13:47.253-03:00 DEBUG 13888 --- [Proyecto-Venta] [http-nio-8081-exec-1] org.hibernate.SQL                        : select d1_0.venta_id,d1_0.id,d1_0.activo,d1_0.cantidad,d1_0.precio_unitario,d1_0.producto_id,d1_0.subtotal_linea,d1_0.tasa_iva,d1_0.total_linea from venta_detalle d1_0 where d1_0.venta_id=? and (d1_0.activo = true)
2025-10-29T21:13:47.253-03:00 TRACE 13888 --- [Proyecto-Venta] [http-nio-8081-exec-1] org.hibernate.orm.jdbc.bind              : binding parameter (1:BIGINT) <- [3]
2025-10-29T21:13:47.450-03:00 DEBUG 13888 --- [Proyecto-Venta] [http-nio-8081-exec-1] org.hibernate.SQL                        : select d1_0.venta_id,d1_0.id,d1_0.activo,d1_0.cantidad,d1_0.precio_unitario,d1_0.producto_id,d1_0.subtotal_linea,d1_0.tasa_iva,d1_0.total_linea from venta_detalle d1_0 where d1_0.venta_id=? and (d1_0.activo = true)
2025-10-29T21:13:47.451-03:00 TRACE 13888 --- [Proyecto-Venta] [http-nio-8081-exec-1] org.hibernate.orm.jdbc.bind              : binding parameter (1:BIGINT) <- [8]
2025-10-29T21:13:47.638-03:00 DEBUG 13888 --- [Proyecto-Venta] [http-nio-8081-exec-1] org.hibernate.SQL                        : select d1_0.venta_id,d1_0.id,d1_0.activo,d1_0.cantidad,d1_0.precio_unitario,d1_0.producto_id,d1_0.subtotal_linea,d1_0.tasa_iva,d1_0.total_linea from venta_detalle d1_0 where d1_0.venta_id=? and (d1_0.activo = true)
2025-10-29T21:13:47.638-03:00 TRACE 13888 --- [Proyecto-Venta] [http-nio-8081-exec-1] org.hibernate.orm.jdbc.bind              : binding parameter (1:BIGINT) <- [11]
2025-10-29T21:13:47.836-03:00 DEBUG 13888 --- [Proyecto-Venta] [http-nio-8081-exec-1] org.hibernate.SQL                        : select d1_0.venta_id,d1_0.id,d1_0.activo,d1_0.cantidad,d1_0.precio_unitario,d1_0.producto_id,d1_0.subtotal_linea,d1_0.tasa_iva,d1_0.total_linea from venta_detalle d1_0 where d1_0.venta_id=? and (d1_0.activo = true)
2025-10-29T21:13:47.870-03:00 TRACE 13888 --- [Proyecto-Venta] [http-nio-8081-exec-1] org.hibernate.orm.jdbc.bind              : binding parameter (1:BIGINT) <- [13]
2025-10-29T21:13:48.081-03:00 DEBUG 13888 --- [Proyecto-Venta] [http-nio-8081-exec-1] org.hibernate.SQL                        : select d1_0.venta_id,d1_0.id,d1_0.activo,d1_0.cantidad,d1_0.precio_unitario,d1_0.producto_id,d1_0.subtotal_linea,d1_0.tasa_iva,d1_0.total_linea from venta_detalle d1_0 where d1_0.venta_id=? and (d1_0.activo = true)
2025-10-29T21:13:48.082-03:00 TRACE 13888 --- [Proyecto-Venta] [http-nio-8081-exec-1] org.hibernate.orm.jdbc.bind              : binding parameter (1:BIGINT) <- [14]
2025-10-29T21:13:48.272-03:00 DEBUG 13888 --- [Proyecto-Venta] [http-nio-8081-exec-1] org.hibernate.SQL                        : select d1_0.venta_id,d1_0.id,d1_0.activo,d1_0.cantidad,d1_0.precio_unitario,d1_0.producto_id,d1_0.subtotal_linea,d1_0.tasa_iva,d1_0.total_linea from venta_detalle d1_0 where d1_0.venta_id=? and (d1_0.activo = true)
2025-10-29T21:13:48.272-03:00 TRACE 13888 --- [Proyecto-Venta] [http-nio-8081-exec-1] org.hibernate.orm.jdbc.bind              : binding parameter (1:BIGINT) <- [15]
2025-10-29T21:13:48.462-03:00 DEBUG 13888 --- [Proyecto-Venta] [http-nio-8081-exec-1] org.hibernate.SQL                        : select d1_0.venta_id,d1_0.id,d1_0.activo,d1_0.cantidad,d1_0.precio_unitario,d1_0.producto_id,d1_0.subtotal_linea,d1_0.tasa_iva,d1_0.total_linea from venta_detalle d1_0 where d1_0.venta_id=? and (d1_0.activo = true)
2025-10-29T21:13:48.462-03:00 TRACE 13888 --- [Proyecto-Venta] [http-nio-8081-exec-1] org.hibernate.orm.jdbc.bind              : binding parameter (1:BIGINT) <- [16]
2025-10-29T21:13:48.649-03:00 DEBUG 13888 --- [Proyecto-Venta] [http-nio-8081-exec-1] org.hibernate.SQL                        : select d1_0.venta_id,d1_0.id,d1_0.activo,d1_0.cantidad,d1_0.precio_unitario,d1_0.producto_id,d1_0.subtotal_linea,d1_0.tasa_iva,d1_0.total_linea from venta_detalle d1_0 where d1_0.venta_id=? and (d1_0.activo = true)
2025-10-29T21:13:48.649-03:00 TRACE 13888 --- [Proyecto-Venta] [http-nio-8081-exec-1] org.hibernate.orm.jdbc.bind              : binding parameter (1:BIGINT) <- [17]
2025-10-29T21:13:48.835-03:00 DEBUG 13888 --- [Proyecto-Venta] [http-nio-8081-exec-1] org.hibernate.SQL                        : select d1_0.venta_id,d1_0.id,d1_0.activo,d1_0.cantidad,d1_0.precio_unitario,d1_0.producto_id,d1_0.subtotal_linea,d1_0.tasa_iva,d1_0.total_linea from venta_detalle d1_0 where d1_0.venta_id=? and (d1_0.activo = true)
2025-10-29T21:13:48.835-03:00 TRACE 13888 --- [Proyecto-Venta] [http-nio-8081-exec-1] org.hibernate.orm.jdbc.bind              : binding parameter (1:BIGINT) <- [18]
2025-10-29T21:13:49.031-03:00 DEBUG 13888 --- [Proyecto-Venta] [http-nio-8081-exec-1] org.hibernate.SQL                        : select d1_0.venta_id,d1_0.id,d1_0.activo,d1_0.cantidad,d1_0.precio_unitario,d1_0.producto_id,d1_0.subtotal_linea,d1_0.tasa_iva,d1_0.total_linea from venta_detalle d1_0 where d1_0.venta_id=? and (d1_0.activo = true)
2025-10-29T21:13:49.031-03:00 TRACE 13888 --- [Proyecto-Venta] [http-nio-8081-exec-1] org.hibernate.orm.jdbc.bind              : binding parameter (1:BIGINT) <- [19]
2025-10-29T21:13:49.419-03:00  WARN 13888 --- [Proyecto-Venta] [http-nio-8081-exec-1] ration$PageModule$WarningLoggingModifier : Serializing PageImpl instances as-is is not supported, meaning that there is no guarantee about the stability of the resulting JSON structure!
	For a stable JSON structure, please use Spring Data's PagedModel (globally via @EnableSpringDataWebSupport(pageSerializationMode = VIA_DTO))
	or Spring HATEOAS and Spring Data's PagedResourcesAssembler as documented in https://docs.spring.io/spring-data/commons/reference/repositories/core-extensions.html#core.web.pageables.

2025-10-29T21:14:26.697-03:00  INFO 13888 --- [Proyecto-Venta] [SpringApplicationShutdownHook] o.s.c.n.e.s.EurekaServiceRegistry        : Unregistering application PROYECTO-VENTA with eureka with status DOWN
2025-10-29T21:14:26.697-03:00  INFO 13888 --- [Proyecto-Venta] [SpringApplicationShutdownHook] com.netflix.discovery.DiscoveryClient    : Saw local status change event StatusChangeEvent [timestamp=1761783266697, current=DOWN, previous=UP]
2025-10-29T21:14:26.697-03:00  INFO 13888 --- [Proyecto-Venta] [DiscoveryClient-InstanceInfoReplicator-%d] com.netflix.discovery.DiscoveryClient    : DiscoveryClient_PROYECTO-VENTA/localhost:Proyecto-Venta:8081: registering service...
2025-10-29T21:14:26.701-03:00  INFO 13888 --- [Proyecto-Venta] [SpringApplicationShutdownHook] o.s.b.w.e.tomcat.GracefulShutdown        : Commencing graceful shutdown. Waiting for active requests to complete
2025-10-29T21:14:26.705-03:00  INFO 13888 --- [Proyecto-Venta] [DiscoveryClient-InstanceInfoReplicator-%d] com.netflix.discovery.DiscoveryClient    : DiscoveryClient_PROYECTO-VENTA/localhost:Proyecto-Venta:8081 - registration status: 204
2025-10-29T21:14:26.707-03:00  INFO 13888 --- [Proyecto-Venta] [tomcat-shutdown] o.s.b.w.e.tomcat.GracefulShutdown        : Graceful shutdown complete
2025-10-29T21:14:26.712-03:00  INFO 13888 --- [Proyecto-Venta] [SpringApplicationShutdownHook] j.LocalContainerEntityManagerFactoryBean : Closing JPA EntityManagerFactory for persistence unit 'default'
2025-10-29T21:14:26.714-03:00  INFO 13888 --- [Proyecto-Venta] [SpringApplicationShutdownHook] com.zaxxer.hikari.HikariDataSource       : HikariPool-1 - Shutdown initiated...
2025-10-29T21:14:28.609-03:00  INFO 13888 --- [Proyecto-Venta] [SpringApplicationShutdownHook] com.zaxxer.hikari.HikariDataSource       : HikariPool-1 - Shutdown completed.
2025-10-29T21:14:28.609-03:00  INFO 13888 --- [Proyecto-Venta] [SpringApplicationShutdownHook] com.netflix.discovery.DiscoveryClient    : Shutting down DiscoveryClient ...
2025-10-29T21:14:31.610-03:00  INFO 13888 --- [Proyecto-Venta] [SpringApplicationShutdownHook] com.netflix.discovery.DiscoveryClient    : Unregistering ...
2025-10-29T21:14:31.637-03:00  INFO 13888 --- [Proyecto-Venta] [SpringApplicationShutdownHook] c.n.d.s.t.d.RedirectingEurekaHttpClient  : Request execution error. endpoint=DefaultEndpoint{ serviceUrl='http://localhost:8761/eureka/} exception=I/O error on DELETE request for "http://localhost:8761/eureka/apps/PROYECTO-VENTA/localhost:Proyecto-Venta:8081": Connect to http://localhost:8761 failed: Connection refused: getsockopt stacktrace=org.springframework.web.client.ResourceAccessException: I/O error on DELETE request for "http://localhost:8761/eureka/apps/PROYECTO-VENTA/localhost:Proyecto-Venta:8081": Connect to http://localhost:8761 failed: Connection refused: getsockopt
	at org.springframework.web.client.RestTemplate.createResourceAccessException(RestTemplate.java:926)
	at org.springframework.web.client.RestTemplate.doExecute(RestTemplate.java:906)
	at org.springframework.web.client.RestTemplate.execute(RestTemplate.java:841)
	at org.springframework.web.client.RestTemplate.exchange(RestTemplate.java:702)
	at org.springframework.cloud.netflix.eureka.http.RestTemplateEurekaHttpClient.cancel(RestTemplateEurekaHttpClient.java:100)
	at com.netflix.discovery.shared.transport.decorator.EurekaHttpClientDecorator$2.execute(EurekaHttpClientDecorator.java:74)
	at com.netflix.discovery.shared.transport.decorator.RedirectingEurekaHttpClient.execute(RedirectingEurekaHttpClient.java:91)
	at com.netflix.discovery.shared.transport.decorator.EurekaHttpClientDecorator.cancel(EurekaHttpClientDecorator.java:71)
	at com.netflix.discovery.shared.transport.decorator.EurekaHttpClientDecorator$2.execute(EurekaHttpClientDecorator.java:74)
	at com.netflix.discovery.shared.transport.decorator.RetryableEurekaHttpClient.execute(RetryableEurekaHttpClient.java:120)
	at com.netflix.discovery.shared.transport.decorator.EurekaHttpClientDecorator.cancel(EurekaHttpClientDecorator.java:71)
	at com.netflix.discovery.shared.transport.decorator.EurekaHttpClientDecorator$2.execute(EurekaHttpClientDecorator.java:74)
	at com.netflix.discovery.shared.transport.decorator.SessionedEurekaHttpClient.execute(SessionedEurekaHttpClient.java:76)
	at com.netflix.discovery.shared.transport.decorator.EurekaHttpClientDecorator.cancel(EurekaHttpClientDecorator.java:71)
	at com.netflix.discovery.DiscoveryClient.unregister(DiscoveryClient.java:919)
	at com.netflix.discovery.DiscoveryClient.shutdown(DiscoveryClient.java:900)
	at java.base/jdk.internal.reflect.DirectMethodHandleAccessor.invoke(DirectMethodHandleAccessor.java:104)
	at java.base/java.lang.reflect.Method.invoke(Method.java:565)
	at org.springframework.beans.factory.annotation.InitDestroyAnnotationBeanPostProcessor$LifecycleMethod.invoke(InitDestroyAnnotationBeanPostProcessor.java:457)
	at org.springframework.beans.factory.annotation.InitDestroyAnnotationBeanPostProcessor$LifecycleMetadata.invokeDestroyMethods(InitDestroyAnnotationBeanPostProcessor.java:415)
	at org.springframework.beans.factory.annotation.InitDestroyAnnotationBeanPostProcessor.postProcessBeforeDestruction(InitDestroyAnnotationBeanPostProcessor.java:239)
	at org.springframework.beans.factory.support.DisposableBeanAdapter.destroy(DisposableBeanAdapter.java:202)
	at org.springframework.beans.factory.support.DisposableBeanAdapter.run(DisposableBeanAdapter.java:195)
	at org.springframework.cloud.context.scope.GenericScope$BeanLifecycleWrapper.destroy(GenericScope.java:387)
	at org.springframework.cloud.context.scope.GenericScope.destroy(GenericScope.java:134)
	at org.springframework.beans.factory.support.DisposableBeanAdapter.destroy(DisposableBeanAdapter.java:211)
	at org.springframework.beans.factory.support.DefaultSingletonBeanRegistry.destroyBean(DefaultSingletonBeanRegistry.java:798)
	at org.springframework.beans.factory.support.DefaultSingletonBeanRegistry.destroySingleton(DefaultSingletonBeanRegistry.java:748)
	at org.springframework.beans.factory.support.DefaultListableBeanFactory.destroySingleton(DefaultListableBeanFactory.java:1481)
	at org.springframework.beans.factory.support.DefaultSingletonBeanRegistry.destroySingletons(DefaultSingletonBeanRegistry.java:707)
	at org.springframework.beans.factory.support.DefaultListableBeanFactory.destroySingletons(DefaultListableBeanFactory.java:1474)
	at org.springframework.context.support.AbstractApplicationContext.destroyBeans(AbstractApplicationContext.java:1219)
	at org.springframework.context.support.AbstractApplicationContext.doClose(AbstractApplicationContext.java:1180)
	at org.springframework.boot.web.servlet.context.ServletWebServerApplicationContext.doClose(ServletWebServerApplicationContext.java:179)
	at org.springframework.context.support.AbstractApplicationContext.close(AbstractApplicationContext.java:1126)
	at org.springframework.boot.SpringApplicationShutdownHook.closeAndWait(SpringApplicationShutdownHook.java:147)
	at java.base/java.lang.Iterable.forEach(Iterable.java:75)
	at org.springframework.boot.SpringApplicationShutdownHook.run(SpringApplicationShutdownHook.java:116)
	at java.base/java.lang.Thread.run(Thread.java:1447)
Caused by: org.apache.hc.client5.http.HttpHostConnectException: Connect to http://localhost:8761 failed: Connection refused: getsockopt
	at java.base/sun.nio.ch.Net.pollConnect(Native Method)
	at java.base/sun.nio.ch.Net.pollConnectNow(Net.java:628)
	at java.base/sun.nio.ch.NioSocketImpl.timedFinishConnect(NioSocketImpl.java:533)
	at java.base/sun.nio.ch.NioSocketImpl.connect(NioSocketImpl.java:583)
	at java.base/java.net.SocksSocketImpl.connect(SocksSocketImpl.java:282)
	at java.base/java.net.Socket.connect(Socket.java:665)
	at org.apache.hc.client5.http.impl.io.DefaultHttpClientConnectionOperator.connect(DefaultHttpClientConnectionOperator.java:205)
	at org.apache.hc.client5.http.impl.io.PoolingHttpClientConnectionManager.connect(PoolingHttpClientConnectionManager.java:490)
	at org.apache.hc.client5.http.impl.classic.InternalExecRuntime.connectEndpoint(InternalExecRuntime.java:164)
	at org.apache.hc.client5.http.impl.classic.InternalExecRuntime.connectEndpoint(InternalExecRuntime.java:174)
	at org.apache.hc.client5.http.impl.classic.ConnectExec.execute(ConnectExec.java:144)
	at org.apache.hc.client5.http.impl.classic.ExecChainElement.execute(ExecChainElement.java:51)
	at org.apache.hc.client5.http.impl.classic.ProtocolExec.execute(ProtocolExec.java:195)
	at org.apache.hc.client5.http.impl.classic.ExecChainElement.execute(ExecChainElement.java:51)
	at org.apache.hc.client5.http.impl.classic.ContentCompressionExec.execute(ContentCompressionExec.java:150)
	at org.apache.hc.client5.http.impl.classic.ExecChainElement.execute(ExecChainElement.java:51)
	at org.apache.hc.client5.http.impl.classic.HttpRequestRetryExec.execute(HttpRequestRetryExec.java:113)
	at org.apache.hc.client5.http.impl.classic.ExecChainElement.execute(ExecChainElement.java:51)
	at org.apache.hc.client5.http.impl.classic.RedirectExec.execute(RedirectExec.java:110)
	at org.apache.hc.client5.http.impl.classic.ExecChainElement.execute(ExecChainElement.java:51)
	at org.apache.hc.client5.http.impl.classic.InternalHttpClient.doExecute(InternalHttpClient.java:185)
	at org.apache.hc.client5.http.impl.classic.CloseableHttpClient.execute(CloseableHttpClient.java:87)
	at org.apache.hc.client5.http.impl.classic.CloseableHttpClient.execute(CloseableHttpClient.java:55)
	at org.apache.hc.client5.http.classic.HttpClient.executeOpen(HttpClient.java:183)
	at org.springframework.http.client.HttpComponentsClientHttpRequest.executeInternal(HttpComponentsClientHttpRequest.java:99)
	at org.springframework.http.client.AbstractStreamingClientHttpRequest.executeInternal(AbstractStreamingClientHttpRequest.java:71)
	at org.springframework.http.client.AbstractClientHttpRequest.execute(AbstractClientHttpRequest.java:81)
	at org.springframework.http.client.InterceptingClientHttpRequest$InterceptingRequestExecution.execute(InterceptingClientHttpRequest.java:117)
	at org.springframework.cloud.netflix.eureka.http.RestTemplateTransportClientFactory.lambda$restTemplate$2(RestTemplateTransportClientFactory.java:145)
	at org.springframework.http.client.InterceptingClientHttpRequest$InterceptingRequestExecution.execute(InterceptingClientHttpRequest.java:88)
	at org.springframework.http.client.InterceptingClientHttpRequest.executeInternal(InterceptingClientHttpRequest.java:72)
	at org.springframework.http.client.AbstractBufferingClientHttpRequest.executeInternal(AbstractBufferingClientHttpRequest.java:48)
	at org.springframework.http.client.AbstractClientHttpRequest.execute(AbstractClientHttpRequest.java:81)
	at org.springframework.web.client.RestTemplate.doExecute(RestTemplate.java:900)
	... 37 more

2025-10-29T21:14:31.637-03:00  WARN 13888 --- [Proyecto-Venta] [SpringApplicationShutdownHook] c.n.d.s.t.d.RetryableEurekaHttpClient    : Request execution failed with message: I/O error on DELETE request for "http://localhost:8761/eureka/apps/PROYECTO-VENTA/localhost:Proyecto-Venta:8081": Connect to http://localhost:8761 failed: Connection refused: getsockopt
2025-10-29T21:14:31.661-03:00  INFO 13888 --- [Proyecto-Venta] [SpringApplicationShutdownHook] c.n.d.s.t.d.RedirectingEurekaHttpClient  : Request execution error. endpoint=DefaultEndpoint{ serviceUrl='http://localhost:8761/eureka/}, exception=I/O error on DELETE request for "http://localhost:8761/eureka/apps/PROYECTO-VENTA/localhost:Proyecto-Venta:8081": Connect to http://localhost:8761 failed: Connection refused: getsockopt stacktrace=org.springframework.web.client.ResourceAccessException: I/O error on DELETE request for "http://localhost:8761/eureka/apps/PROYECTO-VENTA/localhost:Proyecto-Venta:8081": Connect to http://localhost:8761 failed: Connection refused: getsockopt
	at org.springframework.web.client.RestTemplate.createResourceAccessException(RestTemplate.java:926)
	at org.springframework.web.client.RestTemplate.doExecute(RestTemplate.java:906)
	at org.springframework.web.client.RestTemplate.execute(RestTemplate.java:841)
	at org.springframework.web.client.RestTemplate.exchange(RestTemplate.java:702)
	at org.springframework.cloud.netflix.eureka.http.RestTemplateEurekaHttpClient.cancel(RestTemplateEurekaHttpClient.java:100)
	at com.netflix.discovery.shared.transport.decorator.EurekaHttpClientDecorator$2.execute(EurekaHttpClientDecorator.java:74)
	at com.netflix.discovery.shared.transport.decorator.RedirectingEurekaHttpClient.executeOnNewServer(RedirectingEurekaHttpClient.java:121)
	at com.netflix.discovery.shared.transport.decorator.RedirectingEurekaHttpClient.execute(RedirectingEurekaHttpClient.java:80)
	at com.netflix.discovery.shared.transport.decorator.EurekaHttpClientDecorator.cancel(EurekaHttpClientDecorator.java:71)
	at com.netflix.discovery.shared.transport.decorator.EurekaHttpClientDecorator$2.execute(EurekaHttpClientDecorator.java:74)
	at com.netflix.discovery.shared.transport.decorator.RetryableEurekaHttpClient.execute(RetryableEurekaHttpClient.java:120)
	at com.netflix.discovery.shared.transport.decorator.EurekaHttpClientDecorator.cancel(EurekaHttpClientDecorator.java:71)
	at com.netflix.discovery.shared.transport.decorator.EurekaHttpClientDecorator$2.execute(EurekaHttpClientDecorator.java:74)
	at com.netflix.discovery.shared.transport.decorator.SessionedEurekaHttpClient.execute(SessionedEurekaHttpClient.java:76)
	at com.netflix.discovery.shared.transport.decorator.EurekaHttpClientDecorator.cancel(EurekaHttpClientDecorator.java:71)
	at com.netflix.discovery.DiscoveryClient.unregister(DiscoveryClient.java:919)
	at com.netflix.discovery.DiscoveryClient.shutdown(DiscoveryClient.java:900)
	at java.base/jdk.internal.reflect.DirectMethodHandleAccessor.invoke(DirectMethodHandleAccessor.java:104)
	at java.base/java.lang.reflect.Method.invoke(Method.java:565)
	at org.springframework.beans.factory.annotation.InitDestroyAnnotationBeanPostProcessor$LifecycleMethod.invoke(InitDestroyAnnotationBeanPostProcessor.java:457)
	at org.springframework.beans.factory.annotation.InitDestroyAnnotationBeanPostProcessor$LifecycleMetadata.invokeDestroyMethods(InitDestroyAnnotationBeanPostProcessor.java:415)
	at org.springframework.beans.factory.annotation.InitDestroyAnnotationBeanPostProcessor.postProcessBeforeDestruction(InitDestroyAnnotationBeanPostProcessor.java:239)
	at org.springframework.beans.factory.support.DisposableBeanAdapter.destroy(DisposableBeanAdapter.java:202)
	at org.springframework.beans.factory.support.DisposableBeanAdapter.run(DisposableBeanAdapter.java:195)
	at org.springframework.cloud.context.scope.GenericScope$BeanLifecycleWrapper.destroy(GenericScope.java:387)
	at org.springframework.cloud.context.scope.GenericScope.destroy(GenericScope.java:134)
	at org.springframework.beans.factory.support.DisposableBeanAdapter.destroy(DisposableBeanAdapter.java:211)
	at org.springframework.beans.factory.support.DefaultSingletonBeanRegistry.destroyBean(DefaultSingletonBeanRegistry.java:798)
	at org.springframework.beans.factory.support.DefaultSingletonBeanRegistry.destroySingleton(DefaultSingletonBeanRegistry.java:748)
	at org.springframework.beans.factory.support.DefaultListableBeanFactory.destroySingleton(DefaultListableBeanFactory.java:1481)
	at org.springframework.beans.factory.support.DefaultSingletonBeanRegistry.destroySingletons(DefaultSingletonBeanRegistry.java:707)
	at org.springframework.beans.factory.support.DefaultListableBeanFactory.destroySingletons(DefaultListableBeanFactory.java:1474)
	at org.springframework.context.support.AbstractApplicationContext.destroyBeans(AbstractApplicationContext.java:1219)
	at org.springframework.context.support.AbstractApplicationContext.doClose(AbstractApplicationContext.java:1180)
	at org.springframework.boot.web.servlet.context.ServletWebServerApplicationContext.doClose(ServletWebServerApplicationContext.java:179)
	at org.springframework.context.support.AbstractApplicationContext.close(AbstractApplicationContext.java:1126)
	at org.springframework.boot.SpringApplicationShutdownHook.closeAndWait(SpringApplicationShutdownHook.java:147)
	at java.base/java.lang.Iterable.forEach(Iterable.java:75)
	at org.springframework.boot.SpringApplicationShutdownHook.run(SpringApplicationShutdownHook.java:116)
	at java.base/java.lang.Thread.run(Thread.java:1447)
Caused by: org.apache.hc.client5.http.HttpHostConnectException: Connect to http://localhost:8761 failed: Connection refused: getsockopt
	at java.base/sun.nio.ch.Net.pollConnect(Native Method)
	at java.base/sun.nio.ch.Net.pollConnectNow(Net.java:628)
	at java.base/sun.nio.ch.NioSocketImpl.timedFinishConnect(NioSocketImpl.java:533)
	at java.base/sun.nio.ch.NioSocketImpl.connect(NioSocketImpl.java:583)
	at java.base/java.net.SocksSocketImpl.connect(SocksSocketImpl.java:282)
	at java.base/java.net.Socket.connect(Socket.java:665)
	at org.apache.hc.client5.http.impl.io.DefaultHttpClientConnectionOperator.connect(DefaultHttpClientConnectionOperator.java:205)
	at org.apache.hc.client5.http.impl.io.PoolingHttpClientConnectionManager.connect(PoolingHttpClientConnectionManager.java:490)
	at org.apache.hc.client5.http.impl.classic.InternalExecRuntime.connectEndpoint(InternalExecRuntime.java:164)
	at org.apache.hc.client5.http.impl.classic.InternalExecRuntime.connectEndpoint(InternalExecRuntime.java:174)
	at org.apache.hc.client5.http.impl.classic.ConnectExec.execute(ConnectExec.java:144)
	at org.apache.hc.client5.http.impl.classic.ExecChainElement.execute(ExecChainElement.java:51)
	at org.apache.hc.client5.http.impl.classic.ProtocolExec.execute(ProtocolExec.java:195)
	at org.apache.hc.client5.http.impl.classic.ExecChainElement.execute(ExecChainElement.java:51)
	at org.apache.hc.client5.http.impl.classic.ContentCompressionExec.execute(ContentCompressionExec.java:150)
	at org.apache.hc.client5.http.impl.classic.ExecChainElement.execute(ExecChainElement.java:51)
	at org.apache.hc.client5.http.impl.classic.HttpRequestRetryExec.execute(HttpRequestRetryExec.java:113)
	at org.apache.hc.client5.http.impl.classic.ExecChainElement.execute(ExecChainElement.java:51)
	at org.apache.hc.client5.http.impl.classic.RedirectExec.execute(RedirectExec.java:110)
	at org.apache.hc.client5.http.impl.classic.ExecChainElement.execute(ExecChainElement.java:51)
	at org.apache.hc.client5.http.impl.classic.InternalHttpClient.doExecute(InternalHttpClient.java:185)
	at org.apache.hc.client5.http.impl.classic.CloseableHttpClient.execute(CloseableHttpClient.java:87)
	at org.apache.hc.client5.http.impl.classic.CloseableHttpClient.execute(CloseableHttpClient.java:55)
	at org.apache.hc.client5.http.classic.HttpClient.executeOpen(HttpClient.java:183)
	at org.springframework.http.client.HttpComponentsClientHttpRequest.executeInternal(HttpComponentsClientHttpRequest.java:99)
	at org.springframework.http.client.AbstractStreamingClientHttpRequest.executeInternal(AbstractStreamingClientHttpRequest.java:71)
	at org.springframework.http.client.AbstractClientHttpRequest.execute(AbstractClientHttpRequest.java:81)
	at org.springframework.http.client.InterceptingClientHttpRequest$InterceptingRequestExecution.execute(InterceptingClientHttpRequest.java:117)
	at org.springframework.cloud.netflix.eureka.http.RestTemplateTransportClientFactory.lambda$restTemplate$2(RestTemplateTransportClientFactory.java:145)
	at org.springframework.http.client.InterceptingClientHttpRequest$InterceptingRequestExecution.execute(InterceptingClientHttpRequest.java:88)
	at org.springframework.http.client.InterceptingClientHttpRequest.executeInternal(InterceptingClientHttpRequest.java:72)
	at org.springframework.http.client.AbstractBufferingClientHttpRequest.executeInternal(AbstractBufferingClientHttpRequest.java:48)
	at org.springframework.http.client.AbstractClientHttpRequest.execute(AbstractClientHttpRequest.java:81)
	at org.springframework.web.client.RestTemplate.doExecute(RestTemplate.java:900)
	... 38 more

2025-10-29T21:14:31.661-03:00  WARN 13888 --- [Proyecto-Venta] [SpringApplicationShutdownHook] c.n.d.s.t.d.RetryableEurekaHttpClient    : Request execution failed with message: I/O error on DELETE request for "http://localhost:8761/eureka/apps/PROYECTO-VENTA/localhost:Proyecto-Venta:8081": Connect to http://localhost:8761 failed: Connection refused: getsockopt
2025-10-29T21:14:31.661-03:00 ERROR 13888 --- [Proyecto-Venta] [SpringApplicationShutdownHook] com.netflix.discovery.DiscoveryClient    : DiscoveryClient_PROYECTO-VENTA/localhost:Proyecto-Venta:8081 - de-registration failedCannot execute request on any known server

com.netflix.discovery.shared.transport.TransportException: Cannot execute request on any known server
	at com.netflix.discovery.shared.transport.decorator.RetryableEurekaHttpClient.execute(RetryableEurekaHttpClient.java:112) ~[eureka-client-2.0.4.jar:2.0.4]
	at com.netflix.discovery.shared.transport.decorator.EurekaHttpClientDecorator.cancel(EurekaHttpClientDecorator.java:71) ~[eureka-client-2.0.4.jar:2.0.4]
	at com.netflix.discovery.shared.transport.decorator.EurekaHttpClientDecorator$2.execute(EurekaHttpClientDecorator.java:74) ~[eureka-client-2.0.4.jar:2.0.4]
	at com.netflix.discovery.shared.transport.decorator.SessionedEurekaHttpClient.execute(SessionedEurekaHttpClient.java:76) ~[eureka-client-2.0.4.jar:2.0.4]
	at com.netflix.discovery.shared.transport.decorator.EurekaHttpClientDecorator.cancel(EurekaHttpClientDecorator.java:71) ~[eureka-client-2.0.4.jar:2.0.4]
	at com.netflix.discovery.DiscoveryClient.unregister(DiscoveryClient.java:919) ~[eureka-client-2.0.4.jar:2.0.4]
	at com.netflix.discovery.DiscoveryClient.shutdown(DiscoveryClient.java:900) ~[eureka-client-2.0.4.jar:2.0.4]
	at java.base/jdk.internal.reflect.DirectMethodHandleAccessor.invoke(DirectMethodHandleAccessor.java:104) ~[na:na]
	at java.base/java.lang.reflect.Method.invoke(Method.java:565) ~[na:na]
	at org.springframework.beans.factory.annotation.InitDestroyAnnotationBeanPostProcessor$LifecycleMethod.invoke(InitDestroyAnnotationBeanPostProcessor.java:457) ~[spring-beans-6.2.10.jar:6.2.10]
	at org.springframework.beans.factory.annotation.InitDestroyAnnotationBeanPostProcessor$LifecycleMetadata.invokeDestroyMethods(InitDestroyAnnotationBeanPostProcessor.java:415) ~[spring-beans-6.2.10.jar:6.2.10]
	at org.springframework.beans.factory.annotation.InitDestroyAnnotationBeanPostProcessor.postProcessBeforeDestruction(InitDestroyAnnotationBeanPostProcessor.java:239) ~[spring-beans-6.2.10.jar:6.2.10]
	at org.springframework.beans.factory.support.DisposableBeanAdapter.destroy(DisposableBeanAdapter.java:202) ~[spring-beans-6.2.10.jar:6.2.10]
	at org.springframework.beans.factory.support.DisposableBeanAdapter.run(DisposableBeanAdapter.java:195) ~[spring-beans-6.2.10.jar:6.2.10]
	at org.springframework.cloud.context.scope.GenericScope$BeanLifecycleWrapper.destroy(GenericScope.java:387) ~[spring-cloud-context-4.3.0.jar:4.3.0]
	at org.springframework.cloud.context.scope.GenericScope.destroy(GenericScope.java:134) ~[spring-cloud-context-4.3.0.jar:4.3.0]
	at org.springframework.beans.factory.support.DisposableBeanAdapter.destroy(DisposableBeanAdapter.java:211) ~[spring-beans-6.2.10.jar:6.2.10]
	at org.springframework.beans.factory.support.DefaultSingletonBeanRegistry.destroyBean(DefaultSingletonBeanRegistry.java:798) ~[spring-beans-6.2.10.jar:6.2.10]
	at org.springframework.beans.factory.support.DefaultSingletonBeanRegistry.destroySingleton(DefaultSingletonBeanRegistry.java:748) ~[spring-beans-6.2.10.jar:6.2.10]
	at org.springframework.beans.factory.support.DefaultListableBeanFactory.destroySingleton(DefaultListableBeanFactory.java:1481) ~[spring-beans-6.2.10.jar:6.2.10]
	at org.springframework.beans.factory.support.DefaultSingletonBeanRegistry.destroySingletons(DefaultSingletonBeanRegistry.java:707) ~[spring-beans-6.2.10.jar:6.2.10]
	at org.springframework.beans.factory.support.DefaultListableBeanFactory.destroySingletons(DefaultListableBeanFactory.java:1474) ~[spring-beans-6.2.10.jar:6.2.10]
	at org.springframework.context.support.AbstractApplicationContext.destroyBeans(AbstractApplicationContext.java:1219) ~[spring-context-6.2.10.jar:6.2.10]
	at org.springframework.context.support.AbstractApplicationContext.doClose(AbstractApplicationContext.java:1180) ~[spring-context-6.2.10.jar:6.2.10]
	at org.springframework.boot.web.servlet.context.ServletWebServerApplicationContext.doClose(ServletWebServerApplicationContext.java:179) ~[spring-boot-3.5.5.jar:3.5.5]
	at org.springframework.context.support.AbstractApplicationContext.close(AbstractApplicationContext.java:1126) ~[spring-context-6.2.10.jar:6.2.10]
	at org.springframework.boot.SpringApplicationShutdownHook.closeAndWait(SpringApplicationShutdownHook.java:147) ~[spring-boot-3.5.5.jar:3.5.5]
	at java.base/java.lang.Iterable.forEach(Iterable.java:75) ~[na:na]
	at org.springframework.boot.SpringApplicationShutdownHook.run(SpringApplicationShutdownHook.java:116) ~[spring-boot-3.5.5.jar:3.5.5]
	at java.base/java.lang.Thread.run(Thread.java:1447) ~[na:na]

2025-10-29T21:14:31.664-03:00  INFO 13888 --- [Proyecto-Venta] [SpringApplicationShutdownHook] com.netflix.discovery.DiscoveryClient    : Completed shut down of DiscoveryClient
2025-10-29T21:15:58.633-03:00  INFO 9160 --- [Proyecto-Venta] [main] c.d.p.ProyectoVentaApplication           : Starting ProyectoVentaApplication using Java 24 with PID 9160 (C:\Users\Usuario\IdeaProjects\Distri\SistemaWebYDistribuido\Proyecto-Venta\target\classes started by Usuario in C:\Users\Usuario\IdeaProjects\Distri\SistemaWebYDistribuido)
2025-10-29T21:15:58.635-03:00  INFO 9160 --- [Proyecto-Venta] [main] c.d.p.ProyectoVentaApplication           : No active profile set, falling back to 1 default profile: "default"
2025-10-29T21:15:59.404-03:00  INFO 9160 --- [Proyecto-Venta] [main] .s.d.r.c.RepositoryConfigurationDelegate : Bootstrapping Spring Data JPA repositories in DEFAULT mode.
2025-10-29T21:15:59.562-03:00  INFO 9160 --- [Proyecto-Venta] [main] .s.d.r.c.RepositoryConfigurationDelegate : Finished Spring Data repository scanning in 150 ms. Found 8 JPA repository interfaces.
2025-10-29T21:15:59.713-03:00  INFO 9160 --- [Proyecto-Venta] [main] o.s.cloud.context.scope.GenericScope     : BeanFactory id=01235d07-0bc7-3f81-a0a7-e4e7bced9c96
2025-10-29T21:16:00.059-03:00  INFO 9160 --- [Proyecto-Venta] [main] o.s.b.w.embedded.tomcat.TomcatWebServer  : Tomcat initialized with port 8081 (http)
2025-10-29T21:16:00.077-03:00  INFO 9160 --- [Proyecto-Venta] [main] o.apache.catalina.core.StandardService   : Starting service [Tomcat]
2025-10-29T21:16:00.077-03:00  INFO 9160 --- [Proyecto-Venta] [main] o.apache.catalina.core.StandardEngine    : Starting Servlet engine: [Apache Tomcat/10.1.44]
2025-10-29T21:16:00.144-03:00  INFO 9160 --- [Proyecto-Venta] [main] o.a.c.c.C.[Tomcat].[localhost].[/]       : Initializing Spring embedded WebApplicationContext
2025-10-29T21:16:00.144-03:00  INFO 9160 --- [Proyecto-Venta] [main] w.s.c.ServletWebServerApplicationContext : Root WebApplicationContext: initialization completed in 1471 ms
2025-10-29T21:16:00.269-03:00  INFO 9160 --- [Proyecto-Venta] [main] com.zaxxer.hikari.HikariDataSource       : HikariPool-1 - Starting...
2025-10-29T21:16:02.330-03:00  INFO 9160 --- [Proyecto-Venta] [main] com.zaxxer.hikari.pool.HikariPool        : HikariPool-1 - Added connection org.postgresql.jdbc.PgConnection@79cdf2d4
2025-10-29T21:16:02.331-03:00  INFO 9160 --- [Proyecto-Venta] [main] com.zaxxer.hikari.HikariDataSource       : HikariPool-1 - Start completed.
2025-10-29T21:16:03.581-03:00  INFO 9160 --- [Proyecto-Venta] [main] liquibase.database                       : Set default schema name to public
2025-10-29T21:16:04.660-03:00  INFO 9160 --- [Proyecto-Venta] [main] liquibase.changelog                      : Reading from public.databasechangelog
2025-10-29T21:16:06.662-03:00  INFO 9160 --- [Proyecto-Venta] [main] liquibase.ui                             : Database is up to date, no changesets to execute
2025-10-29T21:16:06.845-03:00  INFO 9160 --- [Proyecto-Venta] [main] liquibase.changelog                      : Reading from public.databasechangelog
2025-10-29T21:16:07.047-03:00  INFO 9160 --- [Proyecto-Venta] [main] liquibase.util                           : UPDATE SUMMARY
2025-10-29T21:16:07.048-03:00  INFO 9160 --- [Proyecto-Venta] [main] liquibase.util                           : Run:                          0
2025-10-29T21:16:07.048-03:00  INFO 9160 --- [Proyecto-Venta] [main] liquibase.util                           : Previously run:              21
2025-10-29T21:16:07.048-03:00  INFO 9160 --- [Proyecto-Venta] [main] liquibase.util                           : Filtered out:                 0
2025-10-29T21:16:07.048-03:00  INFO 9160 --- [Proyecto-Venta] [main] liquibase.util                           : -------------------------------
2025-10-29T21:16:07.048-03:00  INFO 9160 --- [Proyecto-Venta] [main] liquibase.util                           : Total change sets:           21
2025-10-29T21:16:07.049-03:00  INFO 9160 --- [Proyecto-Venta] [main] liquibase.util                           : Update summary generated
2025-10-29T21:16:07.050-03:00  INFO 9160 --- [Proyecto-Venta] [main] liquibase.command                        : Command execution complete
2025-10-29T21:16:08.726-03:00  INFO 9160 --- [Proyecto-Venta] [main] o.hibernate.jpa.internal.util.LogHelper  : HHH000204: Processing PersistenceUnitInfo [name: default]
2025-10-29T21:16:08.774-03:00  INFO 9160 --- [Proyecto-Venta] [main] org.hibernate.Version                    : HHH000412: Hibernate ORM core version 6.6.26.Final
2025-10-29T21:16:08.804-03:00  INFO 9160 --- [Proyecto-Venta] [main] o.h.c.internal.RegionFactoryInitiator    : HHH000026: Second-level cache disabled
2025-10-29T21:16:09.068-03:00  INFO 9160 --- [Proyecto-Venta] [main] o.s.o.j.p.SpringPersistenceUnitInfo      : No LoadTimeWeaver setup: ignoring JPA class transformer
2025-10-29T21:16:09.717-03:00  INFO 9160 --- [Proyecto-Venta] [main] org.hibernate.orm.connections.pooling    : HHH10001005: Database info:
	Database JDBC URL [Connecting through datasource 'HikariDataSource (HikariPool-1)']
	Database driver: undefined/unknown
	Database version: 17.6
	Autocommit mode: undefined/unknown
	Isolation level: undefined/unknown
	Minimum pool size: undefined/unknown
	Maximum pool size: undefined/unknown
2025-10-29T21:16:10.739-03:00  INFO 9160 --- [Proyecto-Venta] [main] o.h.e.t.j.p.i.JtaPlatformInitiator       : HHH000489: No JTA platform available (set 'hibernate.transaction.jta.platform' to enable JTA platform integration)
2025-10-29T21:16:10.744-03:00  INFO 9160 --- [Proyecto-Venta] [main] j.LocalContainerEntityManagerFactoryBean : Initialized JPA EntityManagerFactory for persistence unit 'default'
2025-10-29T21:16:11.157-03:00  INFO 9160 --- [Proyecto-Venta] [main] o.s.d.j.r.query.QueryEnhancerFactory     : Hibernate is in classpath; If applicable, HQL parser will be used.
2025-10-29T21:16:12.076-03:00  WARN 9160 --- [Proyecto-Venta] [main] JpaBaseConfiguration$JpaWebConfiguration : spring.jpa.open-in-view is enabled by default. Therefore, database queries may be performed during view rendering. Explicitly configure spring.jpa.open-in-view to disable this warning
2025-10-29T21:16:13.746-03:00  INFO 9160 --- [Proyecto-Venta] [main] o.s.cloud.commons.util.InetUtils         : Cannot determine local hostname
2025-10-29T21:16:14.811-03:00  INFO 9160 --- [Proyecto-Venta] [main] o.s.cloud.commons.util.InetUtils         : Cannot determine local hostname
2025-10-29T21:16:14.839-03:00  INFO 9160 --- [Proyecto-Venta] [main] DiscoveryClientOptionalArgsConfiguration : Eureka HTTP Client uses RestTemplate.
2025-10-29T21:16:14.884-03:00  WARN 9160 --- [Proyecto-Venta] [main] iguration$LoadBalancerCaffeineWarnLogger : Spring Cloud LoadBalancer is currently working with the default cache. While this cache implementation is useful for development and tests, it's recommended to use Caffeine cache in production.You can switch to using Caffeine cache, by adding it and org.springframework.cache.caffeine.CaffeineCacheManager to the classpath.
2025-10-29T21:16:14.950-03:00  INFO 9160 --- [Proyecto-Venta] [main] o.s.c.n.eureka.InstanceInfoFactory       : Setting initial instance status as: STARTING
2025-10-29T21:16:14.977-03:00  INFO 9160 --- [Proyecto-Venta] [main] com.netflix.discovery.DiscoveryClient    : Initializing Eureka in region us-east-1
2025-10-29T21:16:14.980-03:00  INFO 9160 --- [Proyecto-Venta] [main] c.n.d.s.r.aws.ConfigClusterResolver      : Resolving eureka endpoints via configuration
2025-10-29T21:16:14.990-03:00  INFO 9160 --- [Proyecto-Venta] [main] com.netflix.discovery.DiscoveryClient    : Disable delta property : false
2025-10-29T21:16:14.990-03:00  INFO 9160 --- [Proyecto-Venta] [main] com.netflix.discovery.DiscoveryClient    : Single vip registry refresh property : null
2025-10-29T21:16:14.990-03:00  INFO 9160 --- [Proyecto-Venta] [main] com.netflix.discovery.DiscoveryClient    : Force full registry fetch : false
2025-10-29T21:16:14.990-03:00  INFO 9160 --- [Proyecto-Venta] [main] com.netflix.discovery.DiscoveryClient    : Application is null : false
2025-10-29T21:16:14.990-03:00  INFO 9160 --- [Proyecto-Venta] [main] com.netflix.discovery.DiscoveryClient    : Registered Applications size is zero : true
2025-10-29T21:16:14.990-03:00  INFO 9160 --- [Proyecto-Venta] [main] com.netflix.discovery.DiscoveryClient    : Application version is -1: true
2025-10-29T21:16:14.990-03:00  INFO 9160 --- [Proyecto-Venta] [main] com.netflix.discovery.DiscoveryClient    : Getting all instance registry info from the eureka server
2025-10-29T21:16:15.331-03:00  INFO 9160 --- [Proyecto-Venta] [main] com.netflix.discovery.DiscoveryClient    : The response status is 200
2025-10-29T21:16:15.333-03:00  INFO 9160 --- [Proyecto-Venta] [main] com.netflix.discovery.DiscoveryClient    : Starting heartbeat executor: renew interval is: 30
2025-10-29T21:16:15.334-03:00  INFO 9160 --- [Proyecto-Venta] [main] c.n.discovery.InstanceInfoReplicator     : InstanceInfoReplicator onDemand update allowed rate per min is 4
2025-10-29T21:16:15.336-03:00  INFO 9160 --- [Proyecto-Venta] [main] com.netflix.discovery.DiscoveryClient    : Discovery Client initialized at timestamp 1761783375336 with initial instances count: 1
2025-10-29T21:16:15.340-03:00  INFO 9160 --- [Proyecto-Venta] [main] o.s.c.n.e.s.EurekaServiceRegistry        : Registering application PROYECTO-VENTA with eureka with status UP
2025-10-29T21:16:15.341-03:00  INFO 9160 --- [Proyecto-Venta] [main] com.netflix.discovery.DiscoveryClient    : Saw local status change event StatusChangeEvent [timestamp=1761783375340, current=UP, previous=STARTING]
2025-10-29T21:16:15.342-03:00  INFO 9160 --- [Proyecto-Venta] [DiscoveryClient-InstanceInfoReplicator-%d] com.netflix.discovery.DiscoveryClient    : DiscoveryClient_PROYECTO-VENTA/localhost:Proyecto-Venta:8081: registering service...
2025-10-29T21:16:15.358-03:00  INFO 9160 --- [Proyecto-Venta] [main] o.s.b.w.embedded.tomcat.TomcatWebServer  : Tomcat started on port 8081 (http) with context path '/'
2025-10-29T21:16:15.358-03:00  INFO 9160 --- [Proyecto-Venta] [main] .s.c.n.e.s.EurekaAutoServiceRegistration : Updating port to 8081
2025-10-29T21:16:15.379-03:00  INFO 9160 --- [Proyecto-Venta] [DiscoveryClient-InstanceInfoReplicator-%d] com.netflix.discovery.DiscoveryClient    : DiscoveryClient_PROYECTO-VENTA/localhost:Proyecto-Venta:8081 - registration status: 204
2025-10-29T21:16:16.362-03:00  INFO 9160 --- [Proyecto-Venta] [main] o.s.cloud.commons.util.InetUtils         : Cannot determine local hostname
2025-10-29T21:16:16.370-03:00  INFO 9160 --- [Proyecto-Venta] [main] c.d.p.ProyectoVentaApplication           : Started ProyectoVentaApplication in 19.171 seconds (process running for 19.858)
2025-10-29T21:16:58.009-03:00  INFO 9160 --- [Proyecto-Venta] [SpringApplicationShutdownHook] o.s.c.n.e.s.EurekaServiceRegistry        : Unregistering application PROYECTO-VENTA with eureka with status DOWN
2025-10-29T21:16:58.009-03:00  INFO 9160 --- [Proyecto-Venta] [SpringApplicationShutdownHook] com.netflix.discovery.DiscoveryClient    : Saw local status change event StatusChangeEvent [timestamp=1761783418009, current=DOWN, previous=UP]
2025-10-29T21:16:58.010-03:00  INFO 9160 --- [Proyecto-Venta] [DiscoveryClient-InstanceInfoReplicator-%d] com.netflix.discovery.DiscoveryClient    : DiscoveryClient_PROYECTO-VENTA/localhost:Proyecto-Venta:8081: registering service...
2025-10-29T21:16:58.012-03:00  INFO 9160 --- [Proyecto-Venta] [SpringApplicationShutdownHook] o.s.b.w.e.tomcat.GracefulShutdown        : Commencing graceful shutdown. Waiting for active requests to complete
2025-10-29T21:16:58.016-03:00  INFO 9160 --- [Proyecto-Venta] [DiscoveryClient-InstanceInfoReplicator-%d] c.n.d.s.t.d.RedirectingEurekaHttpClient  : Request execution error. endpoint=DefaultEndpoint{ serviceUrl='http://localhost:8761/eureka/} exception=I/O error on POST request for "http://localhost:8761/eureka/apps/PROYECTO-VENTA": localhost:8761 failed to respond stacktrace=org.springframework.web.client.ResourceAccessException: I/O error on POST request for "http://localhost:8761/eureka/apps/PROYECTO-VENTA": localhost:8761 failed to respond
	at org.springframework.web.client.RestTemplate.createResourceAccessException(RestTemplate.java:926)
	at org.springframework.web.client.RestTemplate.doExecute(RestTemplate.java:906)
	at org.springframework.web.client.RestTemplate.execute(RestTemplate.java:841)
	at org.springframework.web.client.RestTemplate.exchange(RestTemplate.java:702)
	at org.springframework.cloud.netflix.eureka.http.RestTemplateEurekaHttpClient.register(RestTemplateEurekaHttpClient.java:87)
	at com.netflix.discovery.shared.transport.decorator.EurekaHttpClientDecorator$1.execute(EurekaHttpClientDecorator.java:59)
	at com.netflix.discovery.shared.transport.decorator.RedirectingEurekaHttpClient.execute(RedirectingEurekaHttpClient.java:91)
	at com.netflix.discovery.shared.transport.decorator.EurekaHttpClientDecorator.register(EurekaHttpClientDecorator.java:56)
	at com.netflix.discovery.shared.transport.decorator.EurekaHttpClientDecorator$1.execute(EurekaHttpClientDecorator.java:59)
	at com.netflix.discovery.shared.transport.decorator.RetryableEurekaHttpClient.execute(RetryableEurekaHttpClient.java:120)
	at com.netflix.discovery.shared.transport.decorator.EurekaHttpClientDecorator.register(EurekaHttpClientDecorator.java:56)
	at com.netflix.discovery.shared.transport.decorator.EurekaHttpClientDecorator$1.execute(EurekaHttpClientDecorator.java:59)
	at com.netflix.discovery.shared.transport.decorator.SessionedEurekaHttpClient.execute(SessionedEurekaHttpClient.java:76)
	at com.netflix.discovery.shared.transport.decorator.EurekaHttpClientDecorator.register(EurekaHttpClientDecorator.java:56)
	at com.netflix.discovery.DiscoveryClient.register(DiscoveryClient.java:828)
	at com.netflix.discovery.InstanceInfoReplicator.run(InstanceInfoReplicator.java:125)
	at com.netflix.discovery.InstanceInfoReplicator$2.run(InstanceInfoReplicator.java:105)
	at java.base/java.util.concurrent.Executors$RunnableAdapter.call(Executors.java:545)
	at java.base/java.util.concurrent.FutureTask.run(FutureTask.java:328)
	at java.base/java.util.concurrent.ScheduledThreadPoolExecutor$ScheduledFutureTask.run(ScheduledThreadPoolExecutor.java:309)
	at java.base/java.util.concurrent.ThreadPoolExecutor.runWorker(ThreadPoolExecutor.java:1095)
	at java.base/java.util.concurrent.ThreadPoolExecutor$Worker.run(ThreadPoolExecutor.java:619)
	at java.base/java.lang.Thread.run(Thread.java:1447)
Caused by: org.apache.hc.core5.http.NoHttpResponseException: localhost:8761 failed to respond
	at org.apache.hc.core5.http.impl.io.DefaultBHttpClientConnection.receiveResponseHeader(DefaultBHttpClientConnection.java:333)
	at org.apache.hc.core5.http.impl.io.HttpRequestExecutor.execute(HttpRequestExecutor.java:196)
	at org.apache.hc.client5.http.impl.classic.InternalExecRuntime.lambda$execute$0(InternalExecRuntime.java:236)
	at org.apache.hc.client5.http.impl.io.PoolingHttpClientConnectionManager$InternalConnectionEndpoint.execute(PoolingHttpClientConnectionManager.java:791)
	at org.apache.hc.client5.http.impl.classic.InternalExecRuntime.execute(InternalExecRuntime.java:233)
	at org.apache.hc.client5.http.impl.classic.MainClientExec.execute(MainClientExec.java:120)
	at org.apache.hc.client5.http.impl.classic.ExecChainElement.execute(ExecChainElement.java:51)
	at org.apache.hc.client5.http.impl.classic.ConnectExec.execute(ConnectExec.java:200)
	at org.apache.hc.client5.http.impl.classic.ExecChainElement.execute(ExecChainElement.java:51)
	at org.apache.hc.client5.http.impl.classic.ProtocolExec.execute(ProtocolExec.java:195)
	at org.apache.hc.client5.http.impl.classic.ExecChainElement.execute(ExecChainElement.java:51)
	at org.apache.hc.client5.http.impl.classic.ContentCompressionExec.execute(ContentCompressionExec.java:150)
	at org.apache.hc.client5.http.impl.classic.ExecChainElement.execute(ExecChainElement.java:51)
	at org.apache.hc.client5.http.impl.classic.HttpRequestRetryExec.execute(HttpRequestRetryExec.java:113)
	at org.apache.hc.client5.http.impl.classic.ExecChainElement.execute(ExecChainElement.java:51)
	at org.apache.hc.client5.http.impl.classic.RedirectExec.execute(RedirectExec.java:110)
	at org.apache.hc.client5.http.impl.classic.ExecChainElement.execute(ExecChainElement.java:51)
	at org.apache.hc.client5.http.impl.classic.InternalHttpClient.doExecute(InternalHttpClient.java:185)
	at org.apache.hc.client5.http.impl.classic.CloseableHttpClient.execute(CloseableHttpClient.java:87)
	at org.apache.hc.client5.http.impl.classic.CloseableHttpClient.execute(CloseableHttpClient.java:55)
	at org.apache.hc.client5.http.classic.HttpClient.executeOpen(HttpClient.java:183)
	at org.springframework.http.client.HttpComponentsClientHttpRequest.executeInternal(HttpComponentsClientHttpRequest.java:99)
	at org.springframework.http.client.AbstractStreamingClientHttpRequest.executeInternal(AbstractStreamingClientHttpRequest.java:71)
	at org.springframework.http.client.AbstractClientHttpRequest.execute(AbstractClientHttpRequest.java:81)
	at org.springframework.http.client.InterceptingClientHttpRequest$InterceptingRequestExecution.execute(InterceptingClientHttpRequest.java:117)
	at org.springframework.cloud.netflix.eureka.http.RestTemplateTransportClientFactory.lambda$restTemplate$2(RestTemplateTransportClientFactory.java:145)
	at org.springframework.http.client.InterceptingClientHttpRequest$InterceptingRequestExecution.execute(InterceptingClientHttpRequest.java:88)
	at org.springframework.http.client.InterceptingClientHttpRequest.executeInternal(InterceptingClientHttpRequest.java:72)
	at org.springframework.http.client.AbstractBufferingClientHttpRequest.executeInternal(AbstractBufferingClientHttpRequest.java:48)
	at org.springframework.http.client.AbstractClientHttpRequest.execute(AbstractClientHttpRequest.java:81)
	at org.springframework.web.client.RestTemplate.doExecute(RestTemplate.java:900)
	... 21 more

2025-10-29T21:16:58.016-03:00  WARN 9160 --- [Proyecto-Venta] [DiscoveryClient-InstanceInfoReplicator-%d] c.n.d.s.t.d.RetryableEurekaHttpClient    : Request execution failed with message: I/O error on POST request for "http://localhost:8761/eureka/apps/PROYECTO-VENTA": localhost:8761 failed to respond
2025-10-29T21:16:58.018-03:00  INFO 9160 --- [Proyecto-Venta] [tomcat-shutdown] o.s.b.w.e.tomcat.GracefulShutdown        : Graceful shutdown complete
2025-10-29T21:16:58.028-03:00  INFO 9160 --- [Proyecto-Venta] [DiscoveryClient-InstanceInfoReplicator-%d] c.n.d.s.t.d.RedirectingEurekaHttpClient  : Request execution error. endpoint=DefaultEndpoint{ serviceUrl='http://localhost:8761/eureka/}, exception=I/O error on POST request for "http://localhost:8761/eureka/apps/PROYECTO-VENTA": Connect to http://localhost:8761 failed: Connection refused: getsockopt stacktrace=org.springframework.web.client.ResourceAccessException: I/O error on POST request for "http://localhost:8761/eureka/apps/PROYECTO-VENTA": Connect to http://localhost:8761 failed: Connection refused: getsockopt
	at org.springframework.web.client.RestTemplate.createResourceAccessException(RestTemplate.java:926)
	at org.springframework.web.client.RestTemplate.doExecute(RestTemplate.java:906)
	at org.springframework.web.client.RestTemplate.execute(RestTemplate.java:841)
	at org.springframework.web.client.RestTemplate.exchange(RestTemplate.java:702)
	at org.springframework.cloud.netflix.eureka.http.RestTemplateEurekaHttpClient.register(RestTemplateEurekaHttpClient.java:87)
	at com.netflix.discovery.shared.transport.decorator.EurekaHttpClientDecorator$1.execute(EurekaHttpClientDecorator.java:59)
	at com.netflix.discovery.shared.transport.decorator.RedirectingEurekaHttpClient.executeOnNewServer(RedirectingEurekaHttpClient.java:121)
	at com.netflix.discovery.shared.transport.decorator.RedirectingEurekaHttpClient.execute(RedirectingEurekaHttpClient.java:80)
	at com.netflix.discovery.shared.transport.decorator.EurekaHttpClientDecorator.register(EurekaHttpClientDecorator.java:56)
	at com.netflix.discovery.shared.transport.decorator.EurekaHttpClientDecorator$1.execute(EurekaHttpClientDecorator.java:59)
	at com.netflix.discovery.shared.transport.decorator.RetryableEurekaHttpClient.execute(RetryableEurekaHttpClient.java:120)
	at com.netflix.discovery.shared.transport.decorator.EurekaHttpClientDecorator.register(EurekaHttpClientDecorator.java:56)
	at com.netflix.discovery.shared.transport.decorator.EurekaHttpClientDecorator$1.execute(EurekaHttpClientDecorator.java:59)
	at com.netflix.discovery.shared.transport.decorator.SessionedEurekaHttpClient.execute(SessionedEurekaHttpClient.java:76)
	at com.netflix.discovery.shared.transport.decorator.EurekaHttpClientDecorator.register(EurekaHttpClientDecorator.java:56)
	at com.netflix.discovery.DiscoveryClient.register(DiscoveryClient.java:828)
	at com.netflix.discovery.InstanceInfoReplicator.run(InstanceInfoReplicator.java:125)
	at com.netflix.discovery.InstanceInfoReplicator$2.run(InstanceInfoReplicator.java:105)
	at java.base/java.util.concurrent.Executors$RunnableAdapter.call(Executors.java:545)
	at java.base/java.util.concurrent.FutureTask.run(FutureTask.java:328)
	at java.base/java.util.concurrent.ScheduledThreadPoolExecutor$ScheduledFutureTask.run(ScheduledThreadPoolExecutor.java:309)
	at java.base/java.util.concurrent.ThreadPoolExecutor.runWorker(ThreadPoolExecutor.java:1095)
	at java.base/java.util.concurrent.ThreadPoolExecutor$Worker.run(ThreadPoolExecutor.java:619)
	at java.base/java.lang.Thread.run(Thread.java:1447)
Caused by: org.apache.hc.client5.http.HttpHostConnectException: Connect to http://localhost:8761 failed: Connection refused: getsockopt
	at java.base/sun.nio.ch.Net.pollConnect(Native Method)
	at java.base/sun.nio.ch.Net.pollConnectNow(Net.java:628)
	at java.base/sun.nio.ch.NioSocketImpl.timedFinishConnect(NioSocketImpl.java:533)
	at java.base/sun.nio.ch.NioSocketImpl.connect(NioSocketImpl.java:583)
	at java.base/java.net.SocksSocketImpl.connect(SocksSocketImpl.java:282)
	at java.base/java.net.Socket.connect(Socket.java:665)
	at org.apache.hc.client5.http.impl.io.DefaultHttpClientConnectionOperator.connect(DefaultHttpClientConnectionOperator.java:205)
	at org.apache.hc.client5.http.impl.io.PoolingHttpClientConnectionManager.connect(PoolingHttpClientConnectionManager.java:490)
	at org.apache.hc.client5.http.impl.classic.InternalExecRuntime.connectEndpoint(InternalExecRuntime.java:164)
	at org.apache.hc.client5.http.impl.classic.InternalExecRuntime.connectEndpoint(InternalExecRuntime.java:174)
	at org.apache.hc.client5.http.impl.classic.ConnectExec.execute(ConnectExec.java:144)
	at org.apache.hc.client5.http.impl.classic.ExecChainElement.execute(ExecChainElement.java:51)
	at org.apache.hc.client5.http.impl.classic.ProtocolExec.execute(ProtocolExec.java:195)
	at org.apache.hc.client5.http.impl.classic.ExecChainElement.execute(ExecChainElement.java:51)
	at org.apache.hc.client5.http.impl.classic.ContentCompressionExec.execute(ContentCompressionExec.java:150)
	at org.apache.hc.client5.http.impl.classic.ExecChainElement.execute(ExecChainElement.java:51)
	at org.apache.hc.client5.http.impl.classic.HttpRequestRetryExec.execute(HttpRequestRetryExec.java:113)
	at org.apache.hc.client5.http.impl.classic.ExecChainElement.execute(ExecChainElement.java:51)
	at org.apache.hc.client5.http.impl.classic.RedirectExec.execute(RedirectExec.java:110)
	at org.apache.hc.client5.http.impl.classic.ExecChainElement.execute(ExecChainElement.java:51)
	at org.apache.hc.client5.http.impl.classic.InternalHttpClient.doExecute(InternalHttpClient.java:185)
	at org.apache.hc.client5.http.impl.classic.CloseableHttpClient.execute(CloseableHttpClient.java:87)
	at org.apache.hc.client5.http.impl.classic.CloseableHttpClient.execute(CloseableHttpClient.java:55)
	at org.apache.hc.client5.http.classic.HttpClient.executeOpen(HttpClient.java:183)
	at org.springframework.http.client.HttpComponentsClientHttpRequest.executeInternal(HttpComponentsClientHttpRequest.java:99)
	at org.springframework.http.client.AbstractStreamingClientHttpRequest.executeInternal(AbstractStreamingClientHttpRequest.java:71)
	at org.springframework.http.client.AbstractClientHttpRequest.execute(AbstractClientHttpRequest.java:81)
	at org.springframework.http.client.InterceptingClientHttpRequest$InterceptingRequestExecution.execute(InterceptingClientHttpRequest.java:117)
	at org.springframework.cloud.netflix.eureka.http.RestTemplateTransportClientFactory.lambda$restTemplate$2(RestTemplateTransportClientFactory.java:145)
	at org.springframework.http.client.InterceptingClientHttpRequest$InterceptingRequestExecution.execute(InterceptingClientHttpRequest.java:88)
	at org.springframework.http.client.InterceptingClientHttpRequest.executeInternal(InterceptingClientHttpRequest.java:72)
	at org.springframework.http.client.AbstractBufferingClientHttpRequest.executeInternal(AbstractBufferingClientHttpRequest.java:48)
	at org.springframework.http.client.AbstractClientHttpRequest.execute(AbstractClientHttpRequest.java:81)
	at org.springframework.web.client.RestTemplate.doExecute(RestTemplate.java:900)
	... 22 more

2025-10-29T21:16:58.029-03:00  WARN 9160 --- [Proyecto-Venta] [DiscoveryClient-InstanceInfoReplicator-%d] c.n.d.s.t.d.RetryableEurekaHttpClient    : Request execution failed with message: I/O error on POST request for "http://localhost:8761/eureka/apps/PROYECTO-VENTA": Connect to http://localhost:8761 failed: Connection refused: getsockopt
2025-10-29T21:16:58.029-03:00  WARN 9160 --- [Proyecto-Venta] [DiscoveryClient-InstanceInfoReplicator-%d] com.netflix.discovery.DiscoveryClient    : DiscoveryClient_PROYECTO-VENTA/localhost:Proyecto-Venta:8081 - registration failed Cannot execute request on any known server

com.netflix.discovery.shared.transport.TransportException: Cannot execute request on any known server
	at com.netflix.discovery.shared.transport.decorator.RetryableEurekaHttpClient.execute(RetryableEurekaHttpClient.java:112) ~[eureka-client-2.0.4.jar:2.0.4]
	at com.netflix.discovery.shared.transport.decorator.EurekaHttpClientDecorator.register(EurekaHttpClientDecorator.java:56) ~[eureka-client-2.0.4.jar:2.0.4]
	at com.netflix.discovery.shared.transport.decorator.EurekaHttpClientDecorator$1.execute(EurekaHttpClientDecorator.java:59) ~[eureka-client-2.0.4.jar:2.0.4]
	at com.netflix.discovery.shared.transport.decorator.SessionedEurekaHttpClient.execute(SessionedEurekaHttpClient.java:76) ~[eureka-client-2.0.4.jar:2.0.4]
	at com.netflix.discovery.shared.transport.decorator.EurekaHttpClientDecorator.register(EurekaHttpClientDecorator.java:56) ~[eureka-client-2.0.4.jar:2.0.4]
	at com.netflix.discovery.DiscoveryClient.register(DiscoveryClient.java:828) ~[eureka-client-2.0.4.jar:2.0.4]
	at com.netflix.discovery.InstanceInfoReplicator.run(InstanceInfoReplicator.java:125) ~[eureka-client-2.0.4.jar:2.0.4]
	at com.netflix.discovery.InstanceInfoReplicator$2.run(InstanceInfoReplicator.java:105) ~[eureka-client-2.0.4.jar:2.0.4]
	at java.base/java.util.concurrent.Executors$RunnableAdapter.call(Executors.java:545) ~[na:na]
	at java.base/java.util.concurrent.FutureTask.run(FutureTask.java:328) ~[na:na]
	at java.base/java.util.concurrent.ScheduledThreadPoolExecutor$ScheduledFutureTask.run(ScheduledThreadPoolExecutor.java:309) ~[na:na]
	at java.base/java.util.concurrent.ThreadPoolExecutor.runWorker(ThreadPoolExecutor.java:1095) ~[na:na]
	at java.base/java.util.concurrent.ThreadPoolExecutor$Worker.run(ThreadPoolExecutor.java:619) ~[na:na]
	at java.base/java.lang.Thread.run(Thread.java:1447) ~[na:na]

2025-10-29T21:16:58.035-03:00  INFO 9160 --- [Proyecto-Venta] [SpringApplicationShutdownHook] j.LocalContainerEntityManagerFactoryBean : Closing JPA EntityManagerFactory for persistence unit 'default'
2025-10-29T21:16:58.035-03:00  WARN 9160 --- [Proyecto-Venta] [DiscoveryClient-InstanceInfoReplicator-%d] c.n.discovery.InstanceInfoReplicator     : There was a problem with the instance info replicator

com.netflix.discovery.shared.transport.TransportException: Cannot execute request on any known server
	at com.netflix.discovery.shared.transport.decorator.RetryableEurekaHttpClient.execute(RetryableEurekaHttpClient.java:112) ~[eureka-client-2.0.4.jar:2.0.4]
	at com.netflix.discovery.shared.transport.decorator.EurekaHttpClientDecorator.register(EurekaHttpClientDecorator.java:56) ~[eureka-client-2.0.4.jar:2.0.4]
	at com.netflix.discovery.shared.transport.decorator.EurekaHttpClientDecorator$1.execute(EurekaHttpClientDecorator.java:59) ~[eureka-client-2.0.4.jar:2.0.4]
	at com.netflix.discovery.shared.transport.decorator.SessionedEurekaHttpClient.execute(SessionedEurekaHttpClient.java:76) ~[eureka-client-2.0.4.jar:2.0.4]
	at com.netflix.discovery.shared.transport.decorator.EurekaHttpClientDecorator.register(EurekaHttpClientDecorator.java:56) ~[eureka-client-2.0.4.jar:2.0.4]
	at com.netflix.discovery.DiscoveryClient.register(DiscoveryClient.java:828) ~[eureka-client-2.0.4.jar:2.0.4]
	at com.netflix.discovery.InstanceInfoReplicator.run(InstanceInfoReplicator.java:125) ~[eureka-client-2.0.4.jar:2.0.4]
	at com.netflix.discovery.InstanceInfoReplicator$2.run(InstanceInfoReplicator.java:105) ~[eureka-client-2.0.4.jar:2.0.4]
	at java.base/java.util.concurrent.Executors$RunnableAdapter.call(Executors.java:545) ~[na:na]
	at java.base/java.util.concurrent.FutureTask.run(FutureTask.java:328) ~[na:na]
	at java.base/java.util.concurrent.ScheduledThreadPoolExecutor$ScheduledFutureTask.run(ScheduledThreadPoolExecutor.java:309) ~[na:na]
	at java.base/java.util.concurrent.ThreadPoolExecutor.runWorker(ThreadPoolExecutor.java:1095) ~[na:na]
	at java.base/java.util.concurrent.ThreadPoolExecutor$Worker.run(ThreadPoolExecutor.java:619) ~[na:na]
	at java.base/java.lang.Thread.run(Thread.java:1447) ~[na:na]

2025-10-29T21:16:58.037-03:00  INFO 9160 --- [Proyecto-Venta] [SpringApplicationShutdownHook] com.zaxxer.hikari.HikariDataSource       : HikariPool-1 - Shutdown initiated...
2025-10-29T21:16:59.902-03:00  INFO 9160 --- [Proyecto-Venta] [SpringApplicationShutdownHook] com.zaxxer.hikari.HikariDataSource       : HikariPool-1 - Shutdown completed.
2025-10-29T21:16:59.902-03:00  INFO 9160 --- [Proyecto-Venta] [SpringApplicationShutdownHook] com.netflix.discovery.DiscoveryClient    : Shutting down DiscoveryClient ...
2025-10-29T21:17:02.904-03:00  INFO 9160 --- [Proyecto-Venta] [SpringApplicationShutdownHook] com.netflix.discovery.DiscoveryClient    : Unregistering ...
2025-10-29T21:17:02.929-03:00  INFO 9160 --- [Proyecto-Venta] [SpringApplicationShutdownHook] c.n.d.s.t.d.RedirectingEurekaHttpClient  : Request execution error. endpoint=DefaultEndpoint{ serviceUrl='http://localhost:8761/eureka/}, exception=I/O error on DELETE request for "http://localhost:8761/eureka/apps/PROYECTO-VENTA/localhost:Proyecto-Venta:8081": Connect to http://localhost:8761 failed: Connection refused: getsockopt stacktrace=org.springframework.web.client.ResourceAccessException: I/O error on DELETE request for "http://localhost:8761/eureka/apps/PROYECTO-VENTA/localhost:Proyecto-Venta:8081": Connect to http://localhost:8761 failed: Connection refused: getsockopt
	at org.springframework.web.client.RestTemplate.createResourceAccessException(RestTemplate.java:926)
	at org.springframework.web.client.RestTemplate.doExecute(RestTemplate.java:906)
	at org.springframework.web.client.RestTemplate.execute(RestTemplate.java:841)
	at org.springframework.web.client.RestTemplate.exchange(RestTemplate.java:702)
	at org.springframework.cloud.netflix.eureka.http.RestTemplateEurekaHttpClient.cancel(RestTemplateEurekaHttpClient.java:100)
	at com.netflix.discovery.shared.transport.decorator.EurekaHttpClientDecorator$2.execute(EurekaHttpClientDecorator.java:74)
	at com.netflix.discovery.shared.transport.decorator.RedirectingEurekaHttpClient.executeOnNewServer(RedirectingEurekaHttpClient.java:121)
	at com.netflix.discovery.shared.transport.decorator.RedirectingEurekaHttpClient.execute(RedirectingEurekaHttpClient.java:80)
	at com.netflix.discovery.shared.transport.decorator.EurekaHttpClientDecorator.cancel(EurekaHttpClientDecorator.java:71)
	at com.netflix.discovery.shared.transport.decorator.EurekaHttpClientDecorator$2.execute(EurekaHttpClientDecorator.java:74)
	at com.netflix.discovery.shared.transport.decorator.RetryableEurekaHttpClient.execute(RetryableEurekaHttpClient.java:120)
	at com.netflix.discovery.shared.transport.decorator.EurekaHttpClientDecorator.cancel(EurekaHttpClientDecorator.java:71)
	at com.netflix.discovery.shared.transport.decorator.EurekaHttpClientDecorator$2.execute(EurekaHttpClientDecorator.java:74)
	at com.netflix.discovery.shared.transport.decorator.SessionedEurekaHttpClient.execute(SessionedEurekaHttpClient.java:76)
	at com.netflix.discovery.shared.transport.decorator.EurekaHttpClientDecorator.cancel(EurekaHttpClientDecorator.java:71)
	at com.netflix.discovery.DiscoveryClient.unregister(DiscoveryClient.java:919)
	at com.netflix.discovery.DiscoveryClient.shutdown(DiscoveryClient.java:900)
	at java.base/jdk.internal.reflect.DirectMethodHandleAccessor.invoke(DirectMethodHandleAccessor.java:104)
	at java.base/java.lang.reflect.Method.invoke(Method.java:565)
	at org.springframework.beans.factory.annotation.InitDestroyAnnotationBeanPostProcessor$LifecycleMethod.invoke(InitDestroyAnnotationBeanPostProcessor.java:457)
	at org.springframework.beans.factory.annotation.InitDestroyAnnotationBeanPostProcessor$LifecycleMetadata.invokeDestroyMethods(InitDestroyAnnotationBeanPostProcessor.java:415)
	at org.springframework.beans.factory.annotation.InitDestroyAnnotationBeanPostProcessor.postProcessBeforeDestruction(InitDestroyAnnotationBeanPostProcessor.java:239)
	at org.springframework.beans.factory.support.DisposableBeanAdapter.destroy(DisposableBeanAdapter.java:202)
	at org.springframework.beans.factory.support.DisposableBeanAdapter.run(DisposableBeanAdapter.java:195)
	at org.springframework.cloud.context.scope.GenericScope$BeanLifecycleWrapper.destroy(GenericScope.java:387)
	at org.springframework.cloud.context.scope.GenericScope.destroy(GenericScope.java:134)
	at org.springframework.beans.factory.support.DisposableBeanAdapter.destroy(DisposableBeanAdapter.java:211)
	at org.springframework.beans.factory.support.DefaultSingletonBeanRegistry.destroyBean(DefaultSingletonBeanRegistry.java:798)
	at org.springframework.beans.factory.support.DefaultSingletonBeanRegistry.destroySingleton(DefaultSingletonBeanRegistry.java:748)
	at org.springframework.beans.factory.support.DefaultListableBeanFactory.destroySingleton(DefaultListableBeanFactory.java:1481)
	at org.springframework.beans.factory.support.DefaultSingletonBeanRegistry.destroySingletons(DefaultSingletonBeanRegistry.java:707)
	at org.springframework.beans.factory.support.DefaultListableBeanFactory.destroySingletons(DefaultListableBeanFactory.java:1474)
	at org.springframework.context.support.AbstractApplicationContext.destroyBeans(AbstractApplicationContext.java:1219)
	at org.springframework.context.support.AbstractApplicationContext.doClose(AbstractApplicationContext.java:1180)
	at org.springframework.boot.web.servlet.context.ServletWebServerApplicationContext.doClose(ServletWebServerApplicationContext.java:179)
	at org.springframework.context.support.AbstractApplicationContext.close(AbstractApplicationContext.java:1126)
	at org.springframework.boot.SpringApplicationShutdownHook.closeAndWait(SpringApplicationShutdownHook.java:147)
	at java.base/java.lang.Iterable.forEach(Iterable.java:75)
	at org.springframework.boot.SpringApplicationShutdownHook.run(SpringApplicationShutdownHook.java:116)
	at java.base/java.lang.Thread.run(Thread.java:1447)
Caused by: org.apache.hc.client5.http.HttpHostConnectException: Connect to http://localhost:8761 failed: Connection refused: getsockopt
	at java.base/sun.nio.ch.Net.pollConnect(Native Method)
	at java.base/sun.nio.ch.Net.pollConnectNow(Net.java:628)
	at java.base/sun.nio.ch.NioSocketImpl.timedFinishConnect(NioSocketImpl.java:533)
	at java.base/sun.nio.ch.NioSocketImpl.connect(NioSocketImpl.java:583)
	at java.base/java.net.SocksSocketImpl.connect(SocksSocketImpl.java:282)
	at java.base/java.net.Socket.connect(Socket.java:665)
	at org.apache.hc.client5.http.impl.io.DefaultHttpClientConnectionOperator.connect(DefaultHttpClientConnectionOperator.java:205)
	at org.apache.hc.client5.http.impl.io.PoolingHttpClientConnectionManager.connect(PoolingHttpClientConnectionManager.java:490)
	at org.apache.hc.client5.http.impl.classic.InternalExecRuntime.connectEndpoint(InternalExecRuntime.java:164)
	at org.apache.hc.client5.http.impl.classic.InternalExecRuntime.connectEndpoint(InternalExecRuntime.java:174)
	at org.apache.hc.client5.http.impl.classic.ConnectExec.execute(ConnectExec.java:144)
	at org.apache.hc.client5.http.impl.classic.ExecChainElement.execute(ExecChainElement.java:51)
	at org.apache.hc.client5.http.impl.classic.ProtocolExec.execute(ProtocolExec.java:195)
	at org.apache.hc.client5.http.impl.classic.ExecChainElement.execute(ExecChainElement.java:51)
	at org.apache.hc.client5.http.impl.classic.ContentCompressionExec.execute(ContentCompressionExec.java:150)
	at org.apache.hc.client5.http.impl.classic.ExecChainElement.execute(ExecChainElement.java:51)
	at org.apache.hc.client5.http.impl.classic.HttpRequestRetryExec.execute(HttpRequestRetryExec.java:113)
	at org.apache.hc.client5.http.impl.classic.ExecChainElement.execute(ExecChainElement.java:51)
	at org.apache.hc.client5.http.impl.classic.RedirectExec.execute(RedirectExec.java:110)
	at org.apache.hc.client5.http.impl.classic.ExecChainElement.execute(ExecChainElement.java:51)
	at org.apache.hc.client5.http.impl.classic.InternalHttpClient.doExecute(InternalHttpClient.java:185)
	at org.apache.hc.client5.http.impl.classic.CloseableHttpClient.execute(CloseableHttpClient.java:87)
	at org.apache.hc.client5.http.impl.classic.CloseableHttpClient.execute(CloseableHttpClient.java:55)
	at org.apache.hc.client5.http.classic.HttpClient.executeOpen(HttpClient.java:183)
	at org.springframework.http.client.HttpComponentsClientHttpRequest.executeInternal(HttpComponentsClientHttpRequest.java:99)
	at org.springframework.http.client.AbstractStreamingClientHttpRequest.executeInternal(AbstractStreamingClientHttpRequest.java:71)
	at org.springframework.http.client.AbstractClientHttpRequest.execute(AbstractClientHttpRequest.java:81)
	at org.springframework.http.client.InterceptingClientHttpRequest$InterceptingRequestExecution.execute(InterceptingClientHttpRequest.java:117)
	at org.springframework.cloud.netflix.eureka.http.RestTemplateTransportClientFactory.lambda$restTemplate$2(RestTemplateTransportClientFactory.java:145)
	at org.springframework.http.client.InterceptingClientHttpRequest$InterceptingRequestExecution.execute(InterceptingClientHttpRequest.java:88)
	at org.springframework.http.client.InterceptingClientHttpRequest.executeInternal(InterceptingClientHttpRequest.java:72)
	at org.springframework.http.client.AbstractBufferingClientHttpRequest.executeInternal(AbstractBufferingClientHttpRequest.java:48)
	at org.springframework.http.client.AbstractClientHttpRequest.execute(AbstractClientHttpRequest.java:81)
	at org.springframework.web.client.RestTemplate.doExecute(RestTemplate.java:900)
	... 38 more

2025-10-29T21:17:02.929-03:00  WARN 9160 --- [Proyecto-Venta] [SpringApplicationShutdownHook] c.n.d.s.t.d.RetryableEurekaHttpClient    : Request execution failed with message: I/O error on DELETE request for "http://localhost:8761/eureka/apps/PROYECTO-VENTA/localhost:Proyecto-Venta:8081": Connect to http://localhost:8761 failed: Connection refused: getsockopt
2025-10-29T21:17:02.929-03:00 ERROR 9160 --- [Proyecto-Venta] [SpringApplicationShutdownHook] com.netflix.discovery.DiscoveryClient    : DiscoveryClient_PROYECTO-VENTA/localhost:Proyecto-Venta:8081 - de-registration failedCannot execute request on any known server

com.netflix.discovery.shared.transport.TransportException: Cannot execute request on any known server
	at com.netflix.discovery.shared.transport.decorator.RetryableEurekaHttpClient.execute(RetryableEurekaHttpClient.java:112) ~[eureka-client-2.0.4.jar:2.0.4]
	at com.netflix.discovery.shared.transport.decorator.EurekaHttpClientDecorator.cancel(EurekaHttpClientDecorator.java:71) ~[eureka-client-2.0.4.jar:2.0.4]
	at com.netflix.discovery.shared.transport.decorator.EurekaHttpClientDecorator$2.execute(EurekaHttpClientDecorator.java:74) ~[eureka-client-2.0.4.jar:2.0.4]
	at com.netflix.discovery.shared.transport.decorator.SessionedEurekaHttpClient.execute(SessionedEurekaHttpClient.java:76) ~[eureka-client-2.0.4.jar:2.0.4]
	at com.netflix.discovery.shared.transport.decorator.EurekaHttpClientDecorator.cancel(EurekaHttpClientDecorator.java:71) ~[eureka-client-2.0.4.jar:2.0.4]
	at com.netflix.discovery.DiscoveryClient.unregister(DiscoveryClient.java:919) ~[eureka-client-2.0.4.jar:2.0.4]
	at com.netflix.discovery.DiscoveryClient.shutdown(DiscoveryClient.java:900) ~[eureka-client-2.0.4.jar:2.0.4]
	at java.base/jdk.internal.reflect.DirectMethodHandleAccessor.invoke(DirectMethodHandleAccessor.java:104) ~[na:na]
	at java.base/java.lang.reflect.Method.invoke(Method.java:565) ~[na:na]
	at org.springframework.beans.factory.annotation.InitDestroyAnnotationBeanPostProcessor$LifecycleMethod.invoke(InitDestroyAnnotationBeanPostProcessor.java:457) ~[spring-beans-6.2.10.jar:6.2.10]
	at org.springframework.beans.factory.annotation.InitDestroyAnnotationBeanPostProcessor$LifecycleMetadata.invokeDestroyMethods(InitDestroyAnnotationBeanPostProcessor.java:415) ~[spring-beans-6.2.10.jar:6.2.10]
	at org.springframework.beans.factory.annotation.InitDestroyAnnotationBeanPostProcessor.postProcessBeforeDestruction(InitDestroyAnnotationBeanPostProcessor.java:239) ~[spring-beans-6.2.10.jar:6.2.10]
	at org.springframework.beans.factory.support.DisposableBeanAdapter.destroy(DisposableBeanAdapter.java:202) ~[spring-beans-6.2.10.jar:6.2.10]
	at org.springframework.beans.factory.support.DisposableBeanAdapter.run(DisposableBeanAdapter.java:195) ~[spring-beans-6.2.10.jar:6.2.10]
	at org.springframework.cloud.context.scope.GenericScope$BeanLifecycleWrapper.destroy(GenericScope.java:387) ~[spring-cloud-context-4.3.0.jar:4.3.0]
	at org.springframework.cloud.context.scope.GenericScope.destroy(GenericScope.java:134) ~[spring-cloud-context-4.3.0.jar:4.3.0]
	at org.springframework.beans.factory.support.DisposableBeanAdapter.destroy(DisposableBeanAdapter.java:211) ~[spring-beans-6.2.10.jar:6.2.10]
	at org.springframework.beans.factory.support.DefaultSingletonBeanRegistry.destroyBean(DefaultSingletonBeanRegistry.java:798) ~[spring-beans-6.2.10.jar:6.2.10]
	at org.springframework.beans.factory.support.DefaultSingletonBeanRegistry.destroySingleton(DefaultSingletonBeanRegistry.java:748) ~[spring-beans-6.2.10.jar:6.2.10]
	at org.springframework.beans.factory.support.DefaultListableBeanFactory.destroySingleton(DefaultListableBeanFactory.java:1481) ~[spring-beans-6.2.10.jar:6.2.10]
	at org.springframework.beans.factory.support.DefaultSingletonBeanRegistry.destroySingletons(DefaultSingletonBeanRegistry.java:707) ~[spring-beans-6.2.10.jar:6.2.10]
	at org.springframework.beans.factory.support.DefaultListableBeanFactory.destroySingletons(DefaultListableBeanFactory.java:1474) ~[spring-beans-6.2.10.jar:6.2.10]
	at org.springframework.context.support.AbstractApplicationContext.destroyBeans(AbstractApplicationContext.java:1219) ~[spring-context-6.2.10.jar:6.2.10]
	at org.springframework.context.support.AbstractApplicationContext.doClose(AbstractApplicationContext.java:1180) ~[spring-context-6.2.10.jar:6.2.10]
	at org.springframework.boot.web.servlet.context.ServletWebServerApplicationContext.doClose(ServletWebServerApplicationContext.java:179) ~[spring-boot-3.5.5.jar:3.5.5]
	at org.springframework.context.support.AbstractApplicationContext.close(AbstractApplicationContext.java:1126) ~[spring-context-6.2.10.jar:6.2.10]
	at org.springframework.boot.SpringApplicationShutdownHook.closeAndWait(SpringApplicationShutdownHook.java:147) ~[spring-boot-3.5.5.jar:3.5.5]
	at java.base/java.lang.Iterable.forEach(Iterable.java:75) ~[na:na]
	at org.springframework.boot.SpringApplicationShutdownHook.run(SpringApplicationShutdownHook.java:116) ~[spring-boot-3.5.5.jar:3.5.5]
	at java.base/java.lang.Thread.run(Thread.java:1447) ~[na:na]

2025-10-29T21:17:02.930-03:00  INFO 9160 --- [Proyecto-Venta] [SpringApplicationShutdownHook] com.netflix.discovery.DiscoveryClient    : Completed shut down of DiscoveryClient
2025-10-29T21:20:30.142-03:00  INFO 3324 --- [Proyecto-Venta] [main] c.d.p.ProyectoVentaApplication           : Starting ProyectoVentaApplication using Java 24 with PID 3324 (C:\Users\Usuario\IdeaProjects\Distri\SistemaWebYDistribuido\Proyecto-Venta\target\classes started by Usuario in C:\Users\Usuario\IdeaProjects\Distri\SistemaWebYDistribuido)
2025-10-29T21:20:30.144-03:00  INFO 3324 --- [Proyecto-Venta] [main] c.d.p.ProyectoVentaApplication           : No active profile set, falling back to 1 default profile: "default"
2025-10-29T21:20:30.918-03:00  INFO 3324 --- [Proyecto-Venta] [main] .s.d.r.c.RepositoryConfigurationDelegate : Bootstrapping Spring Data JPA repositories in DEFAULT mode.
2025-10-29T21:20:31.075-03:00  INFO 3324 --- [Proyecto-Venta] [main] .s.d.r.c.RepositoryConfigurationDelegate : Finished Spring Data repository scanning in 149 ms. Found 8 JPA repository interfaces.
2025-10-29T21:20:31.233-03:00  INFO 3324 --- [Proyecto-Venta] [main] o.s.cloud.context.scope.GenericScope     : BeanFactory id=01235d07-0bc7-3f81-a0a7-e4e7bced9c96
2025-10-29T21:20:31.571-03:00  INFO 3324 --- [Proyecto-Venta] [main] o.s.b.w.embedded.tomcat.TomcatWebServer  : Tomcat initialized with port 8081 (http)
2025-10-29T21:20:31.584-03:00  INFO 3324 --- [Proyecto-Venta] [main] o.apache.catalina.core.StandardService   : Starting service [Tomcat]
2025-10-29T21:20:31.584-03:00  INFO 3324 --- [Proyecto-Venta] [main] o.apache.catalina.core.StandardEngine    : Starting Servlet engine: [Apache Tomcat/10.1.44]
2025-10-29T21:20:31.647-03:00  INFO 3324 --- [Proyecto-Venta] [main] o.a.c.c.C.[Tomcat].[localhost].[/]       : Initializing Spring embedded WebApplicationContext
2025-10-29T21:20:31.648-03:00  INFO 3324 --- [Proyecto-Venta] [main] w.s.c.ServletWebServerApplicationContext : Root WebApplicationContext: initialization completed in 1463 ms
2025-10-29T21:20:31.777-03:00  INFO 3324 --- [Proyecto-Venta] [main] com.zaxxer.hikari.HikariDataSource       : HikariPool-1 - Starting...
2025-10-29T21:20:33.799-03:00  INFO 3324 --- [Proyecto-Venta] [main] com.zaxxer.hikari.pool.HikariPool        : HikariPool-1 - Added connection org.postgresql.jdbc.PgConnection@1752e45c
2025-10-29T21:20:33.800-03:00  INFO 3324 --- [Proyecto-Venta] [main] com.zaxxer.hikari.HikariDataSource       : HikariPool-1 - Start completed.
2025-10-29T21:20:35.037-03:00  INFO 3324 --- [Proyecto-Venta] [main] liquibase.database                       : Set default schema name to public
2025-10-29T21:20:36.119-03:00  INFO 3324 --- [Proyecto-Venta] [main] liquibase.changelog                      : Reading from public.databasechangelog
2025-10-29T21:20:38.140-03:00  INFO 3324 --- [Proyecto-Venta] [main] liquibase.ui                             : Database is up to date, no changesets to execute
2025-10-29T21:20:38.330-03:00  INFO 3324 --- [Proyecto-Venta] [main] liquibase.changelog                      : Reading from public.databasechangelog
2025-10-29T21:20:38.539-03:00  INFO 3324 --- [Proyecto-Venta] [main] liquibase.util                           : UPDATE SUMMARY
2025-10-29T21:20:38.539-03:00  INFO 3324 --- [Proyecto-Venta] [main] liquibase.util                           : Run:                          0
2025-10-29T21:20:38.539-03:00  INFO 3324 --- [Proyecto-Venta] [main] liquibase.util                           : Previously run:              21
2025-10-29T21:20:38.539-03:00  INFO 3324 --- [Proyecto-Venta] [main] liquibase.util                           : Filtered out:                 0
2025-10-29T21:20:38.539-03:00  INFO 3324 --- [Proyecto-Venta] [main] liquibase.util                           : -------------------------------
2025-10-29T21:20:38.539-03:00  INFO 3324 --- [Proyecto-Venta] [main] liquibase.util                           : Total change sets:           21
2025-10-29T21:20:38.540-03:00  INFO 3324 --- [Proyecto-Venta] [main] liquibase.util                           : Update summary generated
2025-10-29T21:20:38.541-03:00  INFO 3324 --- [Proyecto-Venta] [main] liquibase.command                        : Command execution complete
2025-10-29T21:20:40.222-03:00  INFO 3324 --- [Proyecto-Venta] [main] o.hibernate.jpa.internal.util.LogHelper  : HHH000204: Processing PersistenceUnitInfo [name: default]
2025-10-29T21:20:40.271-03:00  INFO 3324 --- [Proyecto-Venta] [main] org.hibernate.Version                    : HHH000412: Hibernate ORM core version 6.6.26.Final
2025-10-29T21:20:40.301-03:00  INFO 3324 --- [Proyecto-Venta] [main] o.h.c.internal.RegionFactoryInitiator    : HHH000026: Second-level cache disabled
2025-10-29T21:20:40.569-03:00  INFO 3324 --- [Proyecto-Venta] [main] o.s.o.j.p.SpringPersistenceUnitInfo      : No LoadTimeWeaver setup: ignoring JPA class transformer
2025-10-29T21:20:41.217-03:00  INFO 3324 --- [Proyecto-Venta] [main] org.hibernate.orm.connections.pooling    : HHH10001005: Database info:
	Database JDBC URL [Connecting through datasource 'HikariDataSource (HikariPool-1)']
	Database driver: undefined/unknown
	Database version: 17.6
	Autocommit mode: undefined/unknown
	Isolation level: undefined/unknown
	Minimum pool size: undefined/unknown
	Maximum pool size: undefined/unknown
2025-10-29T21:20:42.186-03:00  INFO 3324 --- [Proyecto-Venta] [main] o.h.e.t.j.p.i.JtaPlatformInitiator       : HHH000489: No JTA platform available (set 'hibernate.transaction.jta.platform' to enable JTA platform integration)
2025-10-29T21:20:42.189-03:00  INFO 3324 --- [Proyecto-Venta] [main] j.LocalContainerEntityManagerFactoryBean : Initialized JPA EntityManagerFactory for persistence unit 'default'
2025-10-29T21:20:42.537-03:00  INFO 3324 --- [Proyecto-Venta] [main] o.s.d.j.r.query.QueryEnhancerFactory     : Hibernate is in classpath; If applicable, HQL parser will be used.
2025-10-29T21:20:43.129-03:00  WARN 3324 --- [Proyecto-Venta] [main] JpaBaseConfiguration$JpaWebConfiguration : spring.jpa.open-in-view is enabled by default. Therefore, database queries may be performed during view rendering. Explicitly configure spring.jpa.open-in-view to disable this warning
2025-10-29T21:20:44.584-03:00  INFO 3324 --- [Proyecto-Venta] [main] o.s.cloud.commons.util.InetUtils         : Cannot determine local hostname
2025-10-29T21:20:45.605-03:00  INFO 3324 --- [Proyecto-Venta] [main] o.s.cloud.commons.util.InetUtils         : Cannot determine local hostname
2025-10-29T21:20:45.622-03:00  INFO 3324 --- [Proyecto-Venta] [main] DiscoveryClientOptionalArgsConfiguration : Eureka HTTP Client uses RestTemplate.
2025-10-29T21:20:45.655-03:00  WARN 3324 --- [Proyecto-Venta] [main] iguration$LoadBalancerCaffeineWarnLogger : Spring Cloud LoadBalancer is currently working with the default cache. While this cache implementation is useful for development and tests, it's recommended to use Caffeine cache in production.You can switch to using Caffeine cache, by adding it and org.springframework.cache.caffeine.CaffeineCacheManager to the classpath.
2025-10-29T21:20:45.707-03:00  INFO 3324 --- [Proyecto-Venta] [main] o.s.c.n.eureka.InstanceInfoFactory       : Setting initial instance status as: STARTING
2025-10-29T21:20:45.729-03:00  INFO 3324 --- [Proyecto-Venta] [main] com.netflix.discovery.DiscoveryClient    : Initializing Eureka in region us-east-1
2025-10-29T21:20:45.733-03:00  INFO 3324 --- [Proyecto-Venta] [main] c.n.d.s.r.aws.ConfigClusterResolver      : Resolving eureka endpoints via configuration
2025-10-29T21:20:45.743-03:00  INFO 3324 --- [Proyecto-Venta] [main] com.netflix.discovery.DiscoveryClient    : Disable delta property : false
2025-10-29T21:20:45.743-03:00  INFO 3324 --- [Proyecto-Venta] [main] com.netflix.discovery.DiscoveryClient    : Single vip registry refresh property : null
2025-10-29T21:20:45.743-03:00  INFO 3324 --- [Proyecto-Venta] [main] com.netflix.discovery.DiscoveryClient    : Force full registry fetch : false
2025-10-29T21:20:45.744-03:00  INFO 3324 --- [Proyecto-Venta] [main] com.netflix.discovery.DiscoveryClient    : Application is null : false
2025-10-29T21:20:45.744-03:00  INFO 3324 --- [Proyecto-Venta] [main] com.netflix.discovery.DiscoveryClient    : Registered Applications size is zero : true
2025-10-29T21:20:45.744-03:00  INFO 3324 --- [Proyecto-Venta] [main] com.netflix.discovery.DiscoveryClient    : Application version is -1: true
2025-10-29T21:20:45.744-03:00  INFO 3324 --- [Proyecto-Venta] [main] com.netflix.discovery.DiscoveryClient    : Getting all instance registry info from the eureka server
2025-10-29T21:20:46.040-03:00  INFO 3324 --- [Proyecto-Venta] [main] com.netflix.discovery.DiscoveryClient    : The response status is 200
2025-10-29T21:20:46.042-03:00  INFO 3324 --- [Proyecto-Venta] [main] com.netflix.discovery.DiscoveryClient    : Starting heartbeat executor: renew interval is: 30
2025-10-29T21:20:46.043-03:00  INFO 3324 --- [Proyecto-Venta] [main] c.n.discovery.InstanceInfoReplicator     : InstanceInfoReplicator onDemand update allowed rate per min is 4
2025-10-29T21:20:46.045-03:00  INFO 3324 --- [Proyecto-Venta] [main] com.netflix.discovery.DiscoveryClient    : Discovery Client initialized at timestamp 1761783646044 with initial instances count: 1
2025-10-29T21:20:46.048-03:00  INFO 3324 --- [Proyecto-Venta] [main] o.s.c.n.e.s.EurekaServiceRegistry        : Registering application PROYECTO-VENTA with eureka with status UP
2025-10-29T21:20:46.048-03:00  INFO 3324 --- [Proyecto-Venta] [main] com.netflix.discovery.DiscoveryClient    : Saw local status change event StatusChangeEvent [timestamp=1761783646048, current=UP, previous=STARTING]
2025-10-29T21:20:46.050-03:00  INFO 3324 --- [Proyecto-Venta] [DiscoveryClient-InstanceInfoReplicator-%d] com.netflix.discovery.DiscoveryClient    : DiscoveryClient_PROYECTO-VENTA/localhost:Proyecto-Venta:8081: registering service...
2025-10-29T21:20:46.065-03:00  INFO 3324 --- [Proyecto-Venta] [main] o.s.b.w.embedded.tomcat.TomcatWebServer  : Tomcat started on port 8081 (http) with context path '/'
2025-10-29T21:20:46.066-03:00  INFO 3324 --- [Proyecto-Venta] [main] .s.c.n.e.s.EurekaAutoServiceRegistration : Updating port to 8081
2025-10-29T21:20:46.083-03:00  INFO 3324 --- [Proyecto-Venta] [DiscoveryClient-InstanceInfoReplicator-%d] com.netflix.discovery.DiscoveryClient    : DiscoveryClient_PROYECTO-VENTA/localhost:Proyecto-Venta:8081 - registration status: 204
2025-10-29T21:20:47.069-03:00  INFO 3324 --- [Proyecto-Venta] [main] o.s.cloud.commons.util.InetUtils         : Cannot determine local hostname
2025-10-29T21:20:47.076-03:00  INFO 3324 --- [Proyecto-Venta] [main] c.d.p.ProyectoVentaApplication           : Started ProyectoVentaApplication in 18.384 seconds (process running for 19.084)
2025-10-29T21:20:54.562-03:00  INFO 13340 --- [main] c.d.p.ProyectoDistriApplication          : Starting ProyectoDistriApplication using Java 24 with PID 13340 (C:\Users\Usuario\IdeaProjects\Distri\SistemaWebYDistribuido\ProyectoDistri\target\classes started by Usuario in C:\Users\Usuario\IdeaProjects\Distri\SistemaWebYDistribuido)
2025-10-29T21:20:54.564-03:00  INFO 13340 --- [main] c.d.p.ProyectoDistriApplication          : No active profile set, falling back to 1 default profile: "default"
2025-10-29T21:20:55.347-03:00  INFO 13340 --- [main] .s.d.r.c.RepositoryConfigurationDelegate : Bootstrapping Spring Data JPA repositories in DEFAULT mode.
2025-10-29T21:20:55.504-03:00  INFO 13340 --- [main] .s.d.r.c.RepositoryConfigurationDelegate : Finished Spring Data repository scanning in 149 ms. Found 7 JPA repository interfaces.
2025-10-29T21:20:55.678-03:00  INFO 13340 --- [main] o.s.cloud.context.scope.GenericScope     : BeanFactory id=eb0b12d4-b538-3e5a-a3ab-d49b06425bbb
2025-10-29T21:20:56.027-03:00  INFO 13340 --- [main] o.s.b.w.embedded.tomcat.TomcatWebServer  : Tomcat initialized with port 8082 (http)
2025-10-29T21:20:56.041-03:00  INFO 13340 --- [main] o.apache.catalina.core.StandardService   : Starting service [Tomcat]
2025-10-29T21:20:56.041-03:00  INFO 13340 --- [main] o.apache.catalina.core.StandardEngine    : Starting Servlet engine: [Apache Tomcat/10.1.44]
2025-10-29T21:20:56.105-03:00  INFO 13340 --- [main] o.a.c.c.C.[Tomcat].[localhost].[/]       : Initializing Spring embedded WebApplicationContext
2025-10-29T21:20:56.105-03:00  INFO 13340 --- [main] w.s.c.ServletWebServerApplicationContext : Root WebApplicationContext: initialization completed in 1499 ms
2025-10-29T21:20:56.230-03:00  INFO 13340 --- [main] com.zaxxer.hikari.HikariDataSource       : HikariPool-1 - Starting...
2025-10-29T21:20:58.158-03:00  INFO 13340 --- [main] com.zaxxer.hikari.pool.HikariPool        : HikariPool-1 - Added connection org.postgresql.jdbc.PgConnection@46c662f2
2025-10-29T21:20:58.159-03:00  INFO 13340 --- [main] com.zaxxer.hikari.HikariDataSource       : HikariPool-1 - Start completed.
2025-10-29T21:20:59.384-03:00  INFO 13340 --- [main] liquibase.database                       : Set default schema name to public
2025-10-29T21:21:00.427-03:00  INFO 13340 --- [main] liquibase.changelog                      : Reading from public.databasechangelog
2025-10-29T21:21:02.400-03:00  INFO 13340 --- [main] liquibase.ui                             : Database is up to date, no changesets to execute
2025-10-29T21:21:02.587-03:00  INFO 13340 --- [main] liquibase.changelog                      : Reading from public.databasechangelog
2025-10-29T21:21:02.790-03:00  INFO 13340 --- [main] liquibase.util                           : UPDATE SUMMARY
2025-10-29T21:21:02.790-03:00  INFO 13340 --- [main] liquibase.util                           : Run:                          0
2025-10-29T21:21:02.790-03:00  INFO 13340 --- [main] liquibase.util                           : Previously run:              21
2025-10-29T21:21:02.791-03:00  INFO 13340 --- [main] liquibase.util                           : Filtered out:                 0
2025-10-29T21:21:02.791-03:00  INFO 13340 --- [main] liquibase.util                           : -------------------------------
2025-10-29T21:21:02.791-03:00  INFO 13340 --- [main] liquibase.util                           : Total change sets:           21
2025-10-29T21:21:02.791-03:00  INFO 13340 --- [main] liquibase.util                           : Update summary generated
2025-10-29T21:21:02.792-03:00  INFO 13340 --- [main] liquibase.command                        : Command execution complete
2025-10-29T21:21:04.322-03:00  INFO 13340 --- [main] o.hibernate.jpa.internal.util.LogHelper  : HHH000204: Processing PersistenceUnitInfo [name: default]
2025-10-29T21:21:04.371-03:00  INFO 13340 --- [main] org.hibernate.Version                    : HHH000412: Hibernate ORM core version 6.6.26.Final
2025-10-29T21:21:04.401-03:00  INFO 13340 --- [main] o.h.c.internal.RegionFactoryInitiator    : HHH000026: Second-level cache disabled
2025-10-29T21:21:04.661-03:00  INFO 13340 --- [main] o.s.o.j.p.SpringPersistenceUnitInfo      : No LoadTimeWeaver setup: ignoring JPA class transformer
2025-10-29T21:21:05.285-03:00  INFO 13340 --- [main] org.hibernate.orm.connections.pooling    : HHH10001005: Database info:
	Database JDBC URL [Connecting through datasource 'HikariDataSource (HikariPool-1)']
	Database driver: undefined/unknown
	Database version: 17.6
	Autocommit mode: undefined/unknown
	Isolation level: undefined/unknown
	Minimum pool size: undefined/unknown
	Maximum pool size: undefined/unknown
2025-10-29T21:21:06.295-03:00  INFO 13340 --- [main] o.h.e.t.j.p.i.JtaPlatformInitiator       : HHH000489: No JTA platform available (set 'hibernate.transaction.jta.platform' to enable JTA platform integration)
2025-10-29T21:21:06.298-03:00  INFO 13340 --- [main] j.LocalContainerEntityManagerFactoryBean : Initialized JPA EntityManagerFactory for persistence unit 'default'
2025-10-29T21:21:06.679-03:00  INFO 13340 --- [main] o.s.d.j.r.query.QueryEnhancerFactory     : Hibernate is in classpath; If applicable, HQL parser will be used.
2025-10-29T21:21:07.244-03:00  WARN 13340 --- [main] JpaBaseConfiguration$JpaWebConfiguration : spring.jpa.open-in-view is enabled by default. Therefore, database queries may be performed during view rendering. Explicitly configure spring.jpa.open-in-view to disable this warning
2025-10-29T21:21:08.700-03:00  INFO 13340 --- [main] o.s.cloud.commons.util.InetUtils         : Cannot determine local hostname
2025-10-29T21:21:09.721-03:00  INFO 13340 --- [main] o.s.cloud.commons.util.InetUtils         : Cannot determine local hostname
2025-10-29T21:21:09.738-03:00  INFO 13340 --- [main] DiscoveryClientOptionalArgsConfiguration : Eureka HTTP Client uses RestTemplate.
2025-10-29T21:21:09.771-03:00  WARN 13340 --- [main] iguration$LoadBalancerCaffeineWarnLogger : Spring Cloud LoadBalancer is currently working with the default cache. While this cache implementation is useful for development and tests, it's recommended to use Caffeine cache in production.You can switch to using Caffeine cache, by adding it and org.springframework.cache.caffeine.CaffeineCacheManager to the classpath.
2025-10-29T21:21:09.813-03:00  INFO 13340 --- [main] o.s.c.n.eureka.InstanceInfoFactory       : Setting initial instance status as: STARTING
2025-10-29T21:21:09.834-03:00  INFO 13340 --- [main] com.netflix.discovery.DiscoveryClient    : Initializing Eureka in region us-east-1
2025-10-29T21:21:09.838-03:00  INFO 13340 --- [main] c.n.d.s.r.aws.ConfigClusterResolver      : Resolving eureka endpoints via configuration
2025-10-29T21:21:09.845-03:00  INFO 13340 --- [main] com.netflix.discovery.DiscoveryClient    : Disable delta property : false
2025-10-29T21:21:09.846-03:00  INFO 13340 --- [main] com.netflix.discovery.DiscoveryClient    : Single vip registry refresh property : null
2025-10-29T21:21:09.846-03:00  INFO 13340 --- [main] com.netflix.discovery.DiscoveryClient    : Force full registry fetch : false
2025-10-29T21:21:09.846-03:00  INFO 13340 --- [main] com.netflix.discovery.DiscoveryClient    : Application is null : false
2025-10-29T21:21:09.846-03:00  INFO 13340 --- [main] com.netflix.discovery.DiscoveryClient    : Registered Applications size is zero : true
2025-10-29T21:21:09.846-03:00  INFO 13340 --- [main] com.netflix.discovery.DiscoveryClient    : Application version is -1: true
2025-10-29T21:21:09.846-03:00  INFO 13340 --- [main] com.netflix.discovery.DiscoveryClient    : Getting all instance registry info from the eureka server
2025-10-29T21:21:10.141-03:00  INFO 13340 --- [main] com.netflix.discovery.DiscoveryClient    : The response status is 200
2025-10-29T21:21:10.143-03:00  INFO 13340 --- [main] com.netflix.discovery.DiscoveryClient    : Starting heartbeat executor: renew interval is: 30
2025-10-29T21:21:10.144-03:00  INFO 13340 --- [main] c.n.discovery.InstanceInfoReplicator     : InstanceInfoReplicator onDemand update allowed rate per min is 4
2025-10-29T21:21:10.146-03:00  INFO 13340 --- [main] com.netflix.discovery.DiscoveryClient    : Discovery Client initialized at timestamp 1761783670145 with initial instances count: 2
2025-10-29T21:21:10.148-03:00  INFO 13340 --- [main] o.s.c.n.e.s.EurekaServiceRegistry        : Registering application UNKNOWN with eureka with status UP
2025-10-29T21:21:10.149-03:00  INFO 13340 --- [main] com.netflix.discovery.DiscoveryClient    : Saw local status change event StatusChangeEvent [timestamp=1761783670149, current=UP, previous=STARTING]
2025-10-29T21:21:10.150-03:00  INFO 13340 --- [DiscoveryClient-InstanceInfoReplicator-%d] com.netflix.discovery.DiscoveryClient    : DiscoveryClient_UNKNOWN/localhost:8082: registering service...
2025-10-29T21:21:10.165-03:00  INFO 13340 --- [main] o.s.b.w.embedded.tomcat.TomcatWebServer  : Tomcat started on port 8082 (http) with context path '/'
2025-10-29T21:21:10.166-03:00  INFO 13340 --- [main] .s.c.n.e.s.EurekaAutoServiceRegistration : Updating port to 8082
2025-10-29T21:21:10.187-03:00  INFO 13340 --- [DiscoveryClient-InstanceInfoReplicator-%d] com.netflix.discovery.DiscoveryClient    : DiscoveryClient_UNKNOWN/localhost:8082 - registration status: 204
2025-10-29T21:21:11.169-03:00  INFO 13340 --- [main] o.s.cloud.commons.util.InetUtils         : Cannot determine local hostname
2025-10-29T21:21:11.176-03:00  INFO 13340 --- [main] c.d.p.ProyectoDistriApplication          : Started ProyectoDistriApplication in 18.072 seconds (process running for 18.829)
2025-10-29T21:21:17.015-03:00  INFO 3324 --- [Proyecto-Venta] [http-nio-8081-exec-1] o.a.c.c.C.[Tomcat].[localhost].[/]       : Initializing Spring DispatcherServlet 'dispatcherServlet'
2025-10-29T21:21:17.015-03:00  INFO 3324 --- [Proyecto-Venta] [http-nio-8081-exec-1] o.s.web.servlet.DispatcherServlet        : Initializing Servlet 'dispatcherServlet'
2025-10-29T21:21:17.017-03:00  INFO 3324 --- [Proyecto-Venta] [http-nio-8081-exec-1] o.s.web.servlet.DispatcherServlet        : Completed initialization in 1 ms
2025-10-29T21:21:17.051-03:00  INFO 3324 --- [Proyecto-Venta] [http-nio-8081-exec-1] c.d.p.apis.controller.VentaController    : GET /ventas page=0 size=10 filtros: clienteId=null, desde=null, hasta=null
2025-10-29T21:21:17.243-03:00  INFO 3324 --- [Proyecto-Venta] [http-nio-8081-exec-1] c.d.p.apis.service.VentaService          : Listando ventas - clienteId=null desde=null hasta=null
2025-10-29T21:21:17.295-03:00 DEBUG 3324 --- [Proyecto-Venta] [http-nio-8081-exec-1] org.hibernate.SQL                        : select v1_0.id,v1_0.activo,v1_0.cliente_id,v1_0.creado_por,v1_0.fecha_venta,v1_0.iva,v1_0.subtotal,v1_0.total from venta v1_0 where (v1_0.activo = true) offset ? rows fetch first ? rows only
2025-10-29T21:21:17.296-03:00 TRACE 3324 --- [Proyecto-Venta] [http-nio-8081-exec-1] org.hibernate.orm.jdbc.bind              : binding parameter (1:INTEGER) <- [0]
2025-10-29T21:21:17.296-03:00 TRACE 3324 --- [Proyecto-Venta] [http-nio-8081-exec-1] org.hibernate.orm.jdbc.bind              : binding parameter (2:INTEGER) <- [10]
2025-10-29T21:21:17.519-03:00 DEBUG 3324 --- [Proyecto-Venta] [http-nio-8081-exec-1] org.hibernate.SQL                        : select count(v1_0.id) from venta v1_0 where (v1_0.activo = true)
2025-10-29T21:21:17.713-03:00 DEBUG 3324 --- [Proyecto-Venta] [http-nio-8081-exec-1] org.hibernate.SQL                        : select d1_0.venta_id,d1_0.id,d1_0.activo,d1_0.cantidad,d1_0.precio_unitario,d1_0.producto_id,d1_0.subtotal_linea,d1_0.tasa_iva,d1_0.total_linea from venta_detalle d1_0 where d1_0.venta_id=? and (d1_0.activo = true)
2025-10-29T21:21:17.713-03:00 TRACE 3324 --- [Proyecto-Venta] [http-nio-8081-exec-1] org.hibernate.orm.jdbc.bind              : binding parameter (1:BIGINT) <- [3]
2025-10-29T21:21:17.905-03:00 DEBUG 3324 --- [Proyecto-Venta] [http-nio-8081-exec-1] org.hibernate.SQL                        : select d1_0.venta_id,d1_0.id,d1_0.activo,d1_0.cantidad,d1_0.precio_unitario,d1_0.producto_id,d1_0.subtotal_linea,d1_0.tasa_iva,d1_0.total_linea from venta_detalle d1_0 where d1_0.venta_id=? and (d1_0.activo = true)
2025-10-29T21:21:17.905-03:00 TRACE 3324 --- [Proyecto-Venta] [http-nio-8081-exec-1] org.hibernate.orm.jdbc.bind              : binding parameter (1:BIGINT) <- [8]
2025-10-29T21:21:18.099-03:00 DEBUG 3324 --- [Proyecto-Venta] [http-nio-8081-exec-1] org.hibernate.SQL                        : select d1_0.venta_id,d1_0.id,d1_0.activo,d1_0.cantidad,d1_0.precio_unitario,d1_0.producto_id,d1_0.subtotal_linea,d1_0.tasa_iva,d1_0.total_linea from venta_detalle d1_0 where d1_0.venta_id=? and (d1_0.activo = true)
2025-10-29T21:21:18.099-03:00 TRACE 3324 --- [Proyecto-Venta] [http-nio-8081-exec-1] org.hibernate.orm.jdbc.bind              : binding parameter (1:BIGINT) <- [11]
2025-10-29T21:21:18.294-03:00 DEBUG 3324 --- [Proyecto-Venta] [http-nio-8081-exec-1] org.hibernate.SQL                        : select d1_0.venta_id,d1_0.id,d1_0.activo,d1_0.cantidad,d1_0.precio_unitario,d1_0.producto_id,d1_0.subtotal_linea,d1_0.tasa_iva,d1_0.total_linea from venta_detalle d1_0 where d1_0.venta_id=? and (d1_0.activo = true)
2025-10-29T21:21:18.294-03:00 TRACE 3324 --- [Proyecto-Venta] [http-nio-8081-exec-1] org.hibernate.orm.jdbc.bind              : binding parameter (1:BIGINT) <- [13]
2025-10-29T21:21:18.477-03:00 DEBUG 3324 --- [Proyecto-Venta] [http-nio-8081-exec-1] org.hibernate.SQL                        : select d1_0.venta_id,d1_0.id,d1_0.activo,d1_0.cantidad,d1_0.precio_unitario,d1_0.producto_id,d1_0.subtotal_linea,d1_0.tasa_iva,d1_0.total_linea from venta_detalle d1_0 where d1_0.venta_id=? and (d1_0.activo = true)
2025-10-29T21:21:18.477-03:00 TRACE 3324 --- [Proyecto-Venta] [http-nio-8081-exec-1] org.hibernate.orm.jdbc.bind              : binding parameter (1:BIGINT) <- [14]
2025-10-29T21:21:18.664-03:00 DEBUG 3324 --- [Proyecto-Venta] [http-nio-8081-exec-1] org.hibernate.SQL                        : select d1_0.venta_id,d1_0.id,d1_0.activo,d1_0.cantidad,d1_0.precio_unitario,d1_0.producto_id,d1_0.subtotal_linea,d1_0.tasa_iva,d1_0.total_linea from venta_detalle d1_0 where d1_0.venta_id=? and (d1_0.activo = true)
2025-10-29T21:21:18.665-03:00 TRACE 3324 --- [Proyecto-Venta] [http-nio-8081-exec-1] org.hibernate.orm.jdbc.bind              : binding parameter (1:BIGINT) <- [15]
2025-10-29T21:21:18.851-03:00 DEBUG 3324 --- [Proyecto-Venta] [http-nio-8081-exec-1] org.hibernate.SQL                        : select d1_0.venta_id,d1_0.id,d1_0.activo,d1_0.cantidad,d1_0.precio_unitario,d1_0.producto_id,d1_0.subtotal_linea,d1_0.tasa_iva,d1_0.total_linea from venta_detalle d1_0 where d1_0.venta_id=? and (d1_0.activo = true)
2025-10-29T21:21:18.851-03:00 TRACE 3324 --- [Proyecto-Venta] [http-nio-8081-exec-1] org.hibernate.orm.jdbc.bind              : binding parameter (1:BIGINT) <- [16]
2025-10-29T21:21:19.039-03:00 DEBUG 3324 --- [Proyecto-Venta] [http-nio-8081-exec-1] org.hibernate.SQL                        : select d1_0.venta_id,d1_0.id,d1_0.activo,d1_0.cantidad,d1_0.precio_unitario,d1_0.producto_id,d1_0.subtotal_linea,d1_0.tasa_iva,d1_0.total_linea from venta_detalle d1_0 where d1_0.venta_id=? and (d1_0.activo = true)
2025-10-29T21:21:19.039-03:00 TRACE 3324 --- [Proyecto-Venta] [http-nio-8081-exec-1] org.hibernate.orm.jdbc.bind              : binding parameter (1:BIGINT) <- [17]
2025-10-29T21:21:19.246-03:00 DEBUG 3324 --- [Proyecto-Venta] [http-nio-8081-exec-1] org.hibernate.SQL                        : select d1_0.venta_id,d1_0.id,d1_0.activo,d1_0.cantidad,d1_0.precio_unitario,d1_0.producto_id,d1_0.subtotal_linea,d1_0.tasa_iva,d1_0.total_linea from venta_detalle d1_0 where d1_0.venta_id=? and (d1_0.activo = true)
2025-10-29T21:21:19.246-03:00 TRACE 3324 --- [Proyecto-Venta] [http-nio-8081-exec-1] org.hibernate.orm.jdbc.bind              : binding parameter (1:BIGINT) <- [18]
2025-10-29T21:21:19.431-03:00 DEBUG 3324 --- [Proyecto-Venta] [http-nio-8081-exec-1] org.hibernate.SQL                        : select d1_0.venta_id,d1_0.id,d1_0.activo,d1_0.cantidad,d1_0.precio_unitario,d1_0.producto_id,d1_0.subtotal_linea,d1_0.tasa_iva,d1_0.total_linea from venta_detalle d1_0 where d1_0.venta_id=? and (d1_0.activo = true)
2025-10-29T21:21:19.431-03:00 TRACE 3324 --- [Proyecto-Venta] [http-nio-8081-exec-1] org.hibernate.orm.jdbc.bind              : binding parameter (1:BIGINT) <- [19]
2025-10-29T21:21:19.815-03:00  WARN 3324 --- [Proyecto-Venta] [http-nio-8081-exec-1] ration$PageModule$WarningLoggingModifier : Serializing PageImpl instances as-is is not supported, meaning that there is no guarantee about the stability of the resulting JSON structure!
	For a stable JSON structure, please use Spring Data's PagedModel (globally via @EnableSpringDataWebSupport(pageSerializationMode = VIA_DTO))
	or Spring HATEOAS and Spring Data's PagedResourcesAssembler as documented in https://docs.spring.io/spring-data/commons/reference/repositories/core-extensions.html#core.web.pageables.

2025-10-29T21:21:30.220-03:00  INFO 3324 --- [Proyecto-Venta] [http-nio-8081-exec-4] c.d.p.a.controller.CategoriaController   : GET /categorias/0/10?q=null
2025-10-29T21:21:30.432-03:00  INFO 3324 --- [Proyecto-Venta] [http-nio-8081-exec-4] c.d.p.apis.service.CategoriaService      : Listando categorias con filtro='null', página=0, tamaño=10
2025-10-29T21:21:30.439-03:00 DEBUG 3324 --- [Proyecto-Venta] [http-nio-8081-exec-4] org.hibernate.SQL                        : select c1_0.id,c1_0.activo,c1_0.nombre from categoria c1_0 where (c1_0.activo = true) order by c1_0.id desc offset ? rows fetch first ? rows only
2025-10-29T21:21:30.439-03:00 TRACE 3324 --- [Proyecto-Venta] [http-nio-8081-exec-4] org.hibernate.orm.jdbc.bind              : binding parameter (1:INTEGER) <- [0]
2025-10-29T21:21:30.439-03:00 TRACE 3324 --- [Proyecto-Venta] [http-nio-8081-exec-4] org.hibernate.orm.jdbc.bind              : binding parameter (2:INTEGER) <- [10]
2025-10-29T21:21:40.791-03:00  INFO 3324 --- [Proyecto-Venta] [http-nio-8081-exec-3] c.d.p.apis.controller.ClienteController  : GET /clientes?page=0&size=10 q=null
2025-10-29T21:21:40.981-03:00  INFO 3324 --- [Proyecto-Venta] [http-nio-8081-exec-3] c.d.p.apis.service.ClienteService        : Listado de clientes con filtro='null', página=0, tamaño=10
2025-10-29T21:21:40.982-03:00 DEBUG 3324 --- [Proyecto-Venta] [http-nio-8081-exec-3] org.hibernate.SQL                        : select c1_0.id,c1_0.activo,c1_0.correo,c1_0.direccion,c1_0.nombre,c1_0.ruc,c1_0.telefono from cliente c1_0 where (c1_0.activo = true) order by c1_0.id desc offset ? rows fetch first ? rows only
2025-10-29T21:21:40.982-03:00 TRACE 3324 --- [Proyecto-Venta] [http-nio-8081-exec-3] org.hibernate.orm.jdbc.bind              : binding parameter (1:INTEGER) <- [0]
2025-10-29T21:21:40.982-03:00 TRACE 3324 --- [Proyecto-Venta] [http-nio-8081-exec-3] org.hibernate.orm.jdbc.bind              : binding parameter (2:INTEGER) <- [10]
2025-10-29T21:21:41.177-03:00 DEBUG 3324 --- [Proyecto-Venta] [http-nio-8081-exec-3] org.hibernate.SQL                        : select count(c1_0.id) from cliente c1_0 where (c1_0.activo = true)
2025-10-29T21:21:50.479-03:00  INFO 13340 --- [http-nio-8082-exec-1] o.a.c.c.C.[Tomcat].[localhost].[/]       : Initializing Spring DispatcherServlet 'dispatcherServlet'
2025-10-29T21:21:50.479-03:00  INFO 13340 --- [http-nio-8082-exec-1] o.s.web.servlet.DispatcherServlet        : Initializing Servlet 'dispatcherServlet'
2025-10-29T21:21:50.480-03:00  INFO 13340 --- [http-nio-8082-exec-1] o.s.web.servlet.DispatcherServlet        : Completed initialization in 1 ms
2025-10-29T21:21:50.524-03:00  INFO 13340 --- [http-nio-8082-exec-1] c.d.p.apis.controller.CompraController   : GET /compras page=0 size=10 filtros: proveedorId=null, desde=null, hasta=null
2025-10-29T21:21:50.717-03:00  INFO 13340 --- [http-nio-8082-exec-1] c.d.p.apis.service.CompraService         : Trayendo lista de compras realizadas pagina=Page request [number: 0, size 10, sort: UNSORTED] por el proveedor con ID=null desde=null hasta=null
2025-10-29T21:21:50.772-03:00 DEBUG 13340 --- [http-nio-8082-exec-1] org.hibernate.SQL                        : select c1_0.id,c1_0.activo,c1_0.creado_en,c1_0.estado,c1_0.fecha_emision,c1_0.iva,c1_0.numero,c1_0.proveedor_id,c1_0.serie,c1_0.subtotal,c1_0.total from compra c1_0 where (c1_0.activo = true) offset ? rows fetch first ? rows only
2025-10-29T21:21:50.773-03:00 TRACE 13340 --- [http-nio-8082-exec-1] org.hibernate.orm.jdbc.bind              : binding parameter (1:INTEGER) <- [0]
2025-10-29T21:21:50.773-03:00 TRACE 13340 --- [http-nio-8082-exec-1] org.hibernate.orm.jdbc.bind              : binding parameter (2:INTEGER) <- [10]
2025-10-29T21:21:51.000-03:00 DEBUG 13340 --- [http-nio-8082-exec-1] c.d.p.apis.service.CompraService         : Cantidad de compras encontradas: 7
2025-10-29T21:21:51.003-03:00 DEBUG 13340 --- [http-nio-8082-exec-1] org.hibernate.SQL                        : select d1_0.compra_id,d1_0.id,d1_0.activo,d1_0.cantidad,d1_0.costo_unitario,d1_0.producto_id,d1_0.subtotal_linea,d1_0.tasa_iva,d1_0.total_linea from compra_detalle d1_0 where d1_0.compra_id=? and (d1_0.activo = true)
2025-10-29T21:21:51.003-03:00 TRACE 13340 --- [http-nio-8082-exec-1] org.hibernate.orm.jdbc.bind              : binding parameter (1:BIGINT) <- [2]
2025-10-29T21:21:51.203-03:00 DEBUG 13340 --- [http-nio-8082-exec-1] org.hibernate.SQL                        : select d1_0.compra_id,d1_0.id,d1_0.activo,d1_0.cantidad,d1_0.costo_unitario,d1_0.producto_id,d1_0.subtotal_linea,d1_0.tasa_iva,d1_0.total_linea from compra_detalle d1_0 where d1_0.compra_id=? and (d1_0.activo = true)
2025-10-29T21:21:51.203-03:00 TRACE 13340 --- [http-nio-8082-exec-1] org.hibernate.orm.jdbc.bind              : binding parameter (1:BIGINT) <- [3]
2025-10-29T21:21:51.390-03:00 DEBUG 13340 --- [http-nio-8082-exec-1] org.hibernate.SQL                        : select d1_0.compra_id,d1_0.id,d1_0.activo,d1_0.cantidad,d1_0.costo_unitario,d1_0.producto_id,d1_0.subtotal_linea,d1_0.tasa_iva,d1_0.total_linea from compra_detalle d1_0 where d1_0.compra_id=? and (d1_0.activo = true)
2025-10-29T21:21:51.390-03:00 TRACE 13340 --- [http-nio-8082-exec-1] org.hibernate.orm.jdbc.bind              : binding parameter (1:BIGINT) <- [4]
2025-10-29T21:21:51.578-03:00 DEBUG 13340 --- [http-nio-8082-exec-1] org.hibernate.SQL                        : select d1_0.compra_id,d1_0.id,d1_0.activo,d1_0.cantidad,d1_0.costo_unitario,d1_0.producto_id,d1_0.subtotal_linea,d1_0.tasa_iva,d1_0.total_linea from compra_detalle d1_0 where d1_0.compra_id=? and (d1_0.activo = true)
2025-10-29T21:21:51.579-03:00 TRACE 13340 --- [http-nio-8082-exec-1] org.hibernate.orm.jdbc.bind              : binding parameter (1:BIGINT) <- [5]
2025-10-29T21:21:51.761-03:00 DEBUG 13340 --- [http-nio-8082-exec-1] org.hibernate.SQL                        : select d1_0.compra_id,d1_0.id,d1_0.activo,d1_0.cantidad,d1_0.costo_unitario,d1_0.producto_id,d1_0.subtotal_linea,d1_0.tasa_iva,d1_0.total_linea from compra_detalle d1_0 where d1_0.compra_id=? and (d1_0.activo = true)
2025-10-29T21:21:51.761-03:00 TRACE 13340 --- [http-nio-8082-exec-1] org.hibernate.orm.jdbc.bind              : binding parameter (1:BIGINT) <- [6]
2025-10-29T21:21:51.946-03:00 DEBUG 13340 --- [http-nio-8082-exec-1] org.hibernate.SQL                        : select d1_0.compra_id,d1_0.id,d1_0.activo,d1_0.cantidad,d1_0.costo_unitario,d1_0.producto_id,d1_0.subtotal_linea,d1_0.tasa_iva,d1_0.total_linea from compra_detalle d1_0 where d1_0.compra_id=? and (d1_0.activo = true)
2025-10-29T21:21:51.947-03:00 TRACE 13340 --- [http-nio-8082-exec-1] org.hibernate.orm.jdbc.bind              : binding parameter (1:BIGINT) <- [7]
2025-10-29T21:21:52.138-03:00 DEBUG 13340 --- [http-nio-8082-exec-1] org.hibernate.SQL                        : select d1_0.compra_id,d1_0.id,d1_0.activo,d1_0.cantidad,d1_0.costo_unitario,d1_0.producto_id,d1_0.subtotal_linea,d1_0.tasa_iva,d1_0.total_linea from compra_detalle d1_0 where d1_0.compra_id=? and (d1_0.activo = true)
2025-10-29T21:21:52.138-03:00 TRACE 13340 --- [http-nio-8082-exec-1] org.hibernate.orm.jdbc.bind              : binding parameter (1:BIGINT) <- [8]
2025-10-29T21:21:52.519-03:00  WARN 13340 --- [http-nio-8082-exec-1] ration$PageModule$WarningLoggingModifier : Serializing PageImpl instances as-is is not supported, meaning that there is no guarantee about the stability of the resulting JSON structure!
	For a stable JSON structure, please use Spring Data's PagedModel (globally via @EnableSpringDataWebSupport(pageSerializationMode = VIA_DTO))
	or Spring HATEOAS and Spring Data's PagedResourcesAssembler as documented in https://docs.spring.io/spring-data/commons/reference/repositories/core-extensions.html#core.web.pageables.

2025-10-29T21:22:06.223-03:00  INFO 13340 --- [SpringApplicationShutdownHook] o.s.c.n.e.s.EurekaServiceRegistry        : Unregistering application UNKNOWN with eureka with status DOWN
2025-10-29T21:22:06.223-03:00  INFO 13340 --- [SpringApplicationShutdownHook] com.netflix.discovery.DiscoveryClient    : Saw local status change event StatusChangeEvent [timestamp=1761783726223, current=DOWN, previous=UP]
2025-10-29T21:22:06.223-03:00  INFO 13340 --- [DiscoveryClient-InstanceInfoReplicator-%d] com.netflix.discovery.DiscoveryClient    : DiscoveryClient_UNKNOWN/localhost:8082: registering service...
2025-10-29T21:22:06.226-03:00  INFO 13340 --- [SpringApplicationShutdownHook] o.s.b.w.e.tomcat.GracefulShutdown        : Commencing graceful shutdown. Waiting for active requests to complete
2025-10-29T21:22:06.228-03:00  INFO 3324 --- [Proyecto-Venta] [SpringApplicationShutdownHook] o.s.c.n.e.s.EurekaServiceRegistry        : Unregistering application PROYECTO-VENTA with eureka with status DOWN
2025-10-29T21:22:06.228-03:00  INFO 3324 --- [Proyecto-Venta] [SpringApplicationShutdownHook] com.netflix.discovery.DiscoveryClient    : Saw local status change event StatusChangeEvent [timestamp=1761783726228, current=DOWN, previous=UP]
2025-10-29T21:22:06.228-03:00  INFO 3324 --- [Proyecto-Venta] [DiscoveryClient-InstanceInfoReplicator-%d] com.netflix.discovery.DiscoveryClient    : DiscoveryClient_PROYECTO-VENTA/localhost:Proyecto-Venta:8081: registering service...
2025-10-29T21:22:06.230-03:00  INFO 13340 --- [DiscoveryClient-InstanceInfoReplicator-%d] c.n.d.s.t.d.RedirectingEurekaHttpClient  : Request execution error. endpoint=DefaultEndpoint{ serviceUrl='http://localhost:8761/eureka/} exception=I/O error on POST request for "http://localhost:8761/eureka/apps/UNKNOWN": localhost:8761 failed to respond stacktrace=org.springframework.web.client.ResourceAccessException: I/O error on POST request for "http://localhost:8761/eureka/apps/UNKNOWN": localhost:8761 failed to respond
	at org.springframework.web.client.RestTemplate.createResourceAccessException(RestTemplate.java:926)
	at org.springframework.web.client.RestTemplate.doExecute(RestTemplate.java:906)
	at org.springframework.web.client.RestTemplate.execute(RestTemplate.java:841)
	at org.springframework.web.client.RestTemplate.exchange(RestTemplate.java:702)
	at org.springframework.cloud.netflix.eureka.http.RestTemplateEurekaHttpClient.register(RestTemplateEurekaHttpClient.java:87)
	at com.netflix.discovery.shared.transport.decorator.EurekaHttpClientDecorator$1.execute(EurekaHttpClientDecorator.java:59)
	at com.netflix.discovery.shared.transport.decorator.RedirectingEurekaHttpClient.execute(RedirectingEurekaHttpClient.java:91)
	at com.netflix.discovery.shared.transport.decorator.EurekaHttpClientDecorator.register(EurekaHttpClientDecorator.java:56)
	at com.netflix.discovery.shared.transport.decorator.EurekaHttpClientDecorator$1.execute(EurekaHttpClientDecorator.java:59)
	at com.netflix.discovery.shared.transport.decorator.RetryableEurekaHttpClient.execute(RetryableEurekaHttpClient.java:120)
	at com.netflix.discovery.shared.transport.decorator.EurekaHttpClientDecorator.register(EurekaHttpClientDecorator.java:56)
	at com.netflix.discovery.shared.transport.decorator.EurekaHttpClientDecorator$1.execute(EurekaHttpClientDecorator.java:59)
	at com.netflix.discovery.shared.transport.decorator.SessionedEurekaHttpClient.execute(SessionedEurekaHttpClient.java:76)
	at com.netflix.discovery.shared.transport.decorator.EurekaHttpClientDecorator.register(EurekaHttpClientDecorator.java:56)
	at com.netflix.discovery.DiscoveryClient.register(DiscoveryClient.java:828)
	at com.netflix.discovery.InstanceInfoReplicator.run(InstanceInfoReplicator.java:125)
	at com.netflix.discovery.InstanceInfoReplicator$2.run(InstanceInfoReplicator.java:105)
	at java.base/java.util.concurrent.Executors$RunnableAdapter.call(Executors.java:545)
	at java.base/java.util.concurrent.FutureTask.run(FutureTask.java:328)
	at java.base/java.util.concurrent.ScheduledThreadPoolExecutor$ScheduledFutureTask.run(ScheduledThreadPoolExecutor.java:309)
	at java.base/java.util.concurrent.ThreadPoolExecutor.runWorker(ThreadPoolExecutor.java:1095)
	at java.base/java.util.concurrent.ThreadPoolExecutor$Worker.run(ThreadPoolExecutor.java:619)
	at java.base/java.lang.Thread.run(Thread.java:1447)
Caused by: org.apache.hc.core5.http.NoHttpResponseException: localhost:8761 failed to respond
	at org.apache.hc.core5.http.impl.io.DefaultBHttpClientConnection.receiveResponseHeader(DefaultBHttpClientConnection.java:333)
	at org.apache.hc.core5.http.impl.io.HttpRequestExecutor.execute(HttpRequestExecutor.java:196)
	at org.apache.hc.client5.http.impl.classic.InternalExecRuntime.lambda$execute$0(InternalExecRuntime.java:236)
	at org.apache.hc.client5.http.impl.io.PoolingHttpClientConnectionManager$InternalConnectionEndpoint.execute(PoolingHttpClientConnectionManager.java:791)
	at org.apache.hc.client5.http.impl.classic.InternalExecRuntime.execute(InternalExecRuntime.java:233)
	at org.apache.hc.client5.http.impl.classic.MainClientExec.execute(MainClientExec.java:120)
	at org.apache.hc.client5.http.impl.classic.ExecChainElement.execute(ExecChainElement.java:51)
	at org.apache.hc.client5.http.impl.classic.ConnectExec.execute(ConnectExec.java:200)
	at org.apache.hc.client5.http.impl.classic.ExecChainElement.execute(ExecChainElement.java:51)
	at org.apache.hc.client5.http.impl.classic.ProtocolExec.execute(ProtocolExec.java:195)
	at org.apache.hc.client5.http.impl.classic.ExecChainElement.execute(ExecChainElement.java:51)
	at org.apache.hc.client5.http.impl.classic.ContentCompressionExec.execute(ContentCompressionExec.java:150)
	at org.apache.hc.client5.http.impl.classic.ExecChainElement.execute(ExecChainElement.java:51)
	at org.apache.hc.client5.http.impl.classic.HttpRequestRetryExec.execute(HttpRequestRetryExec.java:113)
	at org.apache.hc.client5.http.impl.classic.ExecChainElement.execute(ExecChainElement.java:51)
	at org.apache.hc.client5.http.impl.classic.RedirectExec.execute(RedirectExec.java:110)
	at org.apache.hc.client5.http.impl.classic.ExecChainElement.execute(ExecChainElement.java:51)
	at org.apache.hc.client5.http.impl.classic.InternalHttpClient.doExecute(InternalHttpClient.java:185)
	at org.apache.hc.client5.http.impl.classic.CloseableHttpClient.execute(CloseableHttpClient.java:87)
	at org.apache.hc.client5.http.impl.classic.CloseableHttpClient.execute(CloseableHttpClient.java:55)
	at org.apache.hc.client5.http.classic.HttpClient.executeOpen(HttpClient.java:183)
	at org.springframework.http.client.HttpComponentsClientHttpRequest.executeInternal(HttpComponentsClientHttpRequest.java:99)
	at org.springframework.http.client.AbstractStreamingClientHttpRequest.executeInternal(AbstractStreamingClientHttpRequest.java:71)
	at org.springframework.http.client.AbstractClientHttpRequest.execute(AbstractClientHttpRequest.java:81)
	at org.springframework.http.client.InterceptingClientHttpRequest$InterceptingRequestExecution.execute(InterceptingClientHttpRequest.java:117)
	at org.springframework.cloud.netflix.eureka.http.RestTemplateTransportClientFactory.lambda$restTemplate$2(RestTemplateTransportClientFactory.java:145)
	at org.springframework.http.client.InterceptingClientHttpRequest$InterceptingRequestExecution.execute(InterceptingClientHttpRequest.java:88)
	at org.springframework.http.client.InterceptingClientHttpRequest.executeInternal(InterceptingClientHttpRequest.java:72)
	at org.springframework.http.client.AbstractBufferingClientHttpRequest.executeInternal(AbstractBufferingClientHttpRequest.java:48)
	at org.springframework.http.client.AbstractClientHttpRequest.execute(AbstractClientHttpRequest.java:81)
	at org.springframework.web.client.RestTemplate.doExecute(RestTemplate.java:900)
	... 21 more

2025-10-29T21:22:06.230-03:00  WARN 13340 --- [DiscoveryClient-InstanceInfoReplicator-%d] c.n.d.s.t.d.RetryableEurekaHttpClient    : Request execution failed with message: I/O error on POST request for "http://localhost:8761/eureka/apps/UNKNOWN": localhost:8761 failed to respond
2025-10-29T21:22:06.234-03:00  INFO 3324 --- [Proyecto-Venta] [SpringApplicationShutdownHook] o.s.b.w.e.tomcat.GracefulShutdown        : Commencing graceful shutdown. Waiting for active requests to complete
2025-10-29T21:22:06.241-03:00  INFO 3324 --- [Proyecto-Venta] [DiscoveryClient-InstanceInfoReplicator-%d] c.n.d.s.t.d.RedirectingEurekaHttpClient  : Request execution error. endpoint=DefaultEndpoint{ serviceUrl='http://localhost:8761/eureka/} exception=I/O error on POST request for "http://localhost:8761/eureka/apps/PROYECTO-VENTA": Connect to http://localhost:8761 failed: Connection refused: getsockopt stacktrace=org.springframework.web.client.ResourceAccessException: I/O error on POST request for "http://localhost:8761/eureka/apps/PROYECTO-VENTA": Connect to http://localhost:8761 failed: Connection refused: getsockopt
	at org.springframework.web.client.RestTemplate.createResourceAccessException(RestTemplate.java:926)
	at org.springframework.web.client.RestTemplate.doExecute(RestTemplate.java:906)
	at org.springframework.web.client.RestTemplate.execute(RestTemplate.java:841)
	at org.springframework.web.client.RestTemplate.exchange(RestTemplate.java:702)
	at org.springframework.cloud.netflix.eureka.http.RestTemplateEurekaHttpClient.register(RestTemplateEurekaHttpClient.java:87)
	at com.netflix.discovery.shared.transport.decorator.EurekaHttpClientDecorator$1.execute(EurekaHttpClientDecorator.java:59)
	at com.netflix.discovery.shared.transport.decorator.RedirectingEurekaHttpClient.execute(RedirectingEurekaHttpClient.java:91)
	at com.netflix.discovery.shared.transport.decorator.EurekaHttpClientDecorator.register(EurekaHttpClientDecorator.java:56)
	at com.netflix.discovery.shared.transport.decorator.EurekaHttpClientDecorator$1.execute(EurekaHttpClientDecorator.java:59)
	at com.netflix.discovery.shared.transport.decorator.RetryableEurekaHttpClient.execute(RetryableEurekaHttpClient.java:120)
	at com.netflix.discovery.shared.transport.decorator.EurekaHttpClientDecorator.register(EurekaHttpClientDecorator.java:56)
	at com.netflix.discovery.shared.transport.decorator.EurekaHttpClientDecorator$1.execute(EurekaHttpClientDecorator.java:59)
	at com.netflix.discovery.shared.transport.decorator.SessionedEurekaHttpClient.execute(SessionedEurekaHttpClient.java:76)
	at com.netflix.discovery.shared.transport.decorator.EurekaHttpClientDecorator.register(EurekaHttpClientDecorator.java:56)
	at com.netflix.discovery.DiscoveryClient.register(DiscoveryClient.java:828)
	at com.netflix.discovery.InstanceInfoReplicator.run(InstanceInfoReplicator.java:125)
	at com.netflix.discovery.InstanceInfoReplicator$2.run(InstanceInfoReplicator.java:105)
	at java.base/java.util.concurrent.Executors$RunnableAdapter.call(Executors.java:545)
	at java.base/java.util.concurrent.FutureTask.run(FutureTask.java:328)
	at java.base/java.util.concurrent.ScheduledThreadPoolExecutor$ScheduledFutureTask.run(ScheduledThreadPoolExecutor.java:309)
	at java.base/java.util.concurrent.ThreadPoolExecutor.runWorker(ThreadPoolExecutor.java:1095)
	at java.base/java.util.concurrent.ThreadPoolExecutor$Worker.run(ThreadPoolExecutor.java:619)
	at java.base/java.lang.Thread.run(Thread.java:1447)
Caused by: org.apache.hc.client5.http.HttpHostConnectException: Connect to http://localhost:8761 failed: Connection refused: getsockopt
	at java.base/sun.nio.ch.Net.pollConnect(Native Method)
	at java.base/sun.nio.ch.Net.pollConnectNow(Net.java:628)
	at java.base/sun.nio.ch.NioSocketImpl.timedFinishConnect(NioSocketImpl.java:533)
	at java.base/sun.nio.ch.NioSocketImpl.connect(NioSocketImpl.java:583)
	at java.base/java.net.SocksSocketImpl.connect(SocksSocketImpl.java:282)
	at java.base/java.net.Socket.connect(Socket.java:665)
	at org.apache.hc.client5.http.impl.io.DefaultHttpClientConnectionOperator.connect(DefaultHttpClientConnectionOperator.java:205)
	at org.apache.hc.client5.http.impl.io.PoolingHttpClientConnectionManager.connect(PoolingHttpClientConnectionManager.java:490)
	at org.apache.hc.client5.http.impl.classic.InternalExecRuntime.connectEndpoint(InternalExecRuntime.java:164)
	at org.apache.hc.client5.http.impl.classic.InternalExecRuntime.connectEndpoint(InternalExecRuntime.java:174)
	at org.apache.hc.client5.http.impl.classic.ConnectExec.execute(ConnectExec.java:144)
	at org.apache.hc.client5.http.impl.classic.ExecChainElement.execute(ExecChainElement.java:51)
	at org.apache.hc.client5.http.impl.classic.ProtocolExec.execute(ProtocolExec.java:195)
	at org.apache.hc.client5.http.impl.classic.ExecChainElement.execute(ExecChainElement.java:51)
	at org.apache.hc.client5.http.impl.classic.ContentCompressionExec.execute(ContentCompressionExec.java:150)
	at org.apache.hc.client5.http.impl.classic.ExecChainElement.execute(ExecChainElement.java:51)
	at org.apache.hc.client5.http.impl.classic.HttpRequestRetryExec.execute(HttpRequestRetryExec.java:113)
	at org.apache.hc.client5.http.impl.classic.ExecChainElement.execute(ExecChainElement.java:51)
	at org.apache.hc.client5.http.impl.classic.RedirectExec.execute(RedirectExec.java:110)
	at org.apache.hc.client5.http.impl.classic.ExecChainElement.execute(ExecChainElement.java:51)
	at org.apache.hc.client5.http.impl.classic.InternalHttpClient.doExecute(InternalHttpClient.java:185)
	at org.apache.hc.client5.http.impl.classic.CloseableHttpClient.execute(CloseableHttpClient.java:87)
	at org.apache.hc.client5.http.impl.classic.CloseableHttpClient.execute(CloseableHttpClient.java:55)
	at org.apache.hc.client5.http.classic.HttpClient.executeOpen(HttpClient.java:183)
	at org.springframework.http.client.HttpComponentsClientHttpRequest.executeInternal(HttpComponentsClientHttpRequest.java:99)
	at org.springframework.http.client.AbstractStreamingClientHttpRequest.executeInternal(AbstractStreamingClientHttpRequest.java:71)
	at org.springframework.http.client.AbstractClientHttpRequest.execute(AbstractClientHttpRequest.java:81)
	at org.springframework.http.client.InterceptingClientHttpRequest$InterceptingRequestExecution.execute(InterceptingClientHttpRequest.java:117)
	at org.springframework.cloud.netflix.eureka.http.RestTemplateTransportClientFactory.lambda$restTemplate$2(RestTemplateTransportClientFactory.java:145)
	at org.springframework.http.client.InterceptingClientHttpRequest$InterceptingRequestExecution.execute(InterceptingClientHttpRequest.java:88)
	at org.springframework.http.client.InterceptingClientHttpRequest.executeInternal(InterceptingClientHttpRequest.java:72)
	at org.springframework.http.client.AbstractBufferingClientHttpRequest.executeInternal(AbstractBufferingClientHttpRequest.java:48)
	at org.springframework.http.client.AbstractClientHttpRequest.execute(AbstractClientHttpRequest.java:81)
	at org.springframework.web.client.RestTemplate.doExecute(RestTemplate.java:900)
	... 21 more

2025-10-29T21:22:06.241-03:00  WARN 3324 --- [Proyecto-Venta] [DiscoveryClient-InstanceInfoReplicator-%d] c.n.d.s.t.d.RetryableEurekaHttpClient    : Request execution failed with message: I/O error on POST request for "http://localhost:8761/eureka/apps/PROYECTO-VENTA": Connect to http://localhost:8761 failed: Connection refused: getsockopt
2025-10-29T21:22:06.244-03:00  INFO 13340 --- [DiscoveryClient-InstanceInfoReplicator-%d] c.n.d.s.t.d.RedirectingEurekaHttpClient  : Request execution error. endpoint=DefaultEndpoint{ serviceUrl='http://localhost:8761/eureka/}, exception=I/O error on POST request for "http://localhost:8761/eureka/apps/UNKNOWN": Connect to http://localhost:8761 failed: Connection refused: getsockopt stacktrace=org.springframework.web.client.ResourceAccessException: I/O error on POST request for "http://localhost:8761/eureka/apps/UNKNOWN": Connect to http://localhost:8761 failed: Connection refused: getsockopt
	at org.springframework.web.client.RestTemplate.createResourceAccessException(RestTemplate.java:926)
	at org.springframework.web.client.RestTemplate.doExecute(RestTemplate.java:906)
	at org.springframework.web.client.RestTemplate.execute(RestTemplate.java:841)
	at org.springframework.web.client.RestTemplate.exchange(RestTemplate.java:702)
	at org.springframework.cloud.netflix.eureka.http.RestTemplateEurekaHttpClient.register(RestTemplateEurekaHttpClient.java:87)
	at com.netflix.discovery.shared.transport.decorator.EurekaHttpClientDecorator$1.execute(EurekaHttpClientDecorator.java:59)
	at com.netflix.discovery.shared.transport.decorator.RedirectingEurekaHttpClient.executeOnNewServer(RedirectingEurekaHttpClient.java:121)
	at com.netflix.discovery.shared.transport.decorator.RedirectingEurekaHttpClient.execute(RedirectingEurekaHttpClient.java:80)
	at com.netflix.discovery.shared.transport.decorator.EurekaHttpClientDecorator.register(EurekaHttpClientDecorator.java:56)
	at com.netflix.discovery.shared.transport.decorator.EurekaHttpClientDecorator$1.execute(EurekaHttpClientDecorator.java:59)
	at com.netflix.discovery.shared.transport.decorator.RetryableEurekaHttpClient.execute(RetryableEurekaHttpClient.java:120)
	at com.netflix.discovery.shared.transport.decorator.EurekaHttpClientDecorator.register(EurekaHttpClientDecorator.java:56)
	at com.netflix.discovery.shared.transport.decorator.EurekaHttpClientDecorator$1.execute(EurekaHttpClientDecorator.java:59)
	at com.netflix.discovery.shared.transport.decorator.SessionedEurekaHttpClient.execute(SessionedEurekaHttpClient.java:76)
	at com.netflix.discovery.shared.transport.decorator.EurekaHttpClientDecorator.register(EurekaHttpClientDecorator.java:56)
	at com.netflix.discovery.DiscoveryClient.register(DiscoveryClient.java:828)
	at com.netflix.discovery.InstanceInfoReplicator.run(InstanceInfoReplicator.java:125)
	at com.netflix.discovery.InstanceInfoReplicator$2.run(InstanceInfoReplicator.java:105)
	at java.base/java.util.concurrent.Executors$RunnableAdapter.call(Executors.java:545)
	at java.base/java.util.concurrent.FutureTask.run(FutureTask.java:328)
	at java.base/java.util.concurrent.ScheduledThreadPoolExecutor$ScheduledFutureTask.run(ScheduledThreadPoolExecutor.java:309)
	at java.base/java.util.concurrent.ThreadPoolExecutor.runWorker(ThreadPoolExecutor.java:1095)
	at java.base/java.util.concurrent.ThreadPoolExecutor$Worker.run(ThreadPoolExecutor.java:619)
	at java.base/java.lang.Thread.run(Thread.java:1447)
Caused by: org.apache.hc.client5.http.HttpHostConnectException: Connect to http://localhost:8761 failed: Connection refused: getsockopt
	at java.base/sun.nio.ch.Net.pollConnect(Native Method)
	at java.base/sun.nio.ch.Net.pollConnectNow(Net.java:628)
	at java.base/sun.nio.ch.NioSocketImpl.timedFinishConnect(NioSocketImpl.java:533)
	at java.base/sun.nio.ch.NioSocketImpl.connect(NioSocketImpl.java:583)
	at java.base/java.net.SocksSocketImpl.connect(SocksSocketImpl.java:282)
	at java.base/java.net.Socket.connect(Socket.java:665)
	at org.apache.hc.client5.http.impl.io.DefaultHttpClientConnectionOperator.connect(DefaultHttpClientConnectionOperator.java:205)
	at org.apache.hc.client5.http.impl.io.PoolingHttpClientConnectionManager.connect(PoolingHttpClientConnectionManager.java:490)
	at org.apache.hc.client5.http.impl.classic.InternalExecRuntime.connectEndpoint(InternalExecRuntime.java:164)
	at org.apache.hc.client5.http.impl.classic.InternalExecRuntime.connectEndpoint(InternalExecRuntime.java:174)
	at org.apache.hc.client5.http.impl.classic.ConnectExec.execute(ConnectExec.java:144)
	at org.apache.hc.client5.http.impl.classic.ExecChainElement.execute(ExecChainElement.java:51)
	at org.apache.hc.client5.http.impl.classic.ProtocolExec.execute(ProtocolExec.java:195)
	at org.apache.hc.client5.http.impl.classic.ExecChainElement.execute(ExecChainElement.java:51)
	at org.apache.hc.client5.http.impl.classic.ContentCompressionExec.execute(ContentCompressionExec.java:150)
	at org.apache.hc.client5.http.impl.classic.ExecChainElement.execute(ExecChainElement.java:51)
	at org.apache.hc.client5.http.impl.classic.HttpRequestRetryExec.execute(HttpRequestRetryExec.java:113)
	at org.apache.hc.client5.http.impl.classic.ExecChainElement.execute(ExecChainElement.java:51)
	at org.apache.hc.client5.http.impl.classic.RedirectExec.execute(RedirectExec.java:110)
	at org.apache.hc.client5.http.impl.classic.ExecChainElement.execute(ExecChainElement.java:51)
	at org.apache.hc.client5.http.impl.classic.InternalHttpClient.doExecute(InternalHttpClient.java:185)
	at org.apache.hc.client5.http.impl.classic.CloseableHttpClient.execute(CloseableHttpClient.java:87)
	at org.apache.hc.client5.http.impl.classic.CloseableHttpClient.execute(CloseableHttpClient.java:55)
	at org.apache.hc.client5.http.classic.HttpClient.executeOpen(HttpClient.java:183)
	at org.springframework.http.client.HttpComponentsClientHttpRequest.executeInternal(HttpComponentsClientHttpRequest.java:99)
	at org.springframework.http.client.AbstractStreamingClientHttpRequest.executeInternal(AbstractStreamingClientHttpRequest.java:71)
	at org.springframework.http.client.AbstractClientHttpRequest.execute(AbstractClientHttpRequest.java:81)
	at org.springframework.http.client.InterceptingClientHttpRequest$InterceptingRequestExecution.execute(InterceptingClientHttpRequest.java:117)
	at org.springframework.cloud.netflix.eureka.http.RestTemplateTransportClientFactory.lambda$restTemplate$2(RestTemplateTransportClientFactory.java:145)
	at org.springframework.http.client.InterceptingClientHttpRequest$InterceptingRequestExecution.execute(InterceptingClientHttpRequest.java:88)
	at org.springframework.http.client.InterceptingClientHttpRequest.executeInternal(InterceptingClientHttpRequest.java:72)
	at org.springframework.http.client.AbstractBufferingClientHttpRequest.executeInternal(AbstractBufferingClientHttpRequest.java:48)
	at org.springframework.http.client.AbstractClientHttpRequest.execute(AbstractClientHttpRequest.java:81)
	at org.springframework.web.client.RestTemplate.doExecute(RestTemplate.java:900)
	... 22 more

2025-10-29T21:22:06.244-03:00  WARN 13340 --- [DiscoveryClient-InstanceInfoReplicator-%d] c.n.d.s.t.d.RetryableEurekaHttpClient    : Request execution failed with message: I/O error on POST request for "http://localhost:8761/eureka/apps/UNKNOWN": Connect to http://localhost:8761 failed: Connection refused: getsockopt
2025-10-29T21:22:06.245-03:00  WARN 13340 --- [DiscoveryClient-InstanceInfoReplicator-%d] com.netflix.discovery.DiscoveryClient    : DiscoveryClient_UNKNOWN/localhost:8082 - registration failed Cannot execute request on any known server

com.netflix.discovery.shared.transport.TransportException: Cannot execute request on any known server
	at com.netflix.discovery.shared.transport.decorator.RetryableEurekaHttpClient.execute(RetryableEurekaHttpClient.java:112) ~[eureka-client-2.0.4.jar:2.0.4]
	at com.netflix.discovery.shared.transport.decorator.EurekaHttpClientDecorator.register(EurekaHttpClientDecorator.java:56) ~[eureka-client-2.0.4.jar:2.0.4]
	at com.netflix.discovery.shared.transport.decorator.EurekaHttpClientDecorator$1.execute(EurekaHttpClientDecorator.java:59) ~[eureka-client-2.0.4.jar:2.0.4]
	at com.netflix.discovery.shared.transport.decorator.SessionedEurekaHttpClient.execute(SessionedEurekaHttpClient.java:76) ~[eureka-client-2.0.4.jar:2.0.4]
	at com.netflix.discovery.shared.transport.decorator.EurekaHttpClientDecorator.register(EurekaHttpClientDecorator.java:56) ~[eureka-client-2.0.4.jar:2.0.4]
	at com.netflix.discovery.DiscoveryClient.register(DiscoveryClient.java:828) ~[eureka-client-2.0.4.jar:2.0.4]
	at com.netflix.discovery.InstanceInfoReplicator.run(InstanceInfoReplicator.java:125) ~[eureka-client-2.0.4.jar:2.0.4]
	at com.netflix.discovery.InstanceInfoReplicator$2.run(InstanceInfoReplicator.java:105) ~[eureka-client-2.0.4.jar:2.0.4]
	at java.base/java.util.concurrent.Executors$RunnableAdapter.call(Executors.java:545) ~[na:na]
	at java.base/java.util.concurrent.FutureTask.run(FutureTask.java:328) ~[na:na]
	at java.base/java.util.concurrent.ScheduledThreadPoolExecutor$ScheduledFutureTask.run(ScheduledThreadPoolExecutor.java:309) ~[na:na]
	at java.base/java.util.concurrent.ThreadPoolExecutor.runWorker(ThreadPoolExecutor.java:1095) ~[na:na]
	at java.base/java.util.concurrent.ThreadPoolExecutor$Worker.run(ThreadPoolExecutor.java:619) ~[na:na]
	at java.base/java.lang.Thread.run(Thread.java:1447) ~[na:na]

2025-10-29T21:22:06.248-03:00  WARN 13340 --- [DiscoveryClient-InstanceInfoReplicator-%d] c.n.discovery.InstanceInfoReplicator     : There was a problem with the instance info replicator

com.netflix.discovery.shared.transport.TransportException: Cannot execute request on any known server
	at com.netflix.discovery.shared.transport.decorator.RetryableEurekaHttpClient.execute(RetryableEurekaHttpClient.java:112) ~[eureka-client-2.0.4.jar:2.0.4]
	at com.netflix.discovery.shared.transport.decorator.EurekaHttpClientDecorator.register(EurekaHttpClientDecorator.java:56) ~[eureka-client-2.0.4.jar:2.0.4]
	at com.netflix.discovery.shared.transport.decorator.EurekaHttpClientDecorator$1.execute(EurekaHttpClientDecorator.java:59) ~[eureka-client-2.0.4.jar:2.0.4]
	at com.netflix.discovery.shared.transport.decorator.SessionedEurekaHttpClient.execute(SessionedEurekaHttpClient.java:76) ~[eureka-client-2.0.4.jar:2.0.4]
	at com.netflix.discovery.shared.transport.decorator.EurekaHttpClientDecorator.register(EurekaHttpClientDecorator.java:56) ~[eureka-client-2.0.4.jar:2.0.4]
	at com.netflix.discovery.DiscoveryClient.register(DiscoveryClient.java:828) ~[eureka-client-2.0.4.jar:2.0.4]
	at com.netflix.discovery.InstanceInfoReplicator.run(InstanceInfoReplicator.java:125) ~[eureka-client-2.0.4.jar:2.0.4]
	at com.netflix.discovery.InstanceInfoReplicator$2.run(InstanceInfoReplicator.java:105) ~[eureka-client-2.0.4.jar:2.0.4]
	at java.base/java.util.concurrent.Executors$RunnableAdapter.call(Executors.java:545) ~[na:na]
	at java.base/java.util.concurrent.FutureTask.run(FutureTask.java:328) ~[na:na]
	at java.base/java.util.concurrent.ScheduledThreadPoolExecutor$ScheduledFutureTask.run(ScheduledThreadPoolExecutor.java:309) ~[na:na]
	at java.base/java.util.concurrent.ThreadPoolExecutor.runWorker(ThreadPoolExecutor.java:1095) ~[na:na]
	at java.base/java.util.concurrent.ThreadPoolExecutor$Worker.run(ThreadPoolExecutor.java:619) ~[na:na]
	at java.base/java.lang.Thread.run(Thread.java:1447) ~[na:na]

2025-10-29T21:22:06.251-03:00  INFO 3324 --- [Proyecto-Venta] [tomcat-shutdown] o.s.b.w.e.tomcat.GracefulShutdown        : Graceful shutdown complete
2025-10-29T21:22:06.251-03:00  INFO 3324 --- [Proyecto-Venta] [DiscoveryClient-InstanceInfoReplicator-%d] c.n.d.s.t.d.RedirectingEurekaHttpClient  : Request execution error. endpoint=DefaultEndpoint{ serviceUrl='http://localhost:8761/eureka/}, exception=I/O error on POST request for "http://localhost:8761/eureka/apps/PROYECTO-VENTA": Connect to http://localhost:8761 failed: Connection refused: getsockopt stacktrace=org.springframework.web.client.ResourceAccessException: I/O error on POST request for "http://localhost:8761/eureka/apps/PROYECTO-VENTA": Connect to http://localhost:8761 failed: Connection refused: getsockopt
	at org.springframework.web.client.RestTemplate.createResourceAccessException(RestTemplate.java:926)
	at org.springframework.web.client.RestTemplate.doExecute(RestTemplate.java:906)
	at org.springframework.web.client.RestTemplate.execute(RestTemplate.java:841)
	at org.springframework.web.client.RestTemplate.exchange(RestTemplate.java:702)
	at org.springframework.cloud.netflix.eureka.http.RestTemplateEurekaHttpClient.register(RestTemplateEurekaHttpClient.java:87)
	at com.netflix.discovery.shared.transport.decorator.EurekaHttpClientDecorator$1.execute(EurekaHttpClientDecorator.java:59)
	at com.netflix.discovery.shared.transport.decorator.RedirectingEurekaHttpClient.executeOnNewServer(RedirectingEurekaHttpClient.java:121)
	at com.netflix.discovery.shared.transport.decorator.RedirectingEurekaHttpClient.execute(RedirectingEurekaHttpClient.java:80)
	at com.netflix.discovery.shared.transport.decorator.EurekaHttpClientDecorator.register(EurekaHttpClientDecorator.java:56)
	at com.netflix.discovery.shared.transport.decorator.EurekaHttpClientDecorator$1.execute(EurekaHttpClientDecorator.java:59)
	at com.netflix.discovery.shared.transport.decorator.RetryableEurekaHttpClient.execute(RetryableEurekaHttpClient.java:120)
	at com.netflix.discovery.shared.transport.decorator.EurekaHttpClientDecorator.register(EurekaHttpClientDecorator.java:56)
	at com.netflix.discovery.shared.transport.decorator.EurekaHttpClientDecorator$1.execute(EurekaHttpClientDecorator.java:59)
	at com.netflix.discovery.shared.transport.decorator.SessionedEurekaHttpClient.execute(SessionedEurekaHttpClient.java:76)
	at com.netflix.discovery.shared.transport.decorator.EurekaHttpClientDecorator.register(EurekaHttpClientDecorator.java:56)
	at com.netflix.discovery.DiscoveryClient.register(DiscoveryClient.java:828)
	at com.netflix.discovery.InstanceInfoReplicator.run(InstanceInfoReplicator.java:125)
	at com.netflix.discovery.InstanceInfoReplicator$2.run(InstanceInfoReplicator.java:105)
	at java.base/java.util.concurrent.Executors$RunnableAdapter.call(Executors.java:545)
	at java.base/java.util.concurrent.FutureTask.run(FutureTask.java:328)
	at java.base/java.util.concurrent.ScheduledThreadPoolExecutor$ScheduledFutureTask.run(ScheduledThreadPoolExecutor.java:309)
	at java.base/java.util.concurrent.ThreadPoolExecutor.runWorker(ThreadPoolExecutor.java:1095)
	at java.base/java.util.concurrent.ThreadPoolExecutor$Worker.run(ThreadPoolExecutor.java:619)
	at java.base/java.lang.Thread.run(Thread.java:1447)
Caused by: org.apache.hc.client5.http.HttpHostConnectException: Connect to http://localhost:8761 failed: Connection refused: getsockopt
	at java.base/sun.nio.ch.Net.pollConnect(Native Method)
	at java.base/sun.nio.ch.Net.pollConnectNow(Net.java:628)
	at java.base/sun.nio.ch.NioSocketImpl.timedFinishConnect(NioSocketImpl.java:533)
	at java.base/sun.nio.ch.NioSocketImpl.connect(NioSocketImpl.java:583)
	at java.base/java.net.SocksSocketImpl.connect(SocksSocketImpl.java:282)
	at java.base/java.net.Socket.connect(Socket.java:665)
	at org.apache.hc.client5.http.impl.io.DefaultHttpClientConnectionOperator.connect(DefaultHttpClientConnectionOperator.java:205)
	at org.apache.hc.client5.http.impl.io.PoolingHttpClientConnectionManager.connect(PoolingHttpClientConnectionManager.java:490)
	at org.apache.hc.client5.http.impl.classic.InternalExecRuntime.connectEndpoint(InternalExecRuntime.java:164)
	at org.apache.hc.client5.http.impl.classic.InternalExecRuntime.connectEndpoint(InternalExecRuntime.java:174)
	at org.apache.hc.client5.http.impl.classic.ConnectExec.execute(ConnectExec.java:144)
	at org.apache.hc.client5.http.impl.classic.ExecChainElement.execute(ExecChainElement.java:51)
	at org.apache.hc.client5.http.impl.classic.ProtocolExec.execute(ProtocolExec.java:195)
	at org.apache.hc.client5.http.impl.classic.ExecChainElement.execute(ExecChainElement.java:51)
	at org.apache.hc.client5.http.impl.classic.ContentCompressionExec.execute(ContentCompressionExec.java:150)
	at org.apache.hc.client5.http.impl.classic.ExecChainElement.execute(ExecChainElement.java:51)
	at org.apache.hc.client5.http.impl.classic.HttpRequestRetryExec.execute(HttpRequestRetryExec.java:113)
	at org.apache.hc.client5.http.impl.classic.ExecChainElement.execute(ExecChainElement.java:51)
	at org.apache.hc.client5.http.impl.classic.RedirectExec.execute(RedirectExec.java:110)
	at org.apache.hc.client5.http.impl.classic.ExecChainElement.execute(ExecChainElement.java:51)
	at org.apache.hc.client5.http.impl.classic.InternalHttpClient.doExecute(InternalHttpClient.java:185)
	at org.apache.hc.client5.http.impl.classic.CloseableHttpClient.execute(CloseableHttpClient.java:87)
	at org.apache.hc.client5.http.impl.classic.CloseableHttpClient.execute(CloseableHttpClient.java:55)
	at org.apache.hc.client5.http.classic.HttpClient.executeOpen(HttpClient.java:183)
	at org.springframework.http.client.HttpComponentsClientHttpRequest.executeInternal(HttpComponentsClientHttpRequest.java:99)
	at org.springframework.http.client.AbstractStreamingClientHttpRequest.executeInternal(AbstractStreamingClientHttpRequest.java:71)
	at org.springframework.http.client.AbstractClientHttpRequest.execute(AbstractClientHttpRequest.java:81)
	at org.springframework.http.client.InterceptingClientHttpRequest$InterceptingRequestExecution.execute(InterceptingClientHttpRequest.java:117)
	at org.springframework.cloud.netflix.eureka.http.RestTemplateTransportClientFactory.lambda$restTemplate$2(RestTemplateTransportClientFactory.java:145)
	at org.springframework.http.client.InterceptingClientHttpRequest$InterceptingRequestExecution.execute(InterceptingClientHttpRequest.java:88)
	at org.springframework.http.client.InterceptingClientHttpRequest.executeInternal(InterceptingClientHttpRequest.java:72)
	at org.springframework.http.client.AbstractBufferingClientHttpRequest.executeInternal(AbstractBufferingClientHttpRequest.java:48)
	at org.springframework.http.client.AbstractClientHttpRequest.execute(AbstractClientHttpRequest.java:81)
	at org.springframework.web.client.RestTemplate.doExecute(RestTemplate.java:900)
	... 22 more

2025-10-29T21:22:06.251-03:00  WARN 3324 --- [Proyecto-Venta] [DiscoveryClient-InstanceInfoReplicator-%d] c.n.d.s.t.d.RetryableEurekaHttpClient    : Request execution failed with message: I/O error on POST request for "http://localhost:8761/eureka/apps/PROYECTO-VENTA": Connect to http://localhost:8761 failed: Connection refused: getsockopt
2025-10-29T21:22:06.253-03:00  INFO 13340 --- [tomcat-shutdown] o.s.b.w.e.tomcat.GracefulShutdown        : Graceful shutdown complete
2025-10-29T21:22:06.251-03:00  WARN 3324 --- [Proyecto-Venta] [DiscoveryClient-InstanceInfoReplicator-%d] com.netflix.discovery.DiscoveryClient    : DiscoveryClient_PROYECTO-VENTA/localhost:Proyecto-Venta:8081 - registration failed Cannot execute request on any known server

com.netflix.discovery.shared.transport.TransportException: Cannot execute request on any known server
	at com.netflix.discovery.shared.transport.decorator.RetryableEurekaHttpClient.execute(RetryableEurekaHttpClient.java:112) ~[eureka-client-2.0.4.jar:2.0.4]
	at com.netflix.discovery.shared.transport.decorator.EurekaHttpClientDecorator.register(EurekaHttpClientDecorator.java:56) ~[eureka-client-2.0.4.jar:2.0.4]
	at com.netflix.discovery.shared.transport.decorator.EurekaHttpClientDecorator$1.execute(EurekaHttpClientDecorator.java:59) ~[eureka-client-2.0.4.jar:2.0.4]
	at com.netflix.discovery.shared.transport.decorator.SessionedEurekaHttpClient.execute(SessionedEurekaHttpClient.java:76) ~[eureka-client-2.0.4.jar:2.0.4]
	at com.netflix.discovery.shared.transport.decorator.EurekaHttpClientDecorator.register(EurekaHttpClientDecorator.java:56) ~[eureka-client-2.0.4.jar:2.0.4]
	at com.netflix.discovery.DiscoveryClient.register(DiscoveryClient.java:828) ~[eureka-client-2.0.4.jar:2.0.4]
	at com.netflix.discovery.InstanceInfoReplicator.run(InstanceInfoReplicator.java:125) ~[eureka-client-2.0.4.jar:2.0.4]
	at com.netflix.discovery.InstanceInfoReplicator$2.run(InstanceInfoReplicator.java:105) ~[eureka-client-2.0.4.jar:2.0.4]
	at java.base/java.util.concurrent.Executors$RunnableAdapter.call(Executors.java:545) ~[na:na]
	at java.base/java.util.concurrent.FutureTask.run(FutureTask.java:328) ~[na:na]
	at java.base/java.util.concurrent.ScheduledThreadPoolExecutor$ScheduledFutureTask.run(ScheduledThreadPoolExecutor.java:309) ~[na:na]
	at java.base/java.util.concurrent.ThreadPoolExecutor.runWorker(ThreadPoolExecutor.java:1095) ~[na:na]
	at java.base/java.util.concurrent.ThreadPoolExecutor$Worker.run(ThreadPoolExecutor.java:619) ~[na:na]
	at java.base/java.lang.Thread.run(Thread.java:1447) ~[na:na]

2025-10-29T21:22:06.254-03:00  WARN 3324 --- [Proyecto-Venta] [DiscoveryClient-InstanceInfoReplicator-%d] c.n.discovery.InstanceInfoReplicator     : There was a problem with the instance info replicator

com.netflix.discovery.shared.transport.TransportException: Cannot execute request on any known server
	at com.netflix.discovery.shared.transport.decorator.RetryableEurekaHttpClient.execute(RetryableEurekaHttpClient.java:112) ~[eureka-client-2.0.4.jar:2.0.4]
	at com.netflix.discovery.shared.transport.decorator.EurekaHttpClientDecorator.register(EurekaHttpClientDecorator.java:56) ~[eureka-client-2.0.4.jar:2.0.4]
	at com.netflix.discovery.shared.transport.decorator.EurekaHttpClientDecorator$1.execute(EurekaHttpClientDecorator.java:59) ~[eureka-client-2.0.4.jar:2.0.4]
	at com.netflix.discovery.shared.transport.decorator.SessionedEurekaHttpClient.execute(SessionedEurekaHttpClient.java:76) ~[eureka-client-2.0.4.jar:2.0.4]
	at com.netflix.discovery.shared.transport.decorator.EurekaHttpClientDecorator.register(EurekaHttpClientDecorator.java:56) ~[eureka-client-2.0.4.jar:2.0.4]
	at com.netflix.discovery.DiscoveryClient.register(DiscoveryClient.java:828) ~[eureka-client-2.0.4.jar:2.0.4]
	at com.netflix.discovery.InstanceInfoReplicator.run(InstanceInfoReplicator.java:125) ~[eureka-client-2.0.4.jar:2.0.4]
	at com.netflix.discovery.InstanceInfoReplicator$2.run(InstanceInfoReplicator.java:105) ~[eureka-client-2.0.4.jar:2.0.4]
	at java.base/java.util.concurrent.Executors$RunnableAdapter.call(Executors.java:545) ~[na:na]
	at java.base/java.util.concurrent.FutureTask.run(FutureTask.java:328) ~[na:na]
	at java.base/java.util.concurrent.ScheduledThreadPoolExecutor$ScheduledFutureTask.run(ScheduledThreadPoolExecutor.java:309) ~[na:na]
	at java.base/java.util.concurrent.ThreadPoolExecutor.runWorker(ThreadPoolExecutor.java:1095) ~[na:na]
	at java.base/java.util.concurrent.ThreadPoolExecutor$Worker.run(ThreadPoolExecutor.java:619) ~[na:na]
	at java.base/java.lang.Thread.run(Thread.java:1447) ~[na:na]

2025-10-29T21:22:06.256-03:00  INFO 3324 --- [Proyecto-Venta] [SpringApplicationShutdownHook] j.LocalContainerEntityManagerFactoryBean : Closing JPA EntityManagerFactory for persistence unit 'default'
2025-10-29T21:22:06.258-03:00  INFO 3324 --- [Proyecto-Venta] [SpringApplicationShutdownHook] com.zaxxer.hikari.HikariDataSource       : HikariPool-1 - Shutdown initiated...
2025-10-29T21:22:06.258-03:00  INFO 13340 --- [SpringApplicationShutdownHook] j.LocalContainerEntityManagerFactoryBean : Closing JPA EntityManagerFactory for persistence unit 'default'
2025-10-29T21:22:06.261-03:00  INFO 13340 --- [SpringApplicationShutdownHook] com.zaxxer.hikari.HikariDataSource       : HikariPool-1 - Shutdown initiated...
2025-10-29T21:22:07.408-03:00  INFO 13340 --- [SpringApplicationShutdownHook] com.zaxxer.hikari.HikariDataSource       : HikariPool-1 - Shutdown completed.
2025-10-29T21:22:07.409-03:00  INFO 13340 --- [SpringApplicationShutdownHook] com.netflix.discovery.DiscoveryClient    : Shutting down DiscoveryClient ...
2025-10-29T21:22:08.149-03:00  INFO 3324 --- [Proyecto-Venta] [SpringApplicationShutdownHook] com.zaxxer.hikari.HikariDataSource       : HikariPool-1 - Shutdown completed.
2025-10-29T21:22:08.150-03:00  INFO 3324 --- [Proyecto-Venta] [SpringApplicationShutdownHook] com.netflix.discovery.DiscoveryClient    : Shutting down DiscoveryClient ...
2025-10-29T21:22:10.176-03:00  INFO 13340 --- [DiscoveryClient-CacheRefreshExecutor-%d] c.n.d.s.t.d.RedirectingEurekaHttpClient  : Request execution error. endpoint=DefaultEndpoint{ serviceUrl='http://localhost:8761/eureka/} exception=I/O error on GET request for "http://localhost:8761/eureka/apps/delta": Connect to http://localhost:8761 failed: Connection refused: getsockopt stacktrace=org.springframework.web.client.ResourceAccessException: I/O error on GET request for "http://localhost:8761/eureka/apps/delta": Connect to http://localhost:8761 failed: Connection refused: getsockopt
	at org.springframework.web.client.RestTemplate.createResourceAccessException(RestTemplate.java:926)
	at org.springframework.web.client.RestTemplate.doExecute(RestTemplate.java:906)
	at org.springframework.web.client.RestTemplate.execute(RestTemplate.java:841)
	at org.springframework.web.client.RestTemplate.exchange(RestTemplate.java:702)
	at org.springframework.cloud.netflix.eureka.http.RestTemplateEurekaHttpClient.getApplicationsInternal(RestTemplateEurekaHttpClient.java:174)
	at org.springframework.cloud.netflix.eureka.http.RestTemplateEurekaHttpClient.getDelta(RestTemplateEurekaHttpClient.java:186)
	at com.netflix.discovery.shared.transport.decorator.EurekaHttpClientDecorator$7.execute(EurekaHttpClientDecorator.java:152)
	at com.netflix.discovery.shared.transport.decorator.RedirectingEurekaHttpClient.execute(RedirectingEurekaHttpClient.java:91)
	at com.netflix.discovery.shared.transport.decorator.EurekaHttpClientDecorator.getDelta(EurekaHttpClientDecorator.java:149)
	at com.netflix.discovery.shared.transport.decorator.EurekaHttpClientDecorator$7.execute(EurekaHttpClientDecorator.java:152)
	at com.netflix.discovery.shared.transport.decorator.RetryableEurekaHttpClient.execute(RetryableEurekaHttpClient.java:120)
	at com.netflix.discovery.shared.transport.decorator.EurekaHttpClientDecorator.getDelta(EurekaHttpClientDecorator.java:149)
	at com.netflix.discovery.shared.transport.decorator.EurekaHttpClientDecorator$7.execute(EurekaHttpClientDecorator.java:152)
	at com.netflix.discovery.shared.transport.decorator.SessionedEurekaHttpClient.execute(SessionedEurekaHttpClient.java:76)
	at com.netflix.discovery.shared.transport.decorator.EurekaHttpClientDecorator.getDelta(EurekaHttpClientDecorator.java:149)
	at com.netflix.discovery.DiscoveryClient.getAndUpdateDelta(DiscoveryClient.java:1080)
	at com.netflix.discovery.DiscoveryClient.fetchRegistry(DiscoveryClient.java:963)
	at com.netflix.discovery.DiscoveryClient.refreshRegistry(DiscoveryClient.java:1473)
	at com.netflix.discovery.DiscoveryClient$CacheRefreshThread.run(DiscoveryClient.java:1441)
	at java.base/java.util.concurrent.Executors$RunnableAdapter.call(Executors.java:545)
	at java.base/java.util.concurrent.FutureTask.run(FutureTask.java:328)
	at java.base/java.util.concurrent.ThreadPoolExecutor.runWorker(ThreadPoolExecutor.java:1095)
	at java.base/java.util.concurrent.ThreadPoolExecutor$Worker.run(ThreadPoolExecutor.java:619)
	at java.base/java.lang.Thread.run(Thread.java:1447)
Caused by: org.apache.hc.client5.http.HttpHostConnectException: Connect to http://localhost:8761 failed: Connection refused: getsockopt
	at java.base/sun.nio.ch.Net.pollConnect(Native Method)
	at java.base/sun.nio.ch.Net.pollConnectNow(Net.java:628)
	at java.base/sun.nio.ch.NioSocketImpl.timedFinishConnect(NioSocketImpl.java:533)
	at java.base/sun.nio.ch.NioSocketImpl.connect(NioSocketImpl.java:583)
	at java.base/java.net.SocksSocketImpl.connect(SocksSocketImpl.java:282)
	at java.base/java.net.Socket.connect(Socket.java:665)
	at org.apache.hc.client5.http.impl.io.DefaultHttpClientConnectionOperator.connect(DefaultHttpClientConnectionOperator.java:205)
	at org.apache.hc.client5.http.impl.io.PoolingHttpClientConnectionManager.connect(PoolingHttpClientConnectionManager.java:490)
	at org.apache.hc.client5.http.impl.classic.InternalExecRuntime.connectEndpoint(InternalExecRuntime.java:164)
	at org.apache.hc.client5.http.impl.classic.InternalExecRuntime.connectEndpoint(InternalExecRuntime.java:174)
	at org.apache.hc.client5.http.impl.classic.ConnectExec.execute(ConnectExec.java:144)
	at org.apache.hc.client5.http.impl.classic.ExecChainElement.execute(ExecChainElement.java:51)
	at org.apache.hc.client5.http.impl.classic.ProtocolExec.execute(ProtocolExec.java:195)
	at org.apache.hc.client5.http.impl.classic.ExecChainElement.execute(ExecChainElement.java:51)
	at org.apache.hc.client5.http.impl.classic.ContentCompressionExec.execute(ContentCompressionExec.java:150)
	at org.apache.hc.client5.http.impl.classic.ExecChainElement.execute(ExecChainElement.java:51)
	at org.apache.hc.client5.http.impl.classic.HttpRequestRetryExec.execute(HttpRequestRetryExec.java:113)
	at org.apache.hc.client5.http.impl.classic.ExecChainElement.execute(ExecChainElement.java:51)
	at org.apache.hc.client5.http.impl.classic.RedirectExec.execute(RedirectExec.java:110)
	at org.apache.hc.client5.http.impl.classic.ExecChainElement.execute(ExecChainElement.java:51)
	at org.apache.hc.client5.http.impl.classic.InternalHttpClient.doExecute(InternalHttpClient.java:185)
	at org.apache.hc.client5.http.impl.classic.CloseableHttpClient.execute(CloseableHttpClient.java:87)
	at org.apache.hc.client5.http.impl.classic.CloseableHttpClient.execute(CloseableHttpClient.java:55)
	at org.apache.hc.client5.http.classic.HttpClient.executeOpen(HttpClient.java:183)
	at org.springframework.http.client.HttpComponentsClientHttpRequest.executeInternal(HttpComponentsClientHttpRequest.java:99)
	at org.springframework.http.client.AbstractStreamingClientHttpRequest.executeInternal(AbstractStreamingClientHttpRequest.java:71)
	at org.springframework.http.client.AbstractClientHttpRequest.execute(AbstractClientHttpRequest.java:81)
	at org.springframework.http.client.InterceptingClientHttpRequest$InterceptingRequestExecution.execute(InterceptingClientHttpRequest.java:117)
	at org.springframework.cloud.netflix.eureka.http.RestTemplateTransportClientFactory.lambda$restTemplate$2(RestTemplateTransportClientFactory.java:145)
	at org.springframework.http.client.InterceptingClientHttpRequest$InterceptingRequestExecution.execute(InterceptingClientHttpRequest.java:88)
	at org.springframework.http.client.InterceptingClientHttpRequest.executeInternal(InterceptingClientHttpRequest.java:72)
	at org.springframework.http.client.AbstractBufferingClientHttpRequest.executeInternal(AbstractBufferingClientHttpRequest.java:48)
	at org.springframework.http.client.AbstractClientHttpRequest.execute(AbstractClientHttpRequest.java:81)
	at org.springframework.web.client.RestTemplate.doExecute(RestTemplate.java:900)
	... 22 more

2025-10-29T21:22:10.176-03:00  WARN 13340 --- [DiscoveryClient-CacheRefreshExecutor-%d] c.n.d.s.t.d.RetryableEurekaHttpClient    : Request execution failed with message: I/O error on GET request for "http://localhost:8761/eureka/apps/delta": Connect to http://localhost:8761 failed: Connection refused: getsockopt
2025-10-29T21:22:10.182-03:00  INFO 13340 --- [DiscoveryClient-HeartbeatExecutor-%d] c.n.d.s.t.d.RedirectingEurekaHttpClient  : Request execution error. endpoint=DefaultEndpoint{ serviceUrl='http://localhost:8761/eureka/}, exception=I/O error on PUT request for "http://localhost:8761/eureka/apps/UNKNOWN/localhost:8082": Connect to http://localhost:8761 failed: Connection refused: getsockopt stacktrace=org.springframework.web.client.ResourceAccessException: I/O error on PUT request for "http://localhost:8761/eureka/apps/UNKNOWN/localhost:8082": Connect to http://localhost:8761 failed: Connection refused: getsockopt
	at org.springframework.web.client.RestTemplate.createResourceAccessException(RestTemplate.java:926)
	at org.springframework.web.client.RestTemplate.doExecute(RestTemplate.java:906)
	at org.springframework.web.client.RestTemplate.execute(RestTemplate.java:841)
	at org.springframework.web.client.RestTemplate.exchange(RestTemplate.java:702)
	at org.springframework.cloud.netflix.eureka.http.RestTemplateEurekaHttpClient.sendHeartBeat(RestTemplateEurekaHttpClient.java:119)
	at com.netflix.discovery.shared.transport.decorator.EurekaHttpClientDecorator$3.execute(EurekaHttpClientDecorator.java:92)
	at com.netflix.discovery.shared.transport.decorator.RedirectingEurekaHttpClient.executeOnNewServer(RedirectingEurekaHttpClient.java:121)
	at com.netflix.discovery.shared.transport.decorator.RedirectingEurekaHttpClient.execute(RedirectingEurekaHttpClient.java:80)
	at com.netflix.discovery.shared.transport.decorator.EurekaHttpClientDecorator.sendHeartBeat(EurekaHttpClientDecorator.java:89)
	at com.netflix.discovery.shared.transport.decorator.EurekaHttpClientDecorator$3.execute(EurekaHttpClientDecorator.java:92)
	at com.netflix.discovery.shared.transport.decorator.RetryableEurekaHttpClient.execute(RetryableEurekaHttpClient.java:120)
	at com.netflix.discovery.shared.transport.decorator.EurekaHttpClientDecorator.sendHeartBeat(EurekaHttpClientDecorator.java:89)
	at com.netflix.discovery.shared.transport.decorator.EurekaHttpClientDecorator$3.execute(EurekaHttpClientDecorator.java:92)
	at com.netflix.discovery.shared.transport.decorator.SessionedEurekaHttpClient.execute(SessionedEurekaHttpClient.java:76)
	at com.netflix.discovery.shared.transport.decorator.EurekaHttpClientDecorator.sendHeartBeat(EurekaHttpClientDecorator.java:89)
	at com.netflix.discovery.DiscoveryClient.renew(DiscoveryClient.java:845)
	at com.netflix.discovery.DiscoveryClient$HeartbeatThread.run(DiscoveryClient.java:1402)
	at java.base/java.util.concurrent.Executors$RunnableAdapter.call(Executors.java:545)
	at java.base/java.util.concurrent.FutureTask.run(FutureTask.java:328)
	at java.base/java.util.concurrent.ThreadPoolExecutor.runWorker(ThreadPoolExecutor.java:1095)
	at java.base/java.util.concurrent.ThreadPoolExecutor$Worker.run(ThreadPoolExecutor.java:619)
	at java.base/java.lang.Thread.run(Thread.java:1447)
Caused by: org.apache.hc.client5.http.HttpHostConnectException: Connect to http://localhost:8761 failed: Connection refused: getsockopt
	at java.base/sun.nio.ch.Net.pollConnect(Native Method)
	at java.base/sun.nio.ch.Net.pollConnectNow(Net.java:628)
	at java.base/sun.nio.ch.NioSocketImpl.timedFinishConnect(NioSocketImpl.java:533)
	at java.base/sun.nio.ch.NioSocketImpl.connect(NioSocketImpl.java:583)
	at java.base/java.net.SocksSocketImpl.connect(SocksSocketImpl.java:282)
	at java.base/java.net.Socket.connect(Socket.java:665)
	at org.apache.hc.client5.http.impl.io.DefaultHttpClientConnectionOperator.connect(DefaultHttpClientConnectionOperator.java:205)
	at org.apache.hc.client5.http.impl.io.PoolingHttpClientConnectionManager.connect(PoolingHttpClientConnectionManager.java:490)
	at org.apache.hc.client5.http.impl.classic.InternalExecRuntime.connectEndpoint(InternalExecRuntime.java:164)
	at org.apache.hc.client5.http.impl.classic.InternalExecRuntime.connectEndpoint(InternalExecRuntime.java:174)
	at org.apache.hc.client5.http.impl.classic.ConnectExec.execute(ConnectExec.java:144)
	at org.apache.hc.client5.http.impl.classic.ExecChainElement.execute(ExecChainElement.java:51)
	at org.apache.hc.client5.http.impl.classic.ProtocolExec.execute(ProtocolExec.java:195)
	at org.apache.hc.client5.http.impl.classic.ExecChainElement.execute(ExecChainElement.java:51)
	at org.apache.hc.client5.http.impl.classic.ContentCompressionExec.execute(ContentCompressionExec.java:150)
	at org.apache.hc.client5.http.impl.classic.ExecChainElement.execute(ExecChainElement.java:51)
	at org.apache.hc.client5.http.impl.classic.HttpRequestRetryExec.execute(HttpRequestRetryExec.java:113)
	at org.apache.hc.client5.http.impl.classic.ExecChainElement.execute(ExecChainElement.java:51)
	at org.apache.hc.client5.http.impl.classic.RedirectExec.execute(RedirectExec.java:110)
	at org.apache.hc.client5.http.impl.classic.ExecChainElement.execute(ExecChainElement.java:51)
	at org.apache.hc.client5.http.impl.classic.InternalHttpClient.doExecute(InternalHttpClient.java:185)
	at org.apache.hc.client5.http.impl.classic.CloseableHttpClient.execute(CloseableHttpClient.java:87)
	at org.apache.hc.client5.http.impl.classic.CloseableHttpClient.execute(CloseableHttpClient.java:55)
	at org.apache.hc.client5.http.classic.HttpClient.executeOpen(HttpClient.java:183)
	at org.springframework.http.client.HttpComponentsClientHttpRequest.executeInternal(HttpComponentsClientHttpRequest.java:99)
	at org.springframework.http.client.AbstractStreamingClientHttpRequest.executeInternal(AbstractStreamingClientHttpRequest.java:71)
	at org.springframework.http.client.AbstractClientHttpRequest.execute(AbstractClientHttpRequest.java:81)
	at org.springframework.http.client.InterceptingClientHttpRequest$InterceptingRequestExecution.execute(InterceptingClientHttpRequest.java:117)
	at org.springframework.cloud.netflix.eureka.http.RestTemplateTransportClientFactory.lambda$restTemplate$2(RestTemplateTransportClientFactory.java:145)
	at org.springframework.http.client.InterceptingClientHttpRequest$InterceptingRequestExecution.execute(InterceptingClientHttpRequest.java:88)
	at org.springframework.http.client.InterceptingClientHttpRequest.executeInternal(InterceptingClientHttpRequest.java:72)
	at org.springframework.http.client.AbstractBufferingClientHttpRequest.executeInternal(AbstractBufferingClientHttpRequest.java:48)
	at org.springframework.http.client.AbstractClientHttpRequest.execute(AbstractClientHttpRequest.java:81)
	at org.springframework.web.client.RestTemplate.doExecute(RestTemplate.java:900)
	... 20 more

2025-10-29T21:22:10.182-03:00  WARN 13340 --- [DiscoveryClient-HeartbeatExecutor-%d] c.n.d.s.t.d.RetryableEurekaHttpClient    : Request execution failed with message: I/O error on PUT request for "http://localhost:8761/eureka/apps/UNKNOWN/localhost:8082": Connect to http://localhost:8761 failed: Connection refused: getsockopt
2025-10-29T21:22:10.182-03:00 ERROR 13340 --- [DiscoveryClient-HeartbeatExecutor-%d] com.netflix.discovery.DiscoveryClient    : DiscoveryClient_UNKNOWN/localhost:8082 - was unable to send heartbeat!

com.netflix.discovery.shared.transport.TransportException: Cannot execute request on any known server
	at com.netflix.discovery.shared.transport.decorator.RetryableEurekaHttpClient.execute(RetryableEurekaHttpClient.java:112) ~[eureka-client-2.0.4.jar:2.0.4]
	at com.netflix.discovery.shared.transport.decorator.EurekaHttpClientDecorator.sendHeartBeat(EurekaHttpClientDecorator.java:89) ~[eureka-client-2.0.4.jar:2.0.4]
	at com.netflix.discovery.shared.transport.decorator.EurekaHttpClientDecorator$3.execute(EurekaHttpClientDecorator.java:92) ~[eureka-client-2.0.4.jar:2.0.4]
	at com.netflix.discovery.shared.transport.decorator.SessionedEurekaHttpClient.execute(SessionedEurekaHttpClient.java:76) ~[eureka-client-2.0.4.jar:2.0.4]
	at com.netflix.discovery.shared.transport.decorator.EurekaHttpClientDecorator.sendHeartBeat(EurekaHttpClientDecorator.java:89) ~[eureka-client-2.0.4.jar:2.0.4]
	at com.netflix.discovery.DiscoveryClient.renew(DiscoveryClient.java:845) ~[eureka-client-2.0.4.jar:2.0.4]
	at com.netflix.discovery.DiscoveryClient$HeartbeatThread.run(DiscoveryClient.java:1402) ~[eureka-client-2.0.4.jar:2.0.4]
	at java.base/java.util.concurrent.Executors$RunnableAdapter.call(Executors.java:545) ~[na:na]
	at java.base/java.util.concurrent.FutureTask.run(FutureTask.java:328) ~[na:na]
	at java.base/java.util.concurrent.ThreadPoolExecutor.runWorker(ThreadPoolExecutor.java:1095) ~[na:na]
	at java.base/java.util.concurrent.ThreadPoolExecutor$Worker.run(ThreadPoolExecutor.java:619) ~[na:na]
	at java.base/java.lang.Thread.run(Thread.java:1447) ~[na:na]

2025-10-29T21:22:10.204-03:00  INFO 13340 --- [DiscoveryClient-CacheRefreshExecutor-%d] c.n.d.s.t.d.RedirectingEurekaHttpClient  : Request execution error. endpoint=DefaultEndpoint{ serviceUrl='http://localhost:8761/eureka/}, exception=I/O error on GET request for "http://localhost:8761/eureka/apps/delta": Connect to http://localhost:8761 failed: Connection refused: getsockopt stacktrace=org.springframework.web.client.ResourceAccessException: I/O error on GET request for "http://localhost:8761/eureka/apps/delta": Connect to http://localhost:8761 failed: Connection refused: getsockopt
	at org.springframework.web.client.RestTemplate.createResourceAccessException(RestTemplate.java:926)
	at org.springframework.web.client.RestTemplate.doExecute(RestTemplate.java:906)
	at org.springframework.web.client.RestTemplate.execute(RestTemplate.java:841)
	at org.springframework.web.client.RestTemplate.exchange(RestTemplate.java:702)
	at org.springframework.cloud.netflix.eureka.http.RestTemplateEurekaHttpClient.getApplicationsInternal(RestTemplateEurekaHttpClient.java:174)
	at org.springframework.cloud.netflix.eureka.http.RestTemplateEurekaHttpClient.getDelta(RestTemplateEurekaHttpClient.java:186)
	at com.netflix.discovery.shared.transport.decorator.EurekaHttpClientDecorator$7.execute(EurekaHttpClientDecorator.java:152)
	at com.netflix.discovery.shared.transport.decorator.RedirectingEurekaHttpClient.executeOnNewServer(RedirectingEurekaHttpClient.java:121)
	at com.netflix.discovery.shared.transport.decorator.RedirectingEurekaHttpClient.execute(RedirectingEurekaHttpClient.java:80)
	at com.netflix.discovery.shared.transport.decorator.EurekaHttpClientDecorator.getDelta(EurekaHttpClientDecorator.java:149)
	at com.netflix.discovery.shared.transport.decorator.EurekaHttpClientDecorator$7.execute(EurekaHttpClientDecorator.java:152)
	at com.netflix.discovery.shared.transport.decorator.RetryableEurekaHttpClient.execute(RetryableEurekaHttpClient.java:120)
	at com.netflix.discovery.shared.transport.decorator.EurekaHttpClientDecorator.getDelta(EurekaHttpClientDecorator.java:149)
	at com.netflix.discovery.shared.transport.decorator.EurekaHttpClientDecorator$7.execute(EurekaHttpClientDecorator.java:152)
	at com.netflix.discovery.shared.transport.decorator.SessionedEurekaHttpClient.execute(SessionedEurekaHttpClient.java:76)
	at com.netflix.discovery.shared.transport.decorator.EurekaHttpClientDecorator.getDelta(EurekaHttpClientDecorator.java:149)
	at com.netflix.discovery.DiscoveryClient.getAndUpdateDelta(DiscoveryClient.java:1080)
	at com.netflix.discovery.DiscoveryClient.fetchRegistry(DiscoveryClient.java:963)
	at com.netflix.discovery.DiscoveryClient.refreshRegistry(DiscoveryClient.java:1473)
	at com.netflix.discovery.DiscoveryClient$CacheRefreshThread.run(DiscoveryClient.java:1441)
	at java.base/java.util.concurrent.Executors$RunnableAdapter.call(Executors.java:545)
	at java.base/java.util.concurrent.FutureTask.run(FutureTask.java:328)
	at java.base/java.util.concurrent.ThreadPoolExecutor.runWorker(ThreadPoolExecutor.java:1095)
	at java.base/java.util.concurrent.ThreadPoolExecutor$Worker.run(ThreadPoolExecutor.java:619)
	at java.base/java.lang.Thread.run(Thread.java:1447)
Caused by: org.apache.hc.client5.http.HttpHostConnectException: Connect to http://localhost:8761 failed: Connection refused: getsockopt
	at java.base/sun.nio.ch.Net.pollConnect(Native Method)
	at java.base/sun.nio.ch.Net.pollConnectNow(Net.java:628)
	at java.base/sun.nio.ch.NioSocketImpl.timedFinishConnect(NioSocketImpl.java:533)
	at java.base/sun.nio.ch.NioSocketImpl.connect(NioSocketImpl.java:583)
	at java.base/java.net.SocksSocketImpl.connect(SocksSocketImpl.java:282)
	at java.base/java.net.Socket.connect(Socket.java:665)
	at org.apache.hc.client5.http.impl.io.DefaultHttpClientConnectionOperator.connect(DefaultHttpClientConnectionOperator.java:205)
	at org.apache.hc.client5.http.impl.io.PoolingHttpClientConnectionManager.connect(PoolingHttpClientConnectionManager.java:490)
	at org.apache.hc.client5.http.impl.classic.InternalExecRuntime.connectEndpoint(InternalExecRuntime.java:164)
	at org.apache.hc.client5.http.impl.classic.InternalExecRuntime.connectEndpoint(InternalExecRuntime.java:174)
	at org.apache.hc.client5.http.impl.classic.ConnectExec.execute(ConnectExec.java:144)
	at org.apache.hc.client5.http.impl.classic.ExecChainElement.execute(ExecChainElement.java:51)
	at org.apache.hc.client5.http.impl.classic.ProtocolExec.execute(ProtocolExec.java:195)
	at org.apache.hc.client5.http.impl.classic.ExecChainElement.execute(ExecChainElement.java:51)
	at org.apache.hc.client5.http.impl.classic.ContentCompressionExec.execute(ContentCompressionExec.java:150)
	at org.apache.hc.client5.http.impl.classic.ExecChainElement.execute(ExecChainElement.java:51)
	at org.apache.hc.client5.http.impl.classic.HttpRequestRetryExec.execute(HttpRequestRetryExec.java:113)
	at org.apache.hc.client5.http.impl.classic.ExecChainElement.execute(ExecChainElement.java:51)
	at org.apache.hc.client5.http.impl.classic.RedirectExec.execute(RedirectExec.java:110)
	at org.apache.hc.client5.http.impl.classic.ExecChainElement.execute(ExecChainElement.java:51)
	at org.apache.hc.client5.http.impl.classic.InternalHttpClient.doExecute(InternalHttpClient.java:185)
	at org.apache.hc.client5.http.impl.classic.CloseableHttpClient.execute(CloseableHttpClient.java:87)
	at org.apache.hc.client5.http.impl.classic.CloseableHttpClient.execute(CloseableHttpClient.java:55)
	at org.apache.hc.client5.http.classic.HttpClient.executeOpen(HttpClient.java:183)
	at org.springframework.http.client.HttpComponentsClientHttpRequest.executeInternal(HttpComponentsClientHttpRequest.java:99)
	at org.springframework.http.client.AbstractStreamingClientHttpRequest.executeInternal(AbstractStreamingClientHttpRequest.java:71)
	at org.springframework.http.client.AbstractClientHttpRequest.execute(AbstractClientHttpRequest.java:81)
	at org.springframework.http.client.InterceptingClientHttpRequest$InterceptingRequestExecution.execute(InterceptingClientHttpRequest.java:117)
	at org.springframework.cloud.netflix.eureka.http.RestTemplateTransportClientFactory.lambda$restTemplate$2(RestTemplateTransportClientFactory.java:145)
	at org.springframework.http.client.InterceptingClientHttpRequest$InterceptingRequestExecution.execute(InterceptingClientHttpRequest.java:88)
	at org.springframework.http.client.InterceptingClientHttpRequest.executeInternal(InterceptingClientHttpRequest.java:72)
	at org.springframework.http.client.AbstractBufferingClientHttpRequest.executeInternal(AbstractBufferingClientHttpRequest.java:48)
	at org.springframework.http.client.AbstractClientHttpRequest.execute(AbstractClientHttpRequest.java:81)
	at org.springframework.web.client.RestTemplate.doExecute(RestTemplate.java:900)
	... 23 more

2025-10-29T21:22:10.204-03:00  WARN 13340 --- [DiscoveryClient-CacheRefreshExecutor-%d] c.n.d.s.t.d.RetryableEurekaHttpClient    : Request execution failed with message: I/O error on GET request for "http://localhost:8761/eureka/apps/delta": Connect to http://localhost:8761 failed: Connection refused: getsockopt
2025-10-29T21:22:10.204-03:00  INFO 13340 --- [DiscoveryClient-CacheRefreshExecutor-%d] com.netflix.discovery.DiscoveryClient    : DiscoveryClient_UNKNOWN/localhost:8082 - was unable to refresh its cache! This periodic background refresh will be retried in 30 seconds. status = Cannot execute request on any known server stacktrace = com.netflix.discovery.shared.transport.TransportException: Cannot execute request on any known server
	at com.netflix.discovery.shared.transport.decorator.RetryableEurekaHttpClient.execute(RetryableEurekaHttpClient.java:112)
	at com.netflix.discovery.shared.transport.decorator.EurekaHttpClientDecorator.getDelta(EurekaHttpClientDecorator.java:149)
	at com.netflix.discovery.shared.transport.decorator.EurekaHttpClientDecorator$7.execute(EurekaHttpClientDecorator.java:152)
	at com.netflix.discovery.shared.transport.decorator.SessionedEurekaHttpClient.execute(SessionedEurekaHttpClient.java:76)
	at com.netflix.discovery.shared.transport.decorator.EurekaHttpClientDecorator.getDelta(EurekaHttpClientDecorator.java:149)
	at com.netflix.discovery.DiscoveryClient.getAndUpdateDelta(DiscoveryClient.java:1080)
	at com.netflix.discovery.DiscoveryClient.fetchRegistry(DiscoveryClient.java:963)
	at com.netflix.discovery.DiscoveryClient.refreshRegistry(DiscoveryClient.java:1473)
	at com.netflix.discovery.DiscoveryClient$CacheRefreshThread.run(DiscoveryClient.java:1441)
	at java.base/java.util.concurrent.Executors$RunnableAdapter.call(Executors.java:545)
	at java.base/java.util.concurrent.FutureTask.run(FutureTask.java:328)
	at java.base/java.util.concurrent.ThreadPoolExecutor.runWorker(ThreadPoolExecutor.java:1095)
	at java.base/java.util.concurrent.ThreadPoolExecutor$Worker.run(ThreadPoolExecutor.java:619)
	at java.base/java.lang.Thread.run(Thread.java:1447)

2025-10-29T21:22:10.410-03:00  INFO 13340 --- [SpringApplicationShutdownHook] com.netflix.discovery.DiscoveryClient    : Unregistering ...
2025-10-29T21:22:10.436-03:00  INFO 13340 --- [SpringApplicationShutdownHook] c.n.d.s.t.d.RedirectingEurekaHttpClient  : Request execution error. endpoint=DefaultEndpoint{ serviceUrl='http://localhost:8761/eureka/}, exception=I/O error on DELETE request for "http://localhost:8761/eureka/apps/UNKNOWN/localhost:8082": Connect to http://localhost:8761 failed: Connection refused: getsockopt stacktrace=org.springframework.web.client.ResourceAccessException: I/O error on DELETE request for "http://localhost:8761/eureka/apps/UNKNOWN/localhost:8082": Connect to http://localhost:8761 failed: Connection refused: getsockopt
	at org.springframework.web.client.RestTemplate.createResourceAccessException(RestTemplate.java:926)
	at org.springframework.web.client.RestTemplate.doExecute(RestTemplate.java:906)
	at org.springframework.web.client.RestTemplate.execute(RestTemplate.java:841)
	at org.springframework.web.client.RestTemplate.exchange(RestTemplate.java:702)
	at org.springframework.cloud.netflix.eureka.http.RestTemplateEurekaHttpClient.cancel(RestTemplateEurekaHttpClient.java:100)
	at com.netflix.discovery.shared.transport.decorator.EurekaHttpClientDecorator$2.execute(EurekaHttpClientDecorator.java:74)
	at com.netflix.discovery.shared.transport.decorator.RedirectingEurekaHttpClient.executeOnNewServer(RedirectingEurekaHttpClient.java:121)
	at com.netflix.discovery.shared.transport.decorator.RedirectingEurekaHttpClient.execute(RedirectingEurekaHttpClient.java:80)
	at com.netflix.discovery.shared.transport.decorator.EurekaHttpClientDecorator.cancel(EurekaHttpClientDecorator.java:71)
	at com.netflix.discovery.shared.transport.decorator.EurekaHttpClientDecorator$2.execute(EurekaHttpClientDecorator.java:74)
	at com.netflix.discovery.shared.transport.decorator.RetryableEurekaHttpClient.execute(RetryableEurekaHttpClient.java:120)
	at com.netflix.discovery.shared.transport.decorator.EurekaHttpClientDecorator.cancel(EurekaHttpClientDecorator.java:71)
	at com.netflix.discovery.shared.transport.decorator.EurekaHttpClientDecorator$2.execute(EurekaHttpClientDecorator.java:74)
	at com.netflix.discovery.shared.transport.decorator.SessionedEurekaHttpClient.execute(SessionedEurekaHttpClient.java:76)
	at com.netflix.discovery.shared.transport.decorator.EurekaHttpClientDecorator.cancel(EurekaHttpClientDecorator.java:71)
	at com.netflix.discovery.DiscoveryClient.unregister(DiscoveryClient.java:919)
	at com.netflix.discovery.DiscoveryClient.shutdown(DiscoveryClient.java:900)
	at java.base/jdk.internal.reflect.DirectMethodHandleAccessor.invoke(DirectMethodHandleAccessor.java:104)
	at java.base/java.lang.reflect.Method.invoke(Method.java:565)
	at org.springframework.beans.factory.annotation.InitDestroyAnnotationBeanPostProcessor$LifecycleMethod.invoke(InitDestroyAnnotationBeanPostProcessor.java:457)
	at org.springframework.beans.factory.annotation.InitDestroyAnnotationBeanPostProcessor$LifecycleMetadata.invokeDestroyMethods(InitDestroyAnnotationBeanPostProcessor.java:415)
	at org.springframework.beans.factory.annotation.InitDestroyAnnotationBeanPostProcessor.postProcessBeforeDestruction(InitDestroyAnnotationBeanPostProcessor.java:239)
	at org.springframework.beans.factory.support.DisposableBeanAdapter.destroy(DisposableBeanAdapter.java:202)
	at org.springframework.beans.factory.support.DisposableBeanAdapter.run(DisposableBeanAdapter.java:195)
	at org.springframework.cloud.context.scope.GenericScope$BeanLifecycleWrapper.destroy(GenericScope.java:387)
	at org.springframework.cloud.context.scope.GenericScope.destroy(GenericScope.java:134)
	at org.springframework.beans.factory.support.DisposableBeanAdapter.destroy(DisposableBeanAdapter.java:211)
	at org.springframework.beans.factory.support.DefaultSingletonBeanRegistry.destroyBean(DefaultSingletonBeanRegistry.java:798)
	at org.springframework.beans.factory.support.DefaultSingletonBeanRegistry.destroySingleton(DefaultSingletonBeanRegistry.java:748)
	at org.springframework.beans.factory.support.DefaultListableBeanFactory.destroySingleton(DefaultListableBeanFactory.java:1481)
	at org.springframework.beans.factory.support.DefaultSingletonBeanRegistry.destroySingletons(DefaultSingletonBeanRegistry.java:707)
	at org.springframework.beans.factory.support.DefaultListableBeanFactory.destroySingletons(DefaultListableBeanFactory.java:1474)
	at org.springframework.context.support.AbstractApplicationContext.destroyBeans(AbstractApplicationContext.java:1219)
	at org.springframework.context.support.AbstractApplicationContext.doClose(AbstractApplicationContext.java:1180)
	at org.springframework.boot.web.servlet.context.ServletWebServerApplicationContext.doClose(ServletWebServerApplicationContext.java:179)
	at org.springframework.context.support.AbstractApplicationContext.close(AbstractApplicationContext.java:1126)
	at org.springframework.boot.SpringApplicationShutdownHook.closeAndWait(SpringApplicationShutdownHook.java:147)
	at java.base/java.lang.Iterable.forEach(Iterable.java:75)
	at org.springframework.boot.SpringApplicationShutdownHook.run(SpringApplicationShutdownHook.java:116)
	at java.base/java.lang.Thread.run(Thread.java:1447)
Caused by: org.apache.hc.client5.http.HttpHostConnectException: Connect to http://localhost:8761 failed: Connection refused: getsockopt
	at java.base/sun.nio.ch.Net.pollConnect(Native Method)
	at java.base/sun.nio.ch.Net.pollConnectNow(Net.java:628)
	at java.base/sun.nio.ch.NioSocketImpl.timedFinishConnect(NioSocketImpl.java:533)
	at java.base/sun.nio.ch.NioSocketImpl.connect(NioSocketImpl.java:583)
	at java.base/java.net.SocksSocketImpl.connect(SocksSocketImpl.java:282)
	at java.base/java.net.Socket.connect(Socket.java:665)
	at org.apache.hc.client5.http.impl.io.DefaultHttpClientConnectionOperator.connect(DefaultHttpClientConnectionOperator.java:205)
	at org.apache.hc.client5.http.impl.io.PoolingHttpClientConnectionManager.connect(PoolingHttpClientConnectionManager.java:490)
	at org.apache.hc.client5.http.impl.classic.InternalExecRuntime.connectEndpoint(InternalExecRuntime.java:164)
	at org.apache.hc.client5.http.impl.classic.InternalExecRuntime.connectEndpoint(InternalExecRuntime.java:174)
	at org.apache.hc.client5.http.impl.classic.ConnectExec.execute(ConnectExec.java:144)
	at org.apache.hc.client5.http.impl.classic.ExecChainElement.execute(ExecChainElement.java:51)
	at org.apache.hc.client5.http.impl.classic.ProtocolExec.execute(ProtocolExec.java:195)
	at org.apache.hc.client5.http.impl.classic.ExecChainElement.execute(ExecChainElement.java:51)
	at org.apache.hc.client5.http.impl.classic.ContentCompressionExec.execute(ContentCompressionExec.java:150)
	at org.apache.hc.client5.http.impl.classic.ExecChainElement.execute(ExecChainElement.java:51)
	at org.apache.hc.client5.http.impl.classic.HttpRequestRetryExec.execute(HttpRequestRetryExec.java:113)
	at org.apache.hc.client5.http.impl.classic.ExecChainElement.execute(ExecChainElement.java:51)
	at org.apache.hc.client5.http.impl.classic.RedirectExec.execute(RedirectExec.java:110)
	at org.apache.hc.client5.http.impl.classic.ExecChainElement.execute(ExecChainElement.java:51)
	at org.apache.hc.client5.http.impl.classic.InternalHttpClient.doExecute(InternalHttpClient.java:185)
	at org.apache.hc.client5.http.impl.classic.CloseableHttpClient.execute(CloseableHttpClient.java:87)
	at org.apache.hc.client5.http.impl.classic.CloseableHttpClient.execute(CloseableHttpClient.java:55)
	at org.apache.hc.client5.http.classic.HttpClient.executeOpen(HttpClient.java:183)
	at org.springframework.http.client.HttpComponentsClientHttpRequest.executeInternal(HttpComponentsClientHttpRequest.java:99)
	at org.springframework.http.client.AbstractStreamingClientHttpRequest.executeInternal(AbstractStreamingClientHttpRequest.java:71)
	at org.springframework.http.client.AbstractClientHttpRequest.execute(AbstractClientHttpRequest.java:81)
	at org.springframework.http.client.InterceptingClientHttpRequest$InterceptingRequestExecution.execute(InterceptingClientHttpRequest.java:117)
	at org.springframework.cloud.netflix.eureka.http.RestTemplateTransportClientFactory.lambda$restTemplate$2(RestTemplateTransportClientFactory.java:145)
	at org.springframework.http.client.InterceptingClientHttpRequest$InterceptingRequestExecution.execute(InterceptingClientHttpRequest.java:88)
	at org.springframework.http.client.InterceptingClientHttpRequest.executeInternal(InterceptingClientHttpRequest.java:72)
	at org.springframework.http.client.AbstractBufferingClientHttpRequest.executeInternal(AbstractBufferingClientHttpRequest.java:48)
	at org.springframework.http.client.AbstractClientHttpRequest.execute(AbstractClientHttpRequest.java:81)
	at org.springframework.web.client.RestTemplate.doExecute(RestTemplate.java:900)
	... 38 more

2025-10-29T21:22:10.436-03:00  WARN 13340 --- [SpringApplicationShutdownHook] c.n.d.s.t.d.RetryableEurekaHttpClient    : Request execution failed with message: I/O error on DELETE request for "http://localhost:8761/eureka/apps/UNKNOWN/localhost:8082": Connect to http://localhost:8761 failed: Connection refused: getsockopt
2025-10-29T21:22:10.437-03:00 ERROR 13340 --- [SpringApplicationShutdownHook] com.netflix.discovery.DiscoveryClient    : DiscoveryClient_UNKNOWN/localhost:8082 - de-registration failedCannot execute request on any known server

com.netflix.discovery.shared.transport.TransportException: Cannot execute request on any known server
	at com.netflix.discovery.shared.transport.decorator.RetryableEurekaHttpClient.execute(RetryableEurekaHttpClient.java:112) ~[eureka-client-2.0.4.jar:2.0.4]
	at com.netflix.discovery.shared.transport.decorator.EurekaHttpClientDecorator.cancel(EurekaHttpClientDecorator.java:71) ~[eureka-client-2.0.4.jar:2.0.4]
	at com.netflix.discovery.shared.transport.decorator.EurekaHttpClientDecorator$2.execute(EurekaHttpClientDecorator.java:74) ~[eureka-client-2.0.4.jar:2.0.4]
	at com.netflix.discovery.shared.transport.decorator.SessionedEurekaHttpClient.execute(SessionedEurekaHttpClient.java:76) ~[eureka-client-2.0.4.jar:2.0.4]
	at com.netflix.discovery.shared.transport.decorator.EurekaHttpClientDecorator.cancel(EurekaHttpClientDecorator.java:71) ~[eureka-client-2.0.4.jar:2.0.4]
	at com.netflix.discovery.DiscoveryClient.unregister(DiscoveryClient.java:919) ~[eureka-client-2.0.4.jar:2.0.4]
	at com.netflix.discovery.DiscoveryClient.shutdown(DiscoveryClient.java:900) ~[eureka-client-2.0.4.jar:2.0.4]
	at java.base/jdk.internal.reflect.DirectMethodHandleAccessor.invoke(DirectMethodHandleAccessor.java:104) ~[na:na]
	at java.base/java.lang.reflect.Method.invoke(Method.java:565) ~[na:na]
	at org.springframework.beans.factory.annotation.InitDestroyAnnotationBeanPostProcessor$LifecycleMethod.invoke(InitDestroyAnnotationBeanPostProcessor.java:457) ~[spring-beans-6.2.10.jar:6.2.10]
	at org.springframework.beans.factory.annotation.InitDestroyAnnotationBeanPostProcessor$LifecycleMetadata.invokeDestroyMethods(InitDestroyAnnotationBeanPostProcessor.java:415) ~[spring-beans-6.2.10.jar:6.2.10]
	at org.springframework.beans.factory.annotation.InitDestroyAnnotationBeanPostProcessor.postProcessBeforeDestruction(InitDestroyAnnotationBeanPostProcessor.java:239) ~[spring-beans-6.2.10.jar:6.2.10]
	at org.springframework.beans.factory.support.DisposableBeanAdapter.destroy(DisposableBeanAdapter.java:202) ~[spring-beans-6.2.10.jar:6.2.10]
	at org.springframework.beans.factory.support.DisposableBeanAdapter.run(DisposableBeanAdapter.java:195) ~[spring-beans-6.2.10.jar:6.2.10]
	at org.springframework.cloud.context.scope.GenericScope$BeanLifecycleWrapper.destroy(GenericScope.java:387) ~[spring-cloud-context-4.3.0.jar:4.3.0]
	at org.springframework.cloud.context.scope.GenericScope.destroy(GenericScope.java:134) ~[spring-cloud-context-4.3.0.jar:4.3.0]
	at org.springframework.beans.factory.support.DisposableBeanAdapter.destroy(DisposableBeanAdapter.java:211) ~[spring-beans-6.2.10.jar:6.2.10]
	at org.springframework.beans.factory.support.DefaultSingletonBeanRegistry.destroyBean(DefaultSingletonBeanRegistry.java:798) ~[spring-beans-6.2.10.jar:6.2.10]
	at org.springframework.beans.factory.support.DefaultSingletonBeanRegistry.destroySingleton(DefaultSingletonBeanRegistry.java:748) ~[spring-beans-6.2.10.jar:6.2.10]
	at org.springframework.beans.factory.support.DefaultListableBeanFactory.destroySingleton(DefaultListableBeanFactory.java:1481) ~[spring-beans-6.2.10.jar:6.2.10]
	at org.springframework.beans.factory.support.DefaultSingletonBeanRegistry.destroySingletons(DefaultSingletonBeanRegistry.java:707) ~[spring-beans-6.2.10.jar:6.2.10]
	at org.springframework.beans.factory.support.DefaultListableBeanFactory.destroySingletons(DefaultListableBeanFactory.java:1474) ~[spring-beans-6.2.10.jar:6.2.10]
	at org.springframework.context.support.AbstractApplicationContext.destroyBeans(AbstractApplicationContext.java:1219) ~[spring-context-6.2.10.jar:6.2.10]
	at org.springframework.context.support.AbstractApplicationContext.doClose(AbstractApplicationContext.java:1180) ~[spring-context-6.2.10.jar:6.2.10]
	at org.springframework.boot.web.servlet.context.ServletWebServerApplicationContext.doClose(ServletWebServerApplicationContext.java:179) ~[spring-boot-3.5.5.jar:3.5.5]
	at org.springframework.context.support.AbstractApplicationContext.close(AbstractApplicationContext.java:1126) ~[spring-context-6.2.10.jar:6.2.10]
	at org.springframework.boot.SpringApplicationShutdownHook.closeAndWait(SpringApplicationShutdownHook.java:147) ~[spring-boot-3.5.5.jar:3.5.5]
	at java.base/java.lang.Iterable.forEach(Iterable.java:75) ~[na:na]
	at org.springframework.boot.SpringApplicationShutdownHook.run(SpringApplicationShutdownHook.java:116) ~[spring-boot-3.5.5.jar:3.5.5]
	at java.base/java.lang.Thread.run(Thread.java:1447) ~[na:na]

2025-10-29T21:22:10.437-03:00  INFO 13340 --- [SpringApplicationShutdownHook] com.netflix.discovery.DiscoveryClient    : Completed shut down of DiscoveryClient
2025-10-29T21:22:11.151-03:00  INFO 3324 --- [Proyecto-Venta] [SpringApplicationShutdownHook] com.netflix.discovery.DiscoveryClient    : Unregistering ...
2025-10-29T21:22:11.176-03:00  INFO 3324 --- [Proyecto-Venta] [SpringApplicationShutdownHook] c.n.d.s.t.d.RedirectingEurekaHttpClient  : Request execution error. endpoint=DefaultEndpoint{ serviceUrl='http://localhost:8761/eureka/}, exception=I/O error on DELETE request for "http://localhost:8761/eureka/apps/PROYECTO-VENTA/localhost:Proyecto-Venta:8081": Connect to http://localhost:8761 failed: Connection refused: getsockopt stacktrace=org.springframework.web.client.ResourceAccessException: I/O error on DELETE request for "http://localhost:8761/eureka/apps/PROYECTO-VENTA/localhost:Proyecto-Venta:8081": Connect to http://localhost:8761 failed: Connection refused: getsockopt
	at org.springframework.web.client.RestTemplate.createResourceAccessException(RestTemplate.java:926)
	at org.springframework.web.client.RestTemplate.doExecute(RestTemplate.java:906)
	at org.springframework.web.client.RestTemplate.execute(RestTemplate.java:841)
	at org.springframework.web.client.RestTemplate.exchange(RestTemplate.java:702)
	at org.springframework.cloud.netflix.eureka.http.RestTemplateEurekaHttpClient.cancel(RestTemplateEurekaHttpClient.java:100)
	at com.netflix.discovery.shared.transport.decorator.EurekaHttpClientDecorator$2.execute(EurekaHttpClientDecorator.java:74)
	at com.netflix.discovery.shared.transport.decorator.RedirectingEurekaHttpClient.executeOnNewServer(RedirectingEurekaHttpClient.java:121)
	at com.netflix.discovery.shared.transport.decorator.RedirectingEurekaHttpClient.execute(RedirectingEurekaHttpClient.java:80)
	at com.netflix.discovery.shared.transport.decorator.EurekaHttpClientDecorator.cancel(EurekaHttpClientDecorator.java:71)
	at com.netflix.discovery.shared.transport.decorator.EurekaHttpClientDecorator$2.execute(EurekaHttpClientDecorator.java:74)
	at com.netflix.discovery.shared.transport.decorator.RetryableEurekaHttpClient.execute(RetryableEurekaHttpClient.java:120)
	at com.netflix.discovery.shared.transport.decorator.EurekaHttpClientDecorator.cancel(EurekaHttpClientDecorator.java:71)
	at com.netflix.discovery.shared.transport.decorator.EurekaHttpClientDecorator$2.execute(EurekaHttpClientDecorator.java:74)
	at com.netflix.discovery.shared.transport.decorator.SessionedEurekaHttpClient.execute(SessionedEurekaHttpClient.java:76)
	at com.netflix.discovery.shared.transport.decorator.EurekaHttpClientDecorator.cancel(EurekaHttpClientDecorator.java:71)
	at com.netflix.discovery.DiscoveryClient.unregister(DiscoveryClient.java:919)
	at com.netflix.discovery.DiscoveryClient.shutdown(DiscoveryClient.java:900)
	at java.base/jdk.internal.reflect.DirectMethodHandleAccessor.invoke(DirectMethodHandleAccessor.java:104)
	at java.base/java.lang.reflect.Method.invoke(Method.java:565)
	at org.springframework.beans.factory.annotation.InitDestroyAnnotationBeanPostProcessor$LifecycleMethod.invoke(InitDestroyAnnotationBeanPostProcessor.java:457)
	at org.springframework.beans.factory.annotation.InitDestroyAnnotationBeanPostProcessor$LifecycleMetadata.invokeDestroyMethods(InitDestroyAnnotationBeanPostProcessor.java:415)
	at org.springframework.beans.factory.annotation.InitDestroyAnnotationBeanPostProcessor.postProcessBeforeDestruction(InitDestroyAnnotationBeanPostProcessor.java:239)
	at org.springframework.beans.factory.support.DisposableBeanAdapter.destroy(DisposableBeanAdapter.java:202)
	at org.springframework.beans.factory.support.DisposableBeanAdapter.run(DisposableBeanAdapter.java:195)
	at org.springframework.cloud.context.scope.GenericScope$BeanLifecycleWrapper.destroy(GenericScope.java:387)
	at org.springframework.cloud.context.scope.GenericScope.destroy(GenericScope.java:134)
	at org.springframework.beans.factory.support.DisposableBeanAdapter.destroy(DisposableBeanAdapter.java:211)
	at org.springframework.beans.factory.support.DefaultSingletonBeanRegistry.destroyBean(DefaultSingletonBeanRegistry.java:798)
	at org.springframework.beans.factory.support.DefaultSingletonBeanRegistry.destroySingleton(DefaultSingletonBeanRegistry.java:748)
	at org.springframework.beans.factory.support.DefaultListableBeanFactory.destroySingleton(DefaultListableBeanFactory.java:1481)
	at org.springframework.beans.factory.support.DefaultSingletonBeanRegistry.destroySingletons(DefaultSingletonBeanRegistry.java:707)
	at org.springframework.beans.factory.support.DefaultListableBeanFactory.destroySingletons(DefaultListableBeanFactory.java:1474)
	at org.springframework.context.support.AbstractApplicationContext.destroyBeans(AbstractApplicationContext.java:1219)
	at org.springframework.context.support.AbstractApplicationContext.doClose(AbstractApplicationContext.java:1180)
	at org.springframework.boot.web.servlet.context.ServletWebServerApplicationContext.doClose(ServletWebServerApplicationContext.java:179)
	at org.springframework.context.support.AbstractApplicationContext.close(AbstractApplicationContext.java:1126)
	at org.springframework.boot.SpringApplicationShutdownHook.closeAndWait(SpringApplicationShutdownHook.java:147)
	at java.base/java.lang.Iterable.forEach(Iterable.java:75)
	at org.springframework.boot.SpringApplicationShutdownHook.run(SpringApplicationShutdownHook.java:116)
	at java.base/java.lang.Thread.run(Thread.java:1447)
Caused by: org.apache.hc.client5.http.HttpHostConnectException: Connect to http://localhost:8761 failed: Connection refused: getsockopt
	at java.base/sun.nio.ch.Net.pollConnect(Native Method)
	at java.base/sun.nio.ch.Net.pollConnectNow(Net.java:628)
	at java.base/sun.nio.ch.NioSocketImpl.timedFinishConnect(NioSocketImpl.java:533)
	at java.base/sun.nio.ch.NioSocketImpl.connect(NioSocketImpl.java:583)
	at java.base/java.net.SocksSocketImpl.connect(SocksSocketImpl.java:282)
	at java.base/java.net.Socket.connect(Socket.java:665)
	at org.apache.hc.client5.http.impl.io.DefaultHttpClientConnectionOperator.connect(DefaultHttpClientConnectionOperator.java:205)
	at org.apache.hc.client5.http.impl.io.PoolingHttpClientConnectionManager.connect(PoolingHttpClientConnectionManager.java:490)
	at org.apache.hc.client5.http.impl.classic.InternalExecRuntime.connectEndpoint(InternalExecRuntime.java:164)
	at org.apache.hc.client5.http.impl.classic.InternalExecRuntime.connectEndpoint(InternalExecRuntime.java:174)
	at org.apache.hc.client5.http.impl.classic.ConnectExec.execute(ConnectExec.java:144)
	at org.apache.hc.client5.http.impl.classic.ExecChainElement.execute(ExecChainElement.java:51)
	at org.apache.hc.client5.http.impl.classic.ProtocolExec.execute(ProtocolExec.java:195)
	at org.apache.hc.client5.http.impl.classic.ExecChainElement.execute(ExecChainElement.java:51)
	at org.apache.hc.client5.http.impl.classic.ContentCompressionExec.execute(ContentCompressionExec.java:150)
	at org.apache.hc.client5.http.impl.classic.ExecChainElement.execute(ExecChainElement.java:51)
	at org.apache.hc.client5.http.impl.classic.HttpRequestRetryExec.execute(HttpRequestRetryExec.java:113)
	at org.apache.hc.client5.http.impl.classic.ExecChainElement.execute(ExecChainElement.java:51)
	at org.apache.hc.client5.http.impl.classic.RedirectExec.execute(RedirectExec.java:110)
	at org.apache.hc.client5.http.impl.classic.ExecChainElement.execute(ExecChainElement.java:51)
	at org.apache.hc.client5.http.impl.classic.InternalHttpClient.doExecute(InternalHttpClient.java:185)
	at org.apache.hc.client5.http.impl.classic.CloseableHttpClient.execute(CloseableHttpClient.java:87)
	at org.apache.hc.client5.http.impl.classic.CloseableHttpClient.execute(CloseableHttpClient.java:55)
	at org.apache.hc.client5.http.classic.HttpClient.executeOpen(HttpClient.java:183)
	at org.springframework.http.client.HttpComponentsClientHttpRequest.executeInternal(HttpComponentsClientHttpRequest.java:99)
	at org.springframework.http.client.AbstractStreamingClientHttpRequest.executeInternal(AbstractStreamingClientHttpRequest.java:71)
	at org.springframework.http.client.AbstractClientHttpRequest.execute(AbstractClientHttpRequest.java:81)
	at org.springframework.http.client.InterceptingClientHttpRequest$InterceptingRequestExecution.execute(InterceptingClientHttpRequest.java:117)
	at org.springframework.cloud.netflix.eureka.http.RestTemplateTransportClientFactory.lambda$restTemplate$2(RestTemplateTransportClientFactory.java:145)
	at org.springframework.http.client.InterceptingClientHttpRequest$InterceptingRequestExecution.execute(InterceptingClientHttpRequest.java:88)
	at org.springframework.http.client.InterceptingClientHttpRequest.executeInternal(InterceptingClientHttpRequest.java:72)
	at org.springframework.http.client.AbstractBufferingClientHttpRequest.executeInternal(AbstractBufferingClientHttpRequest.java:48)
	at org.springframework.http.client.AbstractClientHttpRequest.execute(AbstractClientHttpRequest.java:81)
	at org.springframework.web.client.RestTemplate.doExecute(RestTemplate.java:900)
	... 38 more

2025-10-29T21:22:11.176-03:00  WARN 3324 --- [Proyecto-Venta] [SpringApplicationShutdownHook] c.n.d.s.t.d.RetryableEurekaHttpClient    : Request execution failed with message: I/O error on DELETE request for "http://localhost:8761/eureka/apps/PROYECTO-VENTA/localhost:Proyecto-Venta:8081": Connect to http://localhost:8761 failed: Connection refused: getsockopt
2025-10-29T21:22:11.176-03:00 ERROR 3324 --- [Proyecto-Venta] [SpringApplicationShutdownHook] com.netflix.discovery.DiscoveryClient    : DiscoveryClient_PROYECTO-VENTA/localhost:Proyecto-Venta:8081 - de-registration failedCannot execute request on any known server

com.netflix.discovery.shared.transport.TransportException: Cannot execute request on any known server
	at com.netflix.discovery.shared.transport.decorator.RetryableEurekaHttpClient.execute(RetryableEurekaHttpClient.java:112) ~[eureka-client-2.0.4.jar:2.0.4]
	at com.netflix.discovery.shared.transport.decorator.EurekaHttpClientDecorator.cancel(EurekaHttpClientDecorator.java:71) ~[eureka-client-2.0.4.jar:2.0.4]
	at com.netflix.discovery.shared.transport.decorator.EurekaHttpClientDecorator$2.execute(EurekaHttpClientDecorator.java:74) ~[eureka-client-2.0.4.jar:2.0.4]
	at com.netflix.discovery.shared.transport.decorator.SessionedEurekaHttpClient.execute(SessionedEurekaHttpClient.java:76) ~[eureka-client-2.0.4.jar:2.0.4]
	at com.netflix.discovery.shared.transport.decorator.EurekaHttpClientDecorator.cancel(EurekaHttpClientDecorator.java:71) ~[eureka-client-2.0.4.jar:2.0.4]
	at com.netflix.discovery.DiscoveryClient.unregister(DiscoveryClient.java:919) ~[eureka-client-2.0.4.jar:2.0.4]
	at com.netflix.discovery.DiscoveryClient.shutdown(DiscoveryClient.java:900) ~[eureka-client-2.0.4.jar:2.0.4]
	at java.base/jdk.internal.reflect.DirectMethodHandleAccessor.invoke(DirectMethodHandleAccessor.java:104) ~[na:na]
	at java.base/java.lang.reflect.Method.invoke(Method.java:565) ~[na:na]
	at org.springframework.beans.factory.annotation.InitDestroyAnnotationBeanPostProcessor$LifecycleMethod.invoke(InitDestroyAnnotationBeanPostProcessor.java:457) ~[spring-beans-6.2.10.jar:6.2.10]
	at org.springframework.beans.factory.annotation.InitDestroyAnnotationBeanPostProcessor$LifecycleMetadata.invokeDestroyMethods(InitDestroyAnnotationBeanPostProcessor.java:415) ~[spring-beans-6.2.10.jar:6.2.10]
	at org.springframework.beans.factory.annotation.InitDestroyAnnotationBeanPostProcessor.postProcessBeforeDestruction(InitDestroyAnnotationBeanPostProcessor.java:239) ~[spring-beans-6.2.10.jar:6.2.10]
	at org.springframework.beans.factory.support.DisposableBeanAdapter.destroy(DisposableBeanAdapter.java:202) ~[spring-beans-6.2.10.jar:6.2.10]
	at org.springframework.beans.factory.support.DisposableBeanAdapter.run(DisposableBeanAdapter.java:195) ~[spring-beans-6.2.10.jar:6.2.10]
	at org.springframework.cloud.context.scope.GenericScope$BeanLifecycleWrapper.destroy(GenericScope.java:387) ~[spring-cloud-context-4.3.0.jar:4.3.0]
	at org.springframework.cloud.context.scope.GenericScope.destroy(GenericScope.java:134) ~[spring-cloud-context-4.3.0.jar:4.3.0]
	at org.springframework.beans.factory.support.DisposableBeanAdapter.destroy(DisposableBeanAdapter.java:211) ~[spring-beans-6.2.10.jar:6.2.10]
	at org.springframework.beans.factory.support.DefaultSingletonBeanRegistry.destroyBean(DefaultSingletonBeanRegistry.java:798) ~[spring-beans-6.2.10.jar:6.2.10]
	at org.springframework.beans.factory.support.DefaultSingletonBeanRegistry.destroySingleton(DefaultSingletonBeanRegistry.java:748) ~[spring-beans-6.2.10.jar:6.2.10]
	at org.springframework.beans.factory.support.DefaultListableBeanFactory.destroySingleton(DefaultListableBeanFactory.java:1481) ~[spring-beans-6.2.10.jar:6.2.10]
	at org.springframework.beans.factory.support.DefaultSingletonBeanRegistry.destroySingletons(DefaultSingletonBeanRegistry.java:707) ~[spring-beans-6.2.10.jar:6.2.10]
	at org.springframework.beans.factory.support.DefaultListableBeanFactory.destroySingletons(DefaultListableBeanFactory.java:1474) ~[spring-beans-6.2.10.jar:6.2.10]
	at org.springframework.context.support.AbstractApplicationContext.destroyBeans(AbstractApplicationContext.java:1219) ~[spring-context-6.2.10.jar:6.2.10]
	at org.springframework.context.support.AbstractApplicationContext.doClose(AbstractApplicationContext.java:1180) ~[spring-context-6.2.10.jar:6.2.10]
	at org.springframework.boot.web.servlet.context.ServletWebServerApplicationContext.doClose(ServletWebServerApplicationContext.java:179) ~[spring-boot-3.5.5.jar:3.5.5]
	at org.springframework.context.support.AbstractApplicationContext.close(AbstractApplicationContext.java:1126) ~[spring-context-6.2.10.jar:6.2.10]
	at org.springframework.boot.SpringApplicationShutdownHook.closeAndWait(SpringApplicationShutdownHook.java:147) ~[spring-boot-3.5.5.jar:3.5.5]
	at java.base/java.lang.Iterable.forEach(Iterable.java:75) ~[na:na]
	at org.springframework.boot.SpringApplicationShutdownHook.run(SpringApplicationShutdownHook.java:116) ~[spring-boot-3.5.5.jar:3.5.5]
	at java.base/java.lang.Thread.run(Thread.java:1447) ~[na:na]

2025-10-29T21:22:11.177-03:00  INFO 3324 --- [Proyecto-Venta] [SpringApplicationShutdownHook] com.netflix.discovery.DiscoveryClient    : Completed shut down of DiscoveryClient
2025-11-04T20:48:22.375-03:00  INFO 7744 --- [main] c.d.p.ProyectoDistriApplication          : Starting ProyectoDistriApplication using Java 24.0.2 with PID 7744 (C:\Sistema Web y Distribuido\SistemaWebYDistri\SistemaWebYDistribuido\ProyectoDistri\target\classes started by no684 in C:\Sistema Web y Distribuido\SistemaWebYDistri\SistemaWebYDistribuido)
2025-11-04T20:48:22.377-03:00  INFO 7744 --- [main] c.d.p.ProyectoDistriApplication          : No active profile set, falling back to 1 default profile: "default"
2025-11-04T20:48:23.623-03:00  INFO 7744 --- [main] .s.d.r.c.RepositoryConfigurationDelegate : Multiple Spring Data modules found, entering strict repository configuration mode
2025-11-04T20:48:23.625-03:00  INFO 7744 --- [main] .s.d.r.c.RepositoryConfigurationDelegate : Bootstrapping Spring Data JPA repositories in DEFAULT mode.
2025-11-04T20:48:23.769-03:00  INFO 7744 --- [main] .s.d.r.c.RepositoryConfigurationDelegate : Finished Spring Data repository scanning in 133 ms. Found 7 JPA repository interfaces.
2025-11-04T20:48:23.789-03:00  INFO 7744 --- [main] .s.d.r.c.RepositoryConfigurationDelegate : Multiple Spring Data modules found, entering strict repository configuration mode
2025-11-04T20:48:23.790-03:00  INFO 7744 --- [main] .s.d.r.c.RepositoryConfigurationDelegate : Bootstrapping Spring Data Redis repositories in DEFAULT mode.
2025-11-04T20:48:23.815-03:00  INFO 7744 --- [main] .RepositoryConfigurationExtensionSupport : Spring Data Redis - Could not safely identify store assignment for repository candidate interface com.distri.proyectodistri.apis.repository.CategoriaRepository; If you want this repository to be a Redis repository, consider annotating your entities with one of these annotations: org.springframework.data.redis.core.RedisHash (preferred), or consider extending one of the following types with your repository: org.springframework.data.keyvalue.repository.KeyValueRepository
2025-11-04T20:48:23.815-03:00  INFO 7744 --- [main] .RepositoryConfigurationExtensionSupport : Spring Data Redis - Could not safely identify store assignment for repository candidate interface com.distri.proyectodistri.apis.repository.ClienteRepository; If you want this repository to be a Redis repository, consider annotating your entities with one of these annotations: org.springframework.data.redis.core.RedisHash (preferred), or consider extending one of the following types with your repository: org.springframework.data.keyvalue.repository.KeyValueRepository
2025-11-04T20:48:23.816-03:00  INFO 7744 --- [main] .RepositoryConfigurationExtensionSupport : Spring Data Redis - Could not safely identify store assignment for repository candidate interface com.distri.proyectodistri.apis.repository.CompraRepository; If you want this repository to be a Redis repository, consider annotating your entities with one of these annotations: org.springframework.data.redis.core.RedisHash (preferred), or consider extending one of the following types with your repository: org.springframework.data.keyvalue.repository.KeyValueRepository
2025-11-04T20:48:23.816-03:00  INFO 7744 --- [main] .RepositoryConfigurationExtensionSupport : Spring Data Redis - Could not safely identify store assignment for repository candidate interface com.distri.proyectodistri.apis.repository.ProductoRepository; If you want this repository to be a Redis repository, consider annotating your entities with one of these annotations: org.springframework.data.redis.core.RedisHash (preferred), or consider extending one of the following types with your repository: org.springframework.data.keyvalue.repository.KeyValueRepository
2025-11-04T20:48:23.817-03:00  INFO 7744 --- [main] .RepositoryConfigurationExtensionSupport : Spring Data Redis - Could not safely identify store assignment for repository candidate interface com.distri.proyectodistri.apis.repository.ProveedorRepository; If you want this repository to be a Redis repository, consider annotating your entities with one of these annotations: org.springframework.data.redis.core.RedisHash (preferred), or consider extending one of the following types with your repository: org.springframework.data.keyvalue.repository.KeyValueRepository
2025-11-04T20:48:23.818-03:00  INFO 7744 --- [main] .RepositoryConfigurationExtensionSupport : Spring Data Redis - Could not safely identify store assignment for repository candidate interface com.distri.proyectodistri.apis.repository.RolRepository; If you want this repository to be a Redis repository, consider annotating your entities with one of these annotations: org.springframework.data.redis.core.RedisHash (preferred), or consider extending one of the following types with your repository: org.springframework.data.keyvalue.repository.KeyValueRepository
2025-11-04T20:48:23.818-03:00  INFO 7744 --- [main] .RepositoryConfigurationExtensionSupport : Spring Data Redis - Could not safely identify store assignment for repository candidate interface com.distri.proyectodistri.apis.repository.UsuarioRepository; If you want this repository to be a Redis repository, consider annotating your entities with one of these annotations: org.springframework.data.redis.core.RedisHash (preferred), or consider extending one of the following types with your repository: org.springframework.data.keyvalue.repository.KeyValueRepository
2025-11-04T20:48:23.818-03:00  INFO 7744 --- [main] .s.d.r.c.RepositoryConfigurationDelegate : Finished Spring Data repository scanning in 15 ms. Found 0 Redis repository interfaces.
2025-11-04T20:48:24.141-03:00  INFO 7744 --- [main] o.s.cloud.context.scope.GenericScope     : BeanFactory id=afee0740-69fb-3616-bee3-3c54b63173e1
2025-11-04T20:48:25.007-03:00  INFO 7744 --- [main] o.s.b.w.embedded.tomcat.TomcatWebServer  : Tomcat initialized with port 8082 (http)
2025-11-04T20:48:25.024-03:00  INFO 7744 --- [main] o.apache.catalina.core.StandardService   : Starting service [Tomcat]
2025-11-04T20:48:25.024-03:00  INFO 7744 --- [main] o.apache.catalina.core.StandardEngine    : Starting Servlet engine: [Apache Tomcat/10.1.44]
2025-11-04T20:48:25.125-03:00  INFO 7744 --- [main] o.a.c.c.C.[Tomcat].[localhost].[/]       : Initializing Spring embedded WebApplicationContext
2025-11-04T20:48:25.125-03:00  INFO 7744 --- [main] w.s.c.ServletWebServerApplicationContext : Root WebApplicationContext: initialization completed in 2701 ms
2025-11-04T20:48:25.366-03:00  INFO 7744 --- [main] com.zaxxer.hikari.HikariDataSource       : HikariPool-1 - Starting...
2025-11-04T20:48:27.124-03:00  INFO 7744 --- [main] com.zaxxer.hikari.pool.HikariPool        : HikariPool-1 - Added connection org.postgresql.jdbc.PgConnection@d0fabc8
2025-11-04T20:48:27.125-03:00  INFO 7744 --- [main] com.zaxxer.hikari.HikariDataSource       : HikariPool-1 - Start completed.
2025-11-04T20:48:28.302-03:00  INFO 7744 --- [main] liquibase.database                       : Set default schema name to public
2025-11-04T20:48:29.384-03:00  INFO 7744 --- [main] liquibase.changelog                      : Reading from public.databasechangelog
2025-11-04T20:48:31.253-03:00  INFO 7744 --- [main] liquibase.ui                             : Database is up to date, no changesets to execute
2025-11-04T20:48:31.418-03:00  INFO 7744 --- [main] liquibase.changelog                      : Reading from public.databasechangelog
2025-11-04T20:48:31.600-03:00  INFO 7744 --- [main] liquibase.util                           : UPDATE SUMMARY
2025-11-04T20:48:31.600-03:00  INFO 7744 --- [main] liquibase.util                           : Run:                          0
2025-11-04T20:48:31.600-03:00  INFO 7744 --- [main] liquibase.util                           : Previously run:              21
2025-11-04T20:48:31.600-03:00  INFO 7744 --- [main] liquibase.util                           : Filtered out:                 0
2025-11-04T20:48:31.600-03:00  INFO 7744 --- [main] liquibase.util                           : -------------------------------
2025-11-04T20:48:31.600-03:00  INFO 7744 --- [main] liquibase.util                           : Total change sets:           21
2025-11-04T20:48:31.602-03:00  INFO 7744 --- [main] liquibase.util                           : Update summary generated
2025-11-04T20:48:31.603-03:00  INFO 7744 --- [main] liquibase.command                        : Command execution complete
2025-11-04T20:48:31.688-03:00  INFO 20024 --- [proyecto-venta] [main] c.d.p.ProyectoVentaApplication           : Starting ProyectoVentaApplication using Java 24.0.2 with PID 20024 (C:\Sistema Web y Distribuido\SistemaWebYDistri\SistemaWebYDistribuido\Proyecto-Venta\target\classes started by no684 in C:\Sistema Web y Distribuido\SistemaWebYDistri\SistemaWebYDistribuido)
2025-11-04T20:48:31.690-03:00  INFO 20024 --- [proyecto-venta] [main] c.d.p.ProyectoVentaApplication           : No active profile set, falling back to 1 default profile: "default"
2025-11-04T20:48:32.693-03:00  INFO 20024 --- [proyecto-venta] [main] .s.d.r.c.RepositoryConfigurationDelegate : Multiple Spring Data modules found, entering strict repository configuration mode
2025-11-04T20:48:32.694-03:00  INFO 20024 --- [proyecto-venta] [main] .s.d.r.c.RepositoryConfigurationDelegate : Bootstrapping Spring Data JPA repositories in DEFAULT mode.
2025-11-04T20:48:32.820-03:00  INFO 20024 --- [proyecto-venta] [main] .s.d.r.c.RepositoryConfigurationDelegate : Finished Spring Data repository scanning in 119 ms. Found 8 JPA repository interfaces.
2025-11-04T20:48:32.835-03:00  INFO 20024 --- [proyecto-venta] [main] .s.d.r.c.RepositoryConfigurationDelegate : Multiple Spring Data modules found, entering strict repository configuration mode
2025-11-04T20:48:32.837-03:00  INFO 20024 --- [proyecto-venta] [main] .s.d.r.c.RepositoryConfigurationDelegate : Bootstrapping Spring Data Redis repositories in DEFAULT mode.
2025-11-04T20:48:32.852-03:00  INFO 20024 --- [proyecto-venta] [main] .RepositoryConfigurationExtensionSupport : Spring Data Redis - Could not safely identify store assignment for repository candidate interface com.distri.proyectoVenta.apis.repository.CategoriaRepository; If you want this repository to be a Redis repository, consider annotating your entities with one of these annotations: org.springframework.data.redis.core.RedisHash (preferred), or consider extending one of the following types with your repository: org.springframework.data.keyvalue.repository.KeyValueRepository
2025-11-04T20:48:32.853-03:00  INFO 20024 --- [proyecto-venta] [main] .RepositoryConfigurationExtensionSupport : Spring Data Redis - Could not safely identify store assignment for repository candidate interface com.distri.proyectoVenta.apis.repository.ClienteRepository; If you want this repository to be a Redis repository, consider annotating your entities with one of these annotations: org.springframework.data.redis.core.RedisHash (preferred), or consider extending one of the following types with your repository: org.springframework.data.keyvalue.repository.KeyValueRepository
2025-11-04T20:48:32.853-03:00  INFO 20024 --- [proyecto-venta] [main] .RepositoryConfigurationExtensionSupport : Spring Data Redis - Could not safely identify store assignment for repository candidate interface com.distri.proyectoVenta.apis.repository.ProductoRepository; If you want this repository to be a Redis repository, consider annotating your entities with one of these annotations: org.springframework.data.redis.core.RedisHash (preferred), or consider extending one of the following types with your repository: org.springframework.data.keyvalue.repository.KeyValueRepository
2025-11-04T20:48:32.853-03:00  INFO 20024 --- [proyecto-venta] [main] .RepositoryConfigurationExtensionSupport : Spring Data Redis - Could not safely identify store assignment for repository candidate interface com.distri.proyectoVenta.apis.repository.ProveedorRepository; If you want this repository to be a Redis repository, consider annotating your entities with one of these annotations: org.springframework.data.redis.core.RedisHash (preferred), or consider extending one of the following types with your repository: org.springframework.data.keyvalue.repository.KeyValueRepository
2025-11-04T20:48:32.853-03:00  INFO 20024 --- [proyecto-venta] [main] .RepositoryConfigurationExtensionSupport : Spring Data Redis - Could not safely identify store assignment for repository candidate interface com.distri.proyectoVenta.apis.repository.RolRepository; If you want this repository to be a Redis repository, consider annotating your entities with one of these annotations: org.springframework.data.redis.core.RedisHash (preferred), or consider extending one of the following types with your repository: org.springframework.data.keyvalue.repository.KeyValueRepository
2025-11-04T20:48:32.853-03:00  INFO 20024 --- [proyecto-venta] [main] .RepositoryConfigurationExtensionSupport : Spring Data Redis - Could not safely identify store assignment for repository candidate interface com.distri.proyectoVenta.apis.repository.UsuarioRepository; If you want this repository to be a Redis repository, consider annotating your entities with one of these annotations: org.springframework.data.redis.core.RedisHash (preferred), or consider extending one of the following types with your repository: org.springframework.data.keyvalue.repository.KeyValueRepository
2025-11-04T20:48:32.854-03:00  INFO 20024 --- [proyecto-venta] [main] .RepositoryConfigurationExtensionSupport : Spring Data Redis - Could not safely identify store assignment for repository candidate interface com.distri.proyectoVenta.apis.repository.VentaDetalleRepository; If you want this repository to be a Redis repository, consider annotating your entities with one of these annotations: org.springframework.data.redis.core.RedisHash (preferred), or consider extending one of the following types with your repository: org.springframework.data.keyvalue.repository.KeyValueRepository
2025-11-04T20:48:32.854-03:00  INFO 20024 --- [proyecto-venta] [main] .RepositoryConfigurationExtensionSupport : Spring Data Redis - Could not safely identify store assignment for repository candidate interface com.distri.proyectoVenta.apis.repository.VentaRepository; If you want this repository to be a Redis repository, consider annotating your entities with one of these annotations: org.springframework.data.redis.core.RedisHash (preferred), or consider extending one of the following types with your repository: org.springframework.data.keyvalue.repository.KeyValueRepository
2025-11-04T20:48:32.855-03:00  INFO 20024 --- [proyecto-venta] [main] .s.d.r.c.RepositoryConfigurationDelegate : Finished Spring Data repository scanning in 8 ms. Found 0 Redis repository interfaces.
2025-11-04T20:48:33.072-03:00  INFO 20024 --- [proyecto-venta] [main] o.s.cloud.context.scope.GenericScope     : BeanFactory id=69b5d56a-538d-35f2-a773-98033dd67aca
2025-11-04T20:48:33.320-03:00  INFO 7744 --- [main] o.hibernate.jpa.internal.util.LogHelper  : HHH000204: Processing PersistenceUnitInfo [name: default]
2025-11-04T20:48:33.359-03:00  INFO 7744 --- [main] org.hibernate.Version                    : HHH000412: Hibernate ORM core version 6.6.26.Final
2025-11-04T20:48:33.385-03:00  INFO 7744 --- [main] o.h.c.internal.RegionFactoryInitiator    : HHH000026: Second-level cache disabled
2025-11-04T20:48:33.448-03:00  INFO 20024 --- [proyecto-venta] [main] o.s.b.w.embedded.tomcat.TomcatWebServer  : Tomcat initialized with port 8081 (http)
2025-11-04T20:48:33.459-03:00  INFO 20024 --- [proyecto-venta] [main] o.apache.catalina.core.StandardService   : Starting service [Tomcat]
2025-11-04T20:48:33.459-03:00  INFO 20024 --- [proyecto-venta] [main] o.apache.catalina.core.StandardEngine    : Starting Servlet engine: [Apache Tomcat/10.1.44]
2025-11-04T20:48:33.511-03:00  INFO 20024 --- [proyecto-venta] [main] o.a.c.c.C.[Tomcat].[localhost].[/]       : Initializing Spring embedded WebApplicationContext
2025-11-04T20:48:33.512-03:00  INFO 20024 --- [proyecto-venta] [main] w.s.c.ServletWebServerApplicationContext : Root WebApplicationContext: initialization completed in 1782 ms
2025-11-04T20:48:33.619-03:00  INFO 7744 --- [main] o.s.o.j.p.SpringPersistenceUnitInfo      : No LoadTimeWeaver setup: ignoring JPA class transformer
2025-11-04T20:48:33.707-03:00  INFO 20024 --- [proyecto-venta] [main] o.hibernate.jpa.internal.util.LogHelper  : HHH000204: Processing PersistenceUnitInfo [name: default]
2025-11-04T20:48:33.769-03:00  INFO 20024 --- [proyecto-venta] [main] org.hibernate.Version                    : HHH000412: Hibernate ORM core version 6.6.26.Final
2025-11-04T20:48:33.798-03:00  INFO 20024 --- [proyecto-venta] [main] o.h.c.internal.RegionFactoryInitiator    : HHH000026: Second-level cache disabled
2025-11-04T20:48:34.013-03:00  INFO 20024 --- [proyecto-venta] [main] o.s.o.j.p.SpringPersistenceUnitInfo      : No LoadTimeWeaver setup: ignoring JPA class transformer
2025-11-04T20:48:34.039-03:00  WARN 20024 --- [proyecto-venta] [main] com.zaxxer.hikari.HikariConfig           : venta-pool - keepaliveTime is greater than or equal to maxLifetime, disabling it.
2025-11-04T20:48:34.039-03:00  INFO 20024 --- [proyecto-venta] [main] com.zaxxer.hikari.HikariDataSource       : venta-pool - Starting...
2025-11-04T20:48:34.195-03:00  INFO 7744 --- [main] org.hibernate.orm.connections.pooling    : HHH10001005: Database info:
	Database JDBC URL [Connecting through datasource 'HikariDataSource (HikariPool-1)']
	Database driver: undefined/unknown
	Database version: 17.6
	Autocommit mode: undefined/unknown
	Isolation level: undefined/unknown
	Minimum pool size: undefined/unknown
	Maximum pool size: undefined/unknown
2025-11-04T20:48:35.275-03:00  INFO 7744 --- [main] o.h.e.t.j.p.i.JtaPlatformInitiator       : HHH000489: No JTA platform available (set 'hibernate.transaction.jta.platform' to enable JTA platform integration)
2025-11-04T20:48:35.278-03:00  INFO 7744 --- [main] j.LocalContainerEntityManagerFactoryBean : Initialized JPA EntityManagerFactory for persistence unit 'default'
2025-11-04T20:48:35.760-03:00  INFO 7744 --- [main] o.s.d.j.r.query.QueryEnhancerFactory     : Hibernate is in classpath; If applicable, HQL parser will be used.
2025-11-04T20:48:36.746-03:00  WARN 7744 --- [main] JpaBaseConfiguration$JpaWebConfiguration : spring.jpa.open-in-view is enabled by default. Therefore, database queries may be performed during view rendering. Explicitly configure spring.jpa.open-in-view to disable this warning
2025-11-04T20:48:36.798-03:00  WARN 7744 --- [main] .s.s.UserDetailsServiceAutoConfiguration : 

Using generated security password: d552f76d-5eca-4cbd-904d-d846dd8f7174

This generated password is for development use only. Your security configuration must be updated before running your application in production.

2025-11-04T20:48:36.804-03:00  INFO 7744 --- [main] r$InitializeUserDetailsManagerConfigurer : Global AuthenticationManager configured with UserDetailsService bean with name inMemoryUserDetailsManager
2025-11-04T20:48:37.024-03:00  INFO 20024 --- [proyecto-venta] [main] com.zaxxer.hikari.HikariDataSource       : venta-pool - Start completed.
2025-11-04T20:48:37.703-03:00  INFO 7744 --- [main] DiscoveryClientOptionalArgsConfiguration : Eureka HTTP Client uses RestTemplate.
2025-11-04T20:48:37.738-03:00  WARN 7744 --- [main] iguration$LoadBalancerCaffeineWarnLogger : Spring Cloud LoadBalancer is currently working with the default cache. While this cache implementation is useful for development and tests, it's recommended to use Caffeine cache in production.You can switch to using Caffeine cache, by adding it and org.springframework.cache.caffeine.CaffeineCacheManager to the classpath.
2025-11-04T20:48:37.784-03:00  INFO 7744 --- [main] o.s.c.n.eureka.InstanceInfoFactory       : Setting initial instance status as: STARTING
2025-11-04T20:48:37.802-03:00  INFO 7744 --- [main] com.netflix.discovery.DiscoveryClient    : Initializing Eureka in region us-east-1
2025-11-04T20:48:37.806-03:00  INFO 7744 --- [main] c.n.d.s.r.aws.ConfigClusterResolver      : Resolving eureka endpoints via configuration
2025-11-04T20:48:37.817-03:00  INFO 7744 --- [main] com.netflix.discovery.DiscoveryClient    : Disable delta property : false
2025-11-04T20:48:37.817-03:00  INFO 7744 --- [main] com.netflix.discovery.DiscoveryClient    : Single vip registry refresh property : null
2025-11-04T20:48:37.817-03:00  INFO 7744 --- [main] com.netflix.discovery.DiscoveryClient    : Force full registry fetch : false
2025-11-04T20:48:37.817-03:00  INFO 7744 --- [main] com.netflix.discovery.DiscoveryClient    : Application is null : false
2025-11-04T20:48:37.817-03:00  INFO 7744 --- [main] com.netflix.discovery.DiscoveryClient    : Registered Applications size is zero : true
2025-11-04T20:48:37.817-03:00  INFO 7744 --- [main] com.netflix.discovery.DiscoveryClient    : Application version is -1: true
2025-11-04T20:48:37.817-03:00  INFO 7744 --- [main] com.netflix.discovery.DiscoveryClient    : Getting all instance registry info from the eureka server
2025-11-04T20:48:38.091-03:00  INFO 7744 --- [main] com.netflix.discovery.DiscoveryClient    : The response status is 200
2025-11-04T20:48:38.093-03:00  INFO 7744 --- [main] com.netflix.discovery.DiscoveryClient    : Starting heartbeat executor: renew interval is: 30
2025-11-04T20:48:38.094-03:00  INFO 7744 --- [main] c.n.discovery.InstanceInfoReplicator     : InstanceInfoReplicator onDemand update allowed rate per min is 4
2025-11-04T20:48:38.095-03:00  INFO 7744 --- [main] com.netflix.discovery.DiscoveryClient    : Discovery Client initialized at timestamp 1762300118095 with initial instances count: 1
2025-11-04T20:48:38.100-03:00  INFO 7744 --- [main] o.s.c.n.e.s.EurekaServiceRegistry        : Registering application UNKNOWN with eureka with status UP
2025-11-04T20:48:38.101-03:00  INFO 7744 --- [main] com.netflix.discovery.DiscoveryClient    : Saw local status change event StatusChangeEvent [timestamp=1762300118101, current=UP, previous=STARTING]
2025-11-04T20:48:38.102-03:00  INFO 7744 --- [DiscoveryClient-InstanceInfoReplicator-%d] com.netflix.discovery.DiscoveryClient    : DiscoveryClient_UNKNOWN/192.168.1.43:8082: registering service...
2025-11-04T20:48:38.118-03:00  INFO 7744 --- [main] o.s.b.w.embedded.tomcat.TomcatWebServer  : Tomcat started on port 8082 (http) with context path '/'
2025-11-04T20:48:38.118-03:00  INFO 7744 --- [main] .s.c.n.e.s.EurekaAutoServiceRegistration : Updating port to 8082
2025-11-04T20:48:38.129-03:00  INFO 7744 --- [main] c.d.p.ProyectoDistriApplication          : Started ProyectoDistriApplication in 16.471 seconds (process running for 17.358)
2025-11-04T20:48:38.136-03:00  INFO 7744 --- [DiscoveryClient-InstanceInfoReplicator-%d] com.netflix.discovery.DiscoveryClient    : DiscoveryClient_UNKNOWN/192.168.1.43:8082 - registration status: 204
2025-11-04T20:48:38.430-03:00  WARN 20024 --- [proyecto-venta] [main] org.hibernate.orm.deprecation            : HHH90000025: PostgreSQLDialect does not need to be specified explicitly using 'hibernate.dialect' (remove the property setting and it will be selected by default)
2025-11-04T20:48:38.946-03:00  INFO 20024 --- [proyecto-venta] [main] org.hibernate.orm.connections.pooling    : HHH10001005: Database info:
	Database JDBC URL [Connecting through datasource 'HikariDataSource (venta-pool)']
	Database driver: undefined/unknown
	Database version: 17.6
	Autocommit mode: undefined/unknown
	Isolation level: undefined/unknown
	Minimum pool size: undefined/unknown
	Maximum pool size: undefined/unknown
2025-11-04T20:48:39.741-03:00  INFO 20024 --- [proyecto-venta] [main] o.h.e.t.j.p.i.JtaPlatformInitiator       : HHH000489: No JTA platform available (set 'hibernate.transaction.jta.platform' to enable JTA platform integration)
2025-11-04T20:48:39.745-03:00  INFO 20024 --- [proyecto-venta] [main] j.LocalContainerEntityManagerFactoryBean : Initialized JPA EntityManagerFactory for persistence unit 'default'
2025-11-04T20:48:40.019-03:00  INFO 20024 --- [proyecto-venta] [main] o.s.d.j.r.query.QueryEnhancerFactory     : Hibernate is in classpath; If applicable, HQL parser will be used.
2025-11-04T20:48:40.687-03:00  WARN 20024 --- [proyecto-venta] [main] JpaBaseConfiguration$JpaWebConfiguration : spring.jpa.open-in-view is enabled by default. Therefore, database queries may be performed during view rendering. Explicitly configure spring.jpa.open-in-view to disable this warning
2025-11-04T20:48:40.735-03:00  WARN 20024 --- [proyecto-venta] [main] .s.s.UserDetailsServiceAutoConfiguration : 

Using generated security password: 24dbde51-8ceb-4829-8c16-65bd50b404f8

This generated password is for development use only. Your security configuration must be updated before running your application in production.

2025-11-04T20:48:40.740-03:00  INFO 20024 --- [proyecto-venta] [main] r$InitializeUserDetailsManagerConfigurer : Global AuthenticationManager configured with UserDetailsService bean with name inMemoryUserDetailsManager
2025-11-04T20:48:41.375-03:00  INFO 20024 --- [proyecto-venta] [main] DiscoveryClientOptionalArgsConfiguration : Eureka HTTP Client uses RestTemplate.
2025-11-04T20:48:41.408-03:00  WARN 20024 --- [proyecto-venta] [main] iguration$LoadBalancerCaffeineWarnLogger : Spring Cloud LoadBalancer is currently working with the default cache. While this cache implementation is useful for development and tests, it's recommended to use Caffeine cache in production.You can switch to using Caffeine cache, by adding it and org.springframework.cache.caffeine.CaffeineCacheManager to the classpath.
2025-11-04T20:48:41.448-03:00  INFO 20024 --- [proyecto-venta] [main] o.s.c.n.eureka.InstanceInfoFactory       : Setting initial instance status as: STARTING
2025-11-04T20:48:41.467-03:00  INFO 20024 --- [proyecto-venta] [main] com.netflix.discovery.DiscoveryClient    : Initializing Eureka in region us-east-1
2025-11-04T20:48:41.470-03:00  INFO 20024 --- [proyecto-venta] [main] c.n.d.s.r.aws.ConfigClusterResolver      : Resolving eureka endpoints via configuration
2025-11-04T20:48:41.478-03:00  INFO 20024 --- [proyecto-venta] [main] com.netflix.discovery.DiscoveryClient    : Disable delta property : false
2025-11-04T20:48:41.479-03:00  INFO 20024 --- [proyecto-venta] [main] com.netflix.discovery.DiscoveryClient    : Single vip registry refresh property : null
2025-11-04T20:48:41.479-03:00  INFO 20024 --- [proyecto-venta] [main] com.netflix.discovery.DiscoveryClient    : Force full registry fetch : false
2025-11-04T20:48:41.479-03:00  INFO 20024 --- [proyecto-venta] [main] com.netflix.discovery.DiscoveryClient    : Application is null : false
2025-11-04T20:48:41.479-03:00  INFO 20024 --- [proyecto-venta] [main] com.netflix.discovery.DiscoveryClient    : Registered Applications size is zero : true
2025-11-04T20:48:41.479-03:00  INFO 20024 --- [proyecto-venta] [main] com.netflix.discovery.DiscoveryClient    : Application version is -1: true
2025-11-04T20:48:41.479-03:00  INFO 20024 --- [proyecto-venta] [main] com.netflix.discovery.DiscoveryClient    : Getting all instance registry info from the eureka server
2025-11-04T20:48:41.716-03:00  INFO 20024 --- [proyecto-venta] [main] com.netflix.discovery.DiscoveryClient    : The response status is 200
2025-11-04T20:48:41.718-03:00  INFO 20024 --- [proyecto-venta] [main] com.netflix.discovery.DiscoveryClient    : Starting heartbeat executor: renew interval is: 30
2025-11-04T20:48:41.719-03:00  INFO 20024 --- [proyecto-venta] [main] c.n.discovery.InstanceInfoReplicator     : InstanceInfoReplicator onDemand update allowed rate per min is 4
2025-11-04T20:48:41.720-03:00  INFO 20024 --- [proyecto-venta] [main] com.netflix.discovery.DiscoveryClient    : Discovery Client initialized at timestamp 1762300121720 with initial instances count: 1
2025-11-04T20:48:41.724-03:00  INFO 20024 --- [proyecto-venta] [main] o.s.c.n.e.s.EurekaServiceRegistry        : Registering application PROYECTO-VENTA with eureka with status UP
2025-11-04T20:48:41.724-03:00  INFO 20024 --- [proyecto-venta] [main] com.netflix.discovery.DiscoveryClient    : Saw local status change event StatusChangeEvent [timestamp=1762300121724, current=UP, previous=STARTING]
2025-11-04T20:48:41.725-03:00  INFO 20024 --- [proyecto-venta] [DiscoveryClient-InstanceInfoReplicator-%d] com.netflix.discovery.DiscoveryClient    : DiscoveryClient_PROYECTO-VENTA/192.168.1.43:proyecto-venta:8081: registering service...
2025-11-04T20:48:41.745-03:00  INFO 20024 --- [proyecto-venta] [main] o.s.b.w.embedded.tomcat.TomcatWebServer  : Tomcat started on port 8081 (http) with context path '/'
2025-11-04T20:48:41.746-03:00  INFO 20024 --- [proyecto-venta] [main] .s.c.n.e.s.EurekaAutoServiceRegistration : Updating port to 8081
2025-11-04T20:48:41.756-03:00  INFO 20024 --- [proyecto-venta] [main] c.d.p.ProyectoVentaApplication           : Started ProyectoVentaApplication in 10.477 seconds (process running for 11.412)
2025-11-04T20:48:41.763-03:00  INFO 20024 --- [proyecto-venta] [DiscoveryClient-InstanceInfoReplicator-%d] com.netflix.discovery.DiscoveryClient    : DiscoveryClient_PROYECTO-VENTA/192.168.1.43:proyecto-venta:8081 - registration status: 204
2025-11-04T20:49:19.596-03:00  INFO 20024 --- [proyecto-venta] [http-nio-8081-exec-2] o.a.c.c.C.[Tomcat].[localhost].[/]       : Initializing Spring DispatcherServlet 'dispatcherServlet'
2025-11-04T20:49:19.597-03:00  INFO 20024 --- [proyecto-venta] [http-nio-8081-exec-2] o.s.web.servlet.DispatcherServlet        : Initializing Servlet 'dispatcherServlet'
2025-11-04T20:49:19.598-03:00  INFO 20024 --- [proyecto-venta] [http-nio-8081-exec-2] o.s.web.servlet.DispatcherServlet        : Completed initialization in 1 ms
2025-11-04T20:50:22.594-03:00  INFO 7744 --- [http-nio-8082-exec-2] o.a.c.c.C.[Tomcat].[localhost].[/]       : Initializing Spring DispatcherServlet 'dispatcherServlet'
2025-11-04T20:50:22.595-03:00  INFO 7744 --- [http-nio-8082-exec-2] o.s.web.servlet.DispatcherServlet        : Initializing Servlet 'dispatcherServlet'
2025-11-04T20:50:22.597-03:00  INFO 7744 --- [http-nio-8082-exec-2] o.s.web.servlet.DispatcherServlet        : Completed initialization in 2 ms
2025-11-04T20:50:22.719-03:00  INFO 7744 --- [http-nio-8082-exec-2] c.d.p.apis.controller.CompraController   : GET /compras/3
2025-11-04T20:50:23.215-03:00 DEBUG 7744 --- [http-nio-8082-exec-2] com.distri.cache                         : [CACHE GET] sd key=api_compra_3
2025-11-04T20:50:23.387-03:00 DEBUG 7744 --- [http-nio-8082-exec-2] c.d.p.apis.service.CompraService         : Obteniendo compra por id: 3
2025-11-04T20:50:23.437-03:00 DEBUG 7744 --- [http-nio-8082-exec-2] org.hibernate.SQL                        : select c1_0.id,c1_0.activo,c1_0.creado_en,c1_0.estado,c1_0.fecha_emision,c1_0.iva,c1_0.numero,c1_0.proveedor_id,c1_0.serie,c1_0.subtotal,c1_0.total from compra c1_0 where c1_0.id=? and (c1_0.activo = true)
2025-11-04T20:50:23.440-03:00 TRACE 7744 --- [http-nio-8082-exec-2] org.hibernate.orm.jdbc.bind              : binding parameter (1:BIGINT) <- [3]
2025-11-04T20:50:23.674-03:00 DEBUG 7744 --- [http-nio-8082-exec-2] c.d.p.apis.service.CompraService         : Compra encontrada por id: com.distri.proyectodistri.apis.entities.compra.Compra@4eb8761
2025-11-04T20:50:23.867-03:00 DEBUG 7744 --- [http-nio-8082-exec-2] com.distri.cache                         : [CACHE PUT] sd key=api_compra_3
2025-11-04T20:53:37.820-03:00  INFO 7744 --- [AsyncResolver-bootstrap-executor-%d] c.n.d.s.r.aws.ConfigClusterResolver      : Resolving eureka endpoints via configuration
2025-11-04T20:53:41.482-03:00  INFO 20024 --- [proyecto-venta] [AsyncResolver-bootstrap-executor-%d] c.n.d.s.r.aws.ConfigClusterResolver      : Resolving eureka endpoints via configuration
